
build/fm1-diag.elf:	file format ELF32-pi32v2

Disassembly of section .text:
_start:
 2000120:    04 81             	goto 2 <_start+0x4 : 2000124 >
 2000122:    80 00             	rts
 2000124:    64 e0 00 1b       	r1 = icfg
 2000128:    64 e0 00 25       	r2 = psr
 200012c:    60 00             	cli
 200012e:    c3 ff 00 7f c0 01 	r3 = 29392640 <_rt_end+0x73B8 : 1c07f00 >
 2000134:    b1 68             	[r3+32] = r1
 2000136:    b2 69             	[r3+36] = r2
 2000138:    b0 6a             	[r3+40] = r0
 200013a:    64 e0 00 1e       	r1 = sp
 200013e:    b1 6b             	[r3+44] = r1
 2000140:    64 e0 00 1d       	r1 = ssp
 2000144:    b1 6c             	[r3+48] = r1
 2000146:    ee ff 00 a0 c7 01 	sp = 29859840
 200014c:    ed ff 00 c0 c7 01 	ssp = 29868032
 2000152:    80 ea 2c 0e       	call 7256 <fm1_cstart : 2001dae >
 2000156:    f7 9f             	goto -2 <_start+0x36 : 2000156 >


fm1_fatal_stubs:
 2000158:    c8 04             	[--sp] = {rets}
 200015a:    80 ea 7d 01       	call 762 <fm1_fatal_common : 2000458 >
 200015e:    c8 04             	[--sp] = {rets}
 2000160:    80 ea 7a 01       	call 756 <fm1_fatal_common : 2000458 >
 2000164:    c8 04             	[--sp] = {rets}
 2000166:    80 ea 77 01       	call 750 <fm1_fatal_common : 2000458 >
 200016a:    c8 04             	[--sp] = {rets}
 200016c:    80 ea 74 01       	call 744 <fm1_fatal_common : 2000458 >
 2000170:    c8 04             	[--sp] = {rets}
 2000172:    80 ea 71 01       	call 738 <fm1_fatal_common : 2000458 >
 2000176:    c8 04             	[--sp] = {rets}
 2000178:    80 ea 6e 01       	call 732 <fm1_fatal_common : 2000458 >
 200017c:    c8 04             	[--sp] = {rets}
 200017e:    80 ea 6b 01       	call 726 <fm1_fatal_common : 2000458 >
 2000182:    c8 04             	[--sp] = {rets}
 2000184:    80 ea 68 01       	call 720 <fm1_fatal_common : 2000458 >
 2000188:    c8 04             	[--sp] = {rets}
 200018a:    80 ea 65 01       	call 714 <fm1_fatal_common : 2000458 >
 200018e:    c8 04             	[--sp] = {rets}
 2000190:    80 ea 62 01       	call 708 <fm1_fatal_common : 2000458 >
 2000194:    c8 04             	[--sp] = {rets}
 2000196:    80 ea 5f 01       	call 702 <fm1_fatal_common : 2000458 >
 200019a:    c8 04             	[--sp] = {rets}
 200019c:    80 ea 5c 01       	call 696 <fm1_fatal_common : 2000458 >
 20001a0:    c8 04             	[--sp] = {rets}
 20001a2:    80 ea 59 01       	call 690 <fm1_fatal_common : 2000458 >
 20001a6:    c8 04             	[--sp] = {rets}
 20001a8:    80 ea 56 01       	call 684 <fm1_fatal_common : 2000458 >
 20001ac:    c8 04             	[--sp] = {rets}
 20001ae:    80 ea 53 01       	call 678 <fm1_fatal_common : 2000458 >
 20001b2:    c8 04             	[--sp] = {rets}
 20001b4:    80 ea 50 01       	call 672 <fm1_fatal_common : 2000458 >
 20001b8:    c8 04             	[--sp] = {rets}
 20001ba:    80 ea 4d 01       	call 666 <fm1_fatal_common : 2000458 >
 20001be:    c8 04             	[--sp] = {rets}
 20001c0:    80 ea 4a 01       	call 660 <fm1_fatal_common : 2000458 >
 20001c4:    c8 04             	[--sp] = {rets}
 20001c6:    80 ea 47 01       	call 654 <fm1_fatal_common : 2000458 >
 20001ca:    c8 04             	[--sp] = {rets}
 20001cc:    80 ea 44 01       	call 648 <fm1_fatal_common : 2000458 >
 20001d0:    c8 04             	[--sp] = {rets}
 20001d2:    80 ea 41 01       	call 642 <fm1_fatal_common : 2000458 >
 20001d6:    c8 04             	[--sp] = {rets}
 20001d8:    80 ea 3e 01       	call 636 <fm1_fatal_common : 2000458 >
 20001dc:    c8 04             	[--sp] = {rets}
 20001de:    80 ea 3b 01       	call 630 <fm1_fatal_common : 2000458 >
 20001e2:    c8 04             	[--sp] = {rets}
 20001e4:    80 ea 38 01       	call 624 <fm1_fatal_common : 2000458 >
 20001e8:    c8 04             	[--sp] = {rets}
 20001ea:    80 ea 35 01       	call 618 <fm1_fatal_common : 2000458 >
 20001ee:    c8 04             	[--sp] = {rets}
 20001f0:    80 ea 32 01       	call 612 <fm1_fatal_common : 2000458 >
 20001f4:    c8 04             	[--sp] = {rets}
 20001f6:    80 ea 2f 01       	call 606 <fm1_fatal_common : 2000458 >
 20001fa:    c8 04             	[--sp] = {rets}
 20001fc:    80 ea 2c 01       	call 600 <fm1_fatal_common : 2000458 >
 2000200:    c8 04             	[--sp] = {rets}
 2000202:    80 ea 29 01       	call 594 <fm1_fatal_common : 2000458 >
 2000206:    c8 04             	[--sp] = {rets}
 2000208:    80 ea 26 01       	call 588 <fm1_fatal_common : 2000458 >
 200020c:    c8 04             	[--sp] = {rets}
 200020e:    80 ea 23 01       	call 582 <fm1_fatal_common : 2000458 >
 2000212:    c8 04             	[--sp] = {rets}
 2000214:    80 ea 20 01       	call 576 <fm1_fatal_common : 2000458 >
 2000218:    c8 04             	[--sp] = {rets}
 200021a:    80 ea 1d 01       	call 570 <fm1_fatal_common : 2000458 >
 200021e:    c8 04             	[--sp] = {rets}
 2000220:    80 ea 1a 01       	call 564 <fm1_fatal_common : 2000458 >
 2000224:    c8 04             	[--sp] = {rets}
 2000226:    80 ea 17 01       	call 558 <fm1_fatal_common : 2000458 >
 200022a:    c8 04             	[--sp] = {rets}
 200022c:    80 ea 14 01       	call 552 <fm1_fatal_common : 2000458 >
 2000230:    c8 04             	[--sp] = {rets}
 2000232:    80 ea 11 01       	call 546 <fm1_fatal_common : 2000458 >
 2000236:    c8 04             	[--sp] = {rets}
 2000238:    80 ea 0e 01       	call 540 <fm1_fatal_common : 2000458 >
 200023c:    c8 04             	[--sp] = {rets}
 200023e:    80 ea 0b 01       	call 534 <fm1_fatal_common : 2000458 >
 2000242:    c8 04             	[--sp] = {rets}
 2000244:    80 ea 08 01       	call 528 <fm1_fatal_common : 2000458 >
 2000248:    c8 04             	[--sp] = {rets}
 200024a:    80 ea 05 01       	call 522 <fm1_fatal_common : 2000458 >
 200024e:    c8 04             	[--sp] = {rets}
 2000250:    80 ea 02 01       	call 516 <fm1_fatal_common : 2000458 >
 2000254:    c8 04             	[--sp] = {rets}
 2000256:    80 ea ff 00       	call 510 <fm1_fatal_common : 2000458 >
 200025a:    c8 04             	[--sp] = {rets}
 200025c:    80 ea fc 00       	call 504 <fm1_fatal_common : 2000458 >
 2000260:    c8 04             	[--sp] = {rets}
 2000262:    80 ea f9 00       	call 498 <fm1_fatal_common : 2000458 >
 2000266:    c8 04             	[--sp] = {rets}
 2000268:    80 ea f6 00       	call 492 <fm1_fatal_common : 2000458 >
 200026c:    c8 04             	[--sp] = {rets}
 200026e:    80 ea f3 00       	call 486 <fm1_fatal_common : 2000458 >
 2000272:    c8 04             	[--sp] = {rets}
 2000274:    80 ea f0 00       	call 480 <fm1_fatal_common : 2000458 >
 2000278:    c8 04             	[--sp] = {rets}
 200027a:    80 ea ed 00       	call 474 <fm1_fatal_common : 2000458 >
 200027e:    c8 04             	[--sp] = {rets}
 2000280:    80 ea ea 00       	call 468 <fm1_fatal_common : 2000458 >
 2000284:    c8 04             	[--sp] = {rets}
 2000286:    80 ea e7 00       	call 462 <fm1_fatal_common : 2000458 >
 200028a:    c8 04             	[--sp] = {rets}
 200028c:    80 ea e4 00       	call 456 <fm1_fatal_common : 2000458 >
 2000290:    c8 04             	[--sp] = {rets}
 2000292:    80 ea e1 00       	call 450 <fm1_fatal_common : 2000458 >
 2000296:    c8 04             	[--sp] = {rets}
 2000298:    80 ea de 00       	call 444 <fm1_fatal_common : 2000458 >
 200029c:    c8 04             	[--sp] = {rets}
 200029e:    80 ea db 00       	call 438 <fm1_fatal_common : 2000458 >
 20002a2:    c8 04             	[--sp] = {rets}
 20002a4:    80 ea d8 00       	call 432 <fm1_fatal_common : 2000458 >
 20002a8:    c8 04             	[--sp] = {rets}
 20002aa:    80 ea d5 00       	call 426 <fm1_fatal_common : 2000458 >
 20002ae:    c8 04             	[--sp] = {rets}
 20002b0:    80 ea d2 00       	call 420 <fm1_fatal_common : 2000458 >
 20002b4:    c8 04             	[--sp] = {rets}
 20002b6:    80 ea cf 00       	call 414 <fm1_fatal_common : 2000458 >
 20002ba:    c8 04             	[--sp] = {rets}
 20002bc:    80 ea cc 00       	call 408 <fm1_fatal_common : 2000458 >
 20002c0:    c8 04             	[--sp] = {rets}
 20002c2:    80 ea c9 00       	call 402 <fm1_fatal_common : 2000458 >
 20002c6:    c8 04             	[--sp] = {rets}
 20002c8:    80 ea c6 00       	call 396 <fm1_fatal_common : 2000458 >
 20002cc:    c8 04             	[--sp] = {rets}
 20002ce:    80 ea c3 00       	call 390 <fm1_fatal_common : 2000458 >
 20002d2:    c8 04             	[--sp] = {rets}
 20002d4:    80 ea c0 00       	call 384 <fm1_fatal_common : 2000458 >
 20002d8:    c8 04             	[--sp] = {rets}
 20002da:    80 ea bd 00       	call 378 <fm1_fatal_common : 2000458 >
 20002de:    c8 04             	[--sp] = {rets}
 20002e0:    80 ea ba 00       	call 372 <fm1_fatal_common : 2000458 >
 20002e4:    c8 04             	[--sp] = {rets}
 20002e6:    80 ea b7 00       	call 366 <fm1_fatal_common : 2000458 >
 20002ea:    c8 04             	[--sp] = {rets}
 20002ec:    80 ea b4 00       	call 360 <fm1_fatal_common : 2000458 >
 20002f0:    c8 04             	[--sp] = {rets}
 20002f2:    80 ea b1 00       	call 354 <fm1_fatal_common : 2000458 >
 20002f6:    c8 04             	[--sp] = {rets}
 20002f8:    80 ea ae 00       	call 348 <fm1_fatal_common : 2000458 >
 20002fc:    c8 04             	[--sp] = {rets}
 20002fe:    80 ea ab 00       	call 342 <fm1_fatal_common : 2000458 >
 2000302:    c8 04             	[--sp] = {rets}
 2000304:    80 ea a8 00       	call 336 <fm1_fatal_common : 2000458 >
 2000308:    c8 04             	[--sp] = {rets}
 200030a:    80 ea a5 00       	call 330 <fm1_fatal_common : 2000458 >
 200030e:    c8 04             	[--sp] = {rets}
 2000310:    80 ea a2 00       	call 324 <fm1_fatal_common : 2000458 >
 2000314:    c8 04             	[--sp] = {rets}
 2000316:    80 ea 9f 00       	call 318 <fm1_fatal_common : 2000458 >
 200031a:    c8 04             	[--sp] = {rets}
 200031c:    80 ea 9c 00       	call 312 <fm1_fatal_common : 2000458 >
 2000320:    c8 04             	[--sp] = {rets}
 2000322:    80 ea 99 00       	call 306 <fm1_fatal_common : 2000458 >
 2000326:    c8 04             	[--sp] = {rets}
 2000328:    80 ea 96 00       	call 300 <fm1_fatal_common : 2000458 >
 200032c:    c8 04             	[--sp] = {rets}
 200032e:    80 ea 93 00       	call 294 <fm1_fatal_common : 2000458 >
 2000332:    c8 04             	[--sp] = {rets}
 2000334:    80 ea 90 00       	call 288 <fm1_fatal_common : 2000458 >
 2000338:    c8 04             	[--sp] = {rets}
 200033a:    80 ea 8d 00       	call 282 <fm1_fatal_common : 2000458 >
 200033e:    c8 04             	[--sp] = {rets}
 2000340:    80 ea 8a 00       	call 276 <fm1_fatal_common : 2000458 >
 2000344:    c8 04             	[--sp] = {rets}
 2000346:    80 ea 87 00       	call 270 <fm1_fatal_common : 2000458 >
 200034a:    c8 04             	[--sp] = {rets}
 200034c:    80 ea 84 00       	call 264 <fm1_fatal_common : 2000458 >
 2000350:    c8 04             	[--sp] = {rets}
 2000352:    80 ea 81 00       	call 258 <fm1_fatal_common : 2000458 >
 2000356:    c8 04             	[--sp] = {rets}
 2000358:    80 ea 7e 00       	call 252 <fm1_fatal_common : 2000458 >
 200035c:    c8 04             	[--sp] = {rets}
 200035e:    80 ea 7b 00       	call 246 <fm1_fatal_common : 2000458 >
 2000362:    c8 04             	[--sp] = {rets}
 2000364:    80 ea 78 00       	call 240 <fm1_fatal_common : 2000458 >
 2000368:    c8 04             	[--sp] = {rets}
 200036a:    80 ea 75 00       	call 234 <fm1_fatal_common : 2000458 >
 200036e:    c8 04             	[--sp] = {rets}
 2000370:    80 ea 72 00       	call 228 <fm1_fatal_common : 2000458 >
 2000374:    c8 04             	[--sp] = {rets}
 2000376:    80 ea 6f 00       	call 222 <fm1_fatal_common : 2000458 >
 200037a:    c8 04             	[--sp] = {rets}
 200037c:    80 ea 6c 00       	call 216 <fm1_fatal_common : 2000458 >
 2000380:    c8 04             	[--sp] = {rets}
 2000382:    80 ea 69 00       	call 210 <fm1_fatal_common : 2000458 >
 2000386:    c8 04             	[--sp] = {rets}
 2000388:    80 ea 66 00       	call 204 <fm1_fatal_common : 2000458 >
 200038c:    c8 04             	[--sp] = {rets}
 200038e:    80 ea 63 00       	call 198 <fm1_fatal_common : 2000458 >
 2000392:    c8 04             	[--sp] = {rets}
 2000394:    80 ea 60 00       	call 192 <fm1_fatal_common : 2000458 >
 2000398:    c8 04             	[--sp] = {rets}
 200039a:    80 ea 5d 00       	call 186 <fm1_fatal_common : 2000458 >
 200039e:    c8 04             	[--sp] = {rets}
 20003a0:    80 ea 5a 00       	call 180 <fm1_fatal_common : 2000458 >
 20003a4:    c8 04             	[--sp] = {rets}
 20003a6:    80 ea 57 00       	call 174 <fm1_fatal_common : 2000458 >
 20003aa:    c8 04             	[--sp] = {rets}
 20003ac:    80 ea 54 00       	call 168 <fm1_fatal_common : 2000458 >
 20003b0:    c8 04             	[--sp] = {rets}
 20003b2:    80 ea 51 00       	call 162 <fm1_fatal_common : 2000458 >
 20003b6:    c8 04             	[--sp] = {rets}
 20003b8:    80 ea 4e 00       	call 156 <fm1_fatal_common : 2000458 >
 20003bc:    c8 04             	[--sp] = {rets}
 20003be:    80 ea 4b 00       	call 150 <fm1_fatal_common : 2000458 >
 20003c2:    c8 04             	[--sp] = {rets}
 20003c4:    80 ea 48 00       	call 144 <fm1_fatal_common : 2000458 >
 20003c8:    c8 04             	[--sp] = {rets}
 20003ca:    80 ea 45 00       	call 138 <fm1_fatal_common : 2000458 >
 20003ce:    c8 04             	[--sp] = {rets}
 20003d0:    80 ea 42 00       	call 132 <fm1_fatal_common : 2000458 >
 20003d4:    c8 04             	[--sp] = {rets}
 20003d6:    80 ea 3f 00       	call 126 <fm1_fatal_common : 2000458 >
 20003da:    c8 04             	[--sp] = {rets}
 20003dc:    80 ea 3c 00       	call 120 <fm1_fatal_common : 2000458 >
 20003e0:    c8 04             	[--sp] = {rets}
 20003e2:    80 ea 39 00       	call 114 <fm1_fatal_common : 2000458 >
 20003e6:    c8 04             	[--sp] = {rets}
 20003e8:    80 ea 36 00       	call 108 <fm1_fatal_common : 2000458 >
 20003ec:    c8 04             	[--sp] = {rets}
 20003ee:    80 ea 33 00       	call 102 <fm1_fatal_common : 2000458 >
 20003f2:    c8 04             	[--sp] = {rets}
 20003f4:    80 ea 30 00       	call 96 <fm1_fatal_common : 2000458 >
 20003f8:    c8 04             	[--sp] = {rets}
 20003fa:    80 ea 2d 00       	call 90 <fm1_fatal_common : 2000458 >
 20003fe:    c8 04             	[--sp] = {rets}
 2000400:    80 ea 2a 00       	call 84 <fm1_fatal_common : 2000458 >
 2000404:    c8 04             	[--sp] = {rets}
 2000406:    80 ea 27 00       	call 78 <fm1_fatal_common : 2000458 >
 200040a:    c8 04             	[--sp] = {rets}
 200040c:    80 ea 24 00       	call 72 <fm1_fatal_common : 2000458 >
 2000410:    c8 04             	[--sp] = {rets}
 2000412:    80 ea 21 00       	call 66 <fm1_fatal_common : 2000458 >
 2000416:    c8 04             	[--sp] = {rets}
 2000418:    80 ea 1e 00       	call 60 <fm1_fatal_common : 2000458 >
 200041c:    c8 04             	[--sp] = {rets}
 200041e:    80 ea 1b 00       	call 54 <fm1_fatal_common : 2000458 >
 2000422:    c8 04             	[--sp] = {rets}
 2000424:    80 ea 18 00       	call 48 <fm1_fatal_common : 2000458 >
 2000428:    c8 04             	[--sp] = {rets}
 200042a:    80 ea 15 00       	call 42 <fm1_fatal_common : 2000458 >
 200042e:    c8 04             	[--sp] = {rets}
 2000430:    80 ea 12 00       	call 36 <fm1_fatal_common : 2000458 >
 2000434:    c8 04             	[--sp] = {rets}
 2000436:    80 ea 0f 00       	call 30 <fm1_fatal_common : 2000458 >
 200043a:    c8 04             	[--sp] = {rets}
 200043c:    80 ea 0c 00       	call 24 <fm1_fatal_common : 2000458 >
 2000440:    c8 04             	[--sp] = {rets}
 2000442:    80 ea 09 00       	call 18 <fm1_fatal_common : 2000458 >
 2000446:    c8 04             	[--sp] = {rets}
 2000448:    80 ea 06 00       	call 12 <fm1_fatal_common : 2000458 >
 200044c:    c8 04             	[--sp] = {rets}
 200044e:    80 ea 03 00       	call 6 <fm1_fatal_common : 2000458 >
 2000452:    c8 04             	[--sp] = {rets}
 2000454:    80 ea 00 00       	call 0 <fm1_fatal_common : 2000458 >


fm1_fatal_common:
 2000458:    70 e8 00 00       	trigger
 200045c:    58 e9 2f 78       	[--sp] = {sp, ssp, usp, icfg, psr, rets, retx, rete, reti}
 2000460:    d8 e8 ff ff       	[--sp] = {r15-r0}
 2000464:    64 e0 00 0e       	r0 = sp
 2000468:    80 ea 3d 01       	call 634 <fm1_fault_c : 20006e6 >
 200046c:    f7 9f             	goto -2 <fm1_fatal_common+0x14 : 200046c >


isr_timer5:
 200046e:    e9 04             	[--sp] = {psr, rets, reti}
 2000470:    60 04             	[--sp] = {r3-r0}
 2000472:    80 ea d8 02       	call 1456 <fm1_timer5_irq : 2000a26 >
 2000476:    40 04             	{r3-r0} = [sp++]
 2000478:    a9 04             	{psr, rets, reti} = [sp++]
 200047a:    20 00             	csync
 200047c:    81 00             	rti


fm1_lcd_wait:
 200047e:    41 20             	r1 = 0
 2000480:    c0 ff 00 1d 01 00 	r0 = 72960 <firmware/src/diag.c+0x11D00 : 11d00 >
 2000486:    c2 ff 00 09 3d 00 	r2 = 4000000 <firmware/src/diag.c+0x3D0900 : 3d0900 >
 200048c:    03 60             	r3 = [r0+0] 
 200048e:    bb 17             	r3 = r3.l (s)
 2000490:    83 fd 0a 00       	ifs (r3 < 0) goto 20 <fm1_lcd_wait+0x2A : 20004a8 >
 2000494:    c1 21             	r1 += 1
 2000496:    82 e9 f9 11       	if (r1 < r2) goto -14 <fm1_lcd_wait+0xE : 200048c >
 200049a:    11 e8 00 42       	if (r1 == r2) {
 200049e:    c1 ff 28 80 c0 01 		r1 = 29392936 <fm1_lcd_timeouts : 1c08028 >
 20004a4:    c0 eb 01 10       		[r1+0] += 1
                               	}
 20004a8:    00 ef 80 0c       	[r0+0] |= 0x4000
 20004ac:    80 00             	rts


lcd_sync:
 20004ae:    74 04             	[--sp] = {rets, r4}
 20004b0:    c4 ff 24 80 c0 01 	r4 = 29392932 <lcd_busy : 1c08024 >
 20004b6:    48 40             	r0 = b[r4+0] (u)
 20004b8:    00 49             	if (r0 == 0) goto 18 <lcd_sync+0x1E : 20004cc >
 20004ba:    bf ea e0 ff       	call -64 <fm1_lcd_wait : 200047e >
 20004be:    c0 ff 80 00 05 00 	r0 = 327808 <firmware/src/diag.c+0x50080 : 50080 >
 20004c4:    00 ef 80 00       	[r0+0] |= 0x80
 20004c8:    40 20             	r0 = 0
 20004ca:    c8 40             	b[r4+0] = r0
 20004cc:    54 04             	{pc, r4} = [sp++]


lcd_cmd:
 20004ce:    75 04             	[--sp] = {rets, r5, r4}
 20004d0:    04 16             	r4 = r0
 20004d2:    bf ea ec ff       	call -40 <lcd_sync : 20004ae >
 20004d6:    c5 ff 80 00 05 00 	r5 = 327808 <firmware/src/diag.c+0x50080 : 50080 >
 20004dc:    c0 ef 80 5f       	[r5+0] &= 0xFFFFFEFF
 20004e0:    c0 ef 80 50       	[r5+0] &= 0xFFFFFF7F
 20004e4:    c0 ff 00 1d 01 00 	r0 = 72960 <firmware/src/diag.c+0x11D00 : 11d00 >
 20004ea:    00 ef 80 0c       	[r0+0] |= 0x4000
 20004ee:    84 62             	[r0+8] = r4
 20004f0:    bf ea c5 ff       	call -118 <fm1_lcd_wait : 200047e >
 20004f4:    00 ef 80 50       	[r5+0] |= 0x80
 20004f8:    55 04             	{pc, r5, r4} = [sp++]


lcd_data:
 20004fa:    75 04             	[--sp] = {rets, r5, r4}
 20004fc:    14 16             	r4 = r1
 20004fe:    05 16             	r5 = r0
 2000500:    04 55             	if (r4 == 0) goto 42 <lcd_data+0x32 : 200052c >
 2000502:    bf ea d4 ff       	call -88 <lcd_sync : 20004ae >
 2000506:    c0 ff 80 00 05 00 	r0 = 327808 <firmware/src/diag.c+0x50080 : 50080 >
 200050c:    00 ef 80 0f       	[r0+0] |= 0x100
 2000510:    c0 ef 80 00       	[r0+0] &= 0xFFFFFF7F
 2000514:    c0 ff 00 1d 01 00 	r0 = 72960 <firmware/src/diag.c+0x11D00 : 11d00 >
 200051a:    00 ef 80 0c       	[r0+0] |= 0x4000
 200051e:    85 63             	[r0+12] = r5
 2000520:    84 64             	[r0+16] = r4
 2000522:    c0 ff 24 80 c0 01 	r0 = 29392932 <lcd_busy : 1c08024 >
 2000528:    41 21             	r1 = 1
 200052a:    89 40             	b[r0+0] = r1
 200052c:    55 04             	{pc, r5, r4} = [sp++]


lcd_fill:
 200052e:    7b 04             	[--sp] = {rets, r11-r4}
 2000530:    18 16             	r8 = r1
 2000532:    06 16             	r6 = r0
 2000534:    11 fc 5d de       	if (r1 > 239) goto 186 <lcd_fill+0xC4 : 20005f2 >
 2000538:    16 fc 5b de       	if (r6 > 239) goto 182 <lcd_fill+0xC4 : 20005f2 >
 200053c:    22 5a             	if (r2 == 0) goto 180 <lcd_fill+0xC4 : 20005f2 >
 200053e:    23 59             	if (r3 == 0) goto 178 <lcd_fill+0xC4 : 20005f2 >
 2000540:    00 29             	r0 = [sp+36]
 2000542:    70 e0 00 00       	r0 = rev8(r0)
 2000546:    87 b0             	r7 = r0 >> 16
 2000548:    a0 1d             	r0 = r2 + r6
 200054a:    a9 e0 f0 60       	r9 = 0xF0 - r6
 200054e:    b0 ec f0 00       	if (r0 <= 240) {
 2000552:    29 16             		r9 = r2
                               	}
 2000554:    78 30             	r0 = 240
 2000556:    f4 e1 00 09       	r0 = r0 / r9 (u)
 200055a:    f0 e1 00 59       	r5 = r0 * r9
 200055e:    ab e0 f0 50       	r11 = 0xF0 - r5
 2000562:    38 1c             	r0 = r3 + r1
 2000564:    aa e0 f0 10       	r10 = 0xF0 - r1
 2000568:    b0 ec f0 00       	if (r0 <= 240) {
 200056c:    3a 16             		r10 = r3
                               	}
 200056e:    bf ea 9e ff       	call -196 <lcd_sync : 20004ae >
 2000572:    c4 ff 20 9b c0 01 	r4 = 29399840 <lcd_fillbuf : 1c09b20 >
 2000578:    05 46             	if (r5 == 0) goto 12 <lcd_fill+0x58 : 2000586 >
 200057a:    30 e1 10 bf       	r0 = r11 + -240
 200057e:    41 16             	r1 = r4
 2000580:    c0 21             	r0 += 1
 2000582:    97 06             	h[r1++=2] = r7
 2000584:    f0 5d             	if (r0 != 0) goto -6 <lcd_fill+0x52 : 2000580 >
 2000586:    bf ea 92 ff       	call -220 <lcd_sync : 20004ae >
 200058a:    e0 a8             	r0 = r6 >> 8
 200058c:    c7 ff 90 96 c0 01 	r7 = 29398672 <fm1__tick_col : 1c09690 >
 2000592:    5a ee 76 0b       	b[++r7=182] = r0
 2000596:    b4 f0 60 09       	r0 = r6 + r9  #
 200059a:    fe 41             		 b[r7+1] = r6
 200059c:    f8 3f             	r0 += -1
 200059e:    81 a8             	r1 = r0 >> 8
 20005a0:    f9 42             	b[r7+2] = r1
 20005a2:    f8 43             	b[r7+3] = r0
 20005a4:    48 2a             	r0 = 42
 20005a6:    bf ea 92 ff       	call -220 <lcd_cmd : 20004ce >
 20005aa:    41 24             	r1 = 4
 20005ac:    70 16             	r0 = r7
 20005ae:    bf ea a4 ff       	call -184 <lcd_data : 20004fa >
 20005b2:    c0 e1 88 08       	r0 = r8 >> 8
 20005b6:    b4 f0 80 0a       	r0 = r8 + r10  #
 20005ba:    f8 44             		 b[r7+4] = r0
 20005bc:    52 ee 75 80       	b[r7+5] = r8
 20005c0:    f8 3f             	r0 += -1
 20005c2:    81 a8             	r1 = r0 >> 8
 20005c4:    f9 46             	b[r7+6] = r1
 20005c6:    f8 47             	b[r7+7] = r0
 20005c8:    48 2b             	r0 = 43
 20005ca:    bf ea 80 ff       	call -256 <lcd_cmd : 20004ce >
 20005ce:    78 84             	r0 = r7 + 4
 20005d0:    41 24             	r1 = 4
 20005d2:    bf ea 92 ff       	call -220 <lcd_data : 20004fa >
 20005d6:    48 2c             	r0 = 44
 20005d8:    bf ea 79 ff       	call -270 <lcd_cmd : 20004ce >
 20005dc:    f0 e1 a0 69       	r6 = r10 * r9
 20005e0:    06 48             	if (r6 == 0) goto 16 <lcd_fill+0xC4 : 20005f2 >
 20005e2:    35 e4 50 56       	r5 = umin(r5, r6)
 20005e6:    51 a1             	r1 = r5 << 1
 20005e8:    40 16             	r0 = r4
 20005ea:    bf ea 86 ff       	call -244 <lcd_data : 20004fa >
 20005ee:    6e 1f             	r6 = r6 - r5
 20005f0:    f6 58             	if (r6 != 0) goto -16 <lcd_fill+0xB4 : 20005e2 >
 20005f2:    5b 04             	{pc, r11-r4} = [sp++]


screen_hex:
 20005f4:    7f 04             	[--sp] = {rets, r15-r4}
 20005f6:    e2 9f             	sp += -4
 20005f8:    18 16             	r8 = r1
 20005fa:    0b 16             	r11 = r0
 20005fc:    c1 14             	r9 = 0
 20005fe:    4c e0 14 00       	r12 = 20 <firmware/src/diag.c+0x14 : 14 >
 2000602:    ca ff 34 2c 00 02 	r10 = 33565748 <hexfont : 2002c34 >
 2000608:    4f e0 10 00       	r15 = 16 <firmware/src/diag.c+0x10 : 10 >
 200060c:    c0 e1 92 00       	r0 = r9 << 2
 2000610:    a0 e0 1c 00       	r0 = 0x1C - r0
 2000614:    c8 e1 82 00       	r0 = r8 >> r0
 2000618:    6d e1 0f 00       	r13 = r0 & 0xF
 200061c:    c6 14             	r14 = 0
 200061e:    e0 e1 05 d0       	r0 = r13 * 0x5
 2000622:    e0 18             	r0 += r14
 2000624:    d8 ee 00 4a       	r4 = b[r0+r10] (u)
 2000628:    c0 e1 e2 00       	r0 = r14 << 2
 200062c:    b4 e0 00 6b       	r6 = r0 + r11
 2000630:    45 20             	r5 = 0
 2000632:    c7 16             	r7 = r12
 2000634:    c8 e1 f2 15       	r1 = r15 >> r5
 2000638:    10 3f             	r0 = -1
 200063a:    14 ea 00 01       	if ((r4 & r1) == 0) {
 200063e:    40 20             		r0 = 0
                               	}
 2000640:    80 17             	r0 = r0.l (u)
 2000642:    42 24             	r2 = 4
 2000644:    43 24             	r3 = 4
 2000646:    70 d6             	r0 = r7  #
 2000648:    80 20             		 [sp] = r0
 200064a:    61 16             	r1 = r6
 200064c:    bf ea 6f ff       	call -290 <lcd_fill : 200052e >
 2000650:    c5 21             	r5 += 1
 2000652:    c7 24             	r7 += 4
 2000654:    85 f8 ee 0b       	if (r5 != 5) goto -36 <screen_hex+0x40 : 2000634 >
 2000658:    0e e1 01 e0       	r14 = r14 + 1
 200065c:    8e f8 df 0b       	if (r14 != 5) goto -66 <screen_hex+0x2A : 200061e >
 2000660:    09 e1 01 90       	r9 = r9 + 1
 2000664:    0c e1 19 c0       	r12 = r12 + 25
 2000668:    89 f8 d0 11       	if (r9 != 8) goto -96 <screen_hex+0x18 : 200060c >
 200066c:    02 81             	sp += 4
 200066e:    5f 04             	{pc, r15-r4} = [sp++]


fm1__p33_xfer:
 2000670:    c1 ff 08 3e 01 00 	r1 = 81416 <firmware/src/diag.c+0x13E08 : 13e08 >
 2000676:    90 61             	[r1+4] = r0
 2000678:    00 ef 10 10       	[r1+0] |= 0x10
 200067c:    10 60             	r0 = [r1+0] 
 200067e:    c0 ff 60 79 fe ff 	r0 = 4294867296 <_data_load+0xFDFE3E80 : fffe7960 >
 2000684:    12 60             	r2 = [r1+0] 
 2000686:    52 e8 07 08       	if ((r2 & 2) == 0) goto 14 <fm1__p33_xfer+0x28 : 2000698 >
 200068a:    c0 21             	r0 += 1
 200068c:    f0 5b             	if (r0 != 0) goto -10 <fm1__p33_xfer+0x14 : 2000684 >
 200068e:    c0 ff 2c 80 c0 01 	r0 = 29392940 <fm1_p33_timeouts : 1c0802c >
 2000694:    c0 eb 01 00       	[r0+0] += 1
 2000698:    10 61             	r0 = [r1+4] 
 200069a:    00 17             	r0 = r0.b0 (u)
 200069c:    80 00             	rts


fm1__p33_op:
 200069e:    76 04             	[--sp] = {rets, r6-r4}
 20006a0:    c5 ff 08 3e 01 00 	r5 = 81416 <firmware/src/diag.c+0x13E08 : 13e08 >
 20006a6:    23 d6             	r3 = r2  #
 20006a8:    56 60             		 r6 = [r5+0] 
 20006aa:    14 16             	r4 = r1
 20006ac:    24 ea 00 ec       	if ((r4 & 0x8000) == 0) {
 20006b0:    71 e1 80 6f       		r1 = r6 & 0xFFFFFEFF
 20006b4:    d1 60             		[r5+0] = r1
 20006b6:    51 60             		r1 = [r5+0] 
 20006b8:    31 20             		r1 |= 1
                               	} else {
 20006ba:    41 e0 01 01       		r1 = 257 <firmware/src/diag.c+0x100 : 100 >
 20006be:    61 19             		r1 |= r6
                               	}
 20006c0:    b1 f1 08 44       	r1 = uextra(r4, p:8, l:2)  #
 20006c4:    d1 60             		 [r5+0] = r1
 20006c6:    a1 e1 ec 02       	r1 <= insert(r0, p:5, l:27)
 20006ca:    10 17             	r0 = r1.b0 (u)
 20006cc:    bf ea d0 ff       	call -96 <fm1__p33_xfer : 2000670 >
 20006d0:    40 17             	r0 = r4.b0 (u)
 20006d2:    bf ea cd ff       	call -102 <fm1__p33_xfer : 2000670 >
 20006d6:    30 16             	r0 = r3
 20006d8:    bf ea ca ff       	call -108 <fm1__p33_xfer : 2000670 >
 20006dc:    40 e0 fe fe       	r0 = -258 <_data_load+0xFFFFFFFFFDFFC41E : fffffffffffffefe >
 20006e0:    64 e8 02 50       	[r5+0] &= r0
 20006e4:    56 04             	{pc, r6-r4} = [sp++]


fm1_fault_c:
 20006e6:    e2 9f             	sp += -4
 20006e8:    c4 ff 00 c0 c7 01 	r4 = 29868032 <fm1_crash : 1c7c000 >
 20006ee:    d0 ec 4c 83       	r8 = [r4+60]
 20006f2:    04 eb 22 00       	{r5, r1} = [r4+]
 20006f6:    60 00             	cli
 20006f8:    c3 ff 20 80 c0 01 	r3 = 29392928 <fm1_fault_c.in_fault : 1c08020 >
 20006fe:    36 60             	r6 = [r3+0] 
 2000700:    6f 81             	r7 = r6 + 1
 2000702:    b7 60             	[r3+0] = r7
 2000704:    06 44             	if (r6 == 0) goto 8 <fm1_fault_c+0x28 : 200070e >
 2000706:    60 e0 80 3b       	r3 = 0x10000
 200070a:    00 ef 10 30       	[r3+0] |= 0x10
 200070e:    c9 ff 48 53 52 43 	r9 = 1129468744 <_data_load+0x41521868 : 43525348 >
 2000714:    c5 21             	r5 += 1
 2000716:    d0 ec 41 90       	[r4+0] = r9
 200071a:    91 e8 00 09       	if (r1 != r9) {
 200071e:    45 21             		r5 = 1
                               	}
 2000720:    c5 61             	[r4+4] = r5
 2000722:    d0 20             	r0 += 64
 2000724:    05 63             	r5 = [r0+12] 
 2000726:    c6 ff 58 01 00 02 	r6 = 33554776 <fm1_fatal_stubs : 2000158 >
 200072c:    d5 1f             	r5 = r5 - r6
 200072e:    46 26             	r6 = 6
 2000730:    f4 e1 50 56       	r5 = r5 / r6 (u)
 2000734:    fd 3f             	r5 += -1
 2000736:    c5 62             	[r4+8] = r5
 2000738:    05 60             	r5 = [r0+0] 
 200073a:    c5 63             	[r4+12] = r5
 200073c:    05 69             	r5 = [r0+36] 
 200073e:    c5 64             	[r4+16] = r5
 2000740:    c5 ff d4 f0 ee 01 	r5 = 32436436 <bootguard+0x273094 : 1eef0d4 >
 2000746:    55 60             	r5 = [r5+0] 
 2000748:    c5 65             	[r4+20] = r5
 200074a:    c5 ff 44 e2 ee 01 	r5 = 32432708 <bootguard+0x272204 : 1eee244 >
 2000750:    55 60             	r5 = [r5+0] 
 2000752:    c5 66             	[r4+24] = r5
 2000754:    05 68             	r5 = [r0+32] 
 2000756:    c5 67             	[r4+28] = r5
 2000758:    05 64             	r5 = [r0+16] 
 200075a:    c5 68             	[r4+32] = r5
 200075c:    00 65             	r0 = [r0+20] 
 200075e:    c0 69             	[r4+36] = r0
 2000760:    c5 ff 04 08 01 00 	r5 = 67588 <firmware/src/diag.c+0x10804 : 10804 >
 2000766:    46 f0 c0 5d       	r6 = 24000  # <firmware/src/diag.c+0x5DC0 : 5dc0 >
 200076a:    50 60             		 r0 = [r5+0] 
 200076c:    f4 e1 00 66       	r6 = r0 / r6 (u)
 2000770:    c6 6a             	[r4+40] = r6
 2000772:    46 20             	r6 = 0
 2000774:    c7 ff 71 bc 7b 00 	r7 = 8109169 <firmware/src/diag.c+0x7BBC70 : 7bbc70 >
 200077a:    d8 ec 6a 27       	r2 = [r6+r7<<2]
 200077e:    63 1d             	r3 = r6 + r4
 2000780:    c6 24             	r6 += 4
 2000782:    b2 6b             	[r3+44] = r2
 2000784:    86 f8 f9 21       	if (r6 != 16) goto -14 <fm1_fault_c+0x94 : 200077a >
 2000788:    02 e1 01 80       	r2 = r8 + 1
 200078c:    91 e8 00 09       	if (r1 != r9) {
 2000790:    42 21             		r2 = 1
                               	}
 2000792:    c1 ff 00 a2 4a 04 	r1 = 72000000 <_data_load+0x24A6720 : 44aa200 >
 2000798:    10 e9 00 01       	if (r0 >= r1) {
 200079c:    42 20             		r2 = 0
                               	}
 200079e:    60 f0 97 0b       	r0 = 0x12E00  #
 20007a2:    c2 6f             		 [r4+60] = r2
 20007a4:    09 60             	r1 = h[r0+0] (u)
 20007a6:    b9 2b             	r1 &= 4294965247
 20007a8:    60 f0 78 6c       	r6 = 0xF800  #
 20007ac:    89 60             		 h[r0+0] = r1
 20007ae:    80 d4             	r1_r0 = 0  #
 20007b0:    86 20             		 [sp] = r6
 20007b2:    7a 30             	r2 = 240
 20007b4:    7b 30             	r3 = 240
 20007b6:    bf ea ba fe       	call -652 <lcd_fill : 200052e >
 20007ba:    41 62             	r1 = [r4+8] 
 20007bc:    48 28             	r0 = 40
 20007be:    bf ea 19 ff       	call -462 <screen_hex : 20005f4 >
 20007c2:    41 63             	r1 = [r4+12] 
 20007c4:    50 30             	r0 = 80
 20007c6:    bf ea 15 ff       	call -470 <screen_hex : 20005f4 >
 20007ca:    41 65             	r1 = [r4+20] 
 20007cc:    58 38             	r0 = 120
 20007ce:    bf ea 11 ff       	call -478 <screen_hex : 20005f4 >
 20007d2:    40 e0 a0 0f       	r0 = 4000 <firmware/src/diag.c+0xFA0 : fa0 >
 20007d6:    51 60             	r1 = [r5+0] 
 20007d8:    52 60             	r2 = [r5+0] 
 20007da:    2a 1e             	r2 = r2 - r1
 20007dc:    a2 a6             	r2 = r2 >> 6
 20007de:    a2 f9 fb ef       	if (r2 < 375) goto -10 <fm1_fault_c+0xF2 : 20007d8 >
 20007e2:    00 ea f8 ff       	if (--r0 != 0) goto -16 <fm1_fault_c+0xF0 : 20007d6 >
 20007e6:    60 00             	cli
 20007e8:    40 21             	r0 = 1
 20007ea:    69 20             	r1 = 160
 20007ec:    42 30             	r2 = 16
 20007ee:    bf ea 56 ff       	call -340 <fm1__p33_op : 200069e >
 20007f2:    f7 9f             	goto -2 <fm1_fault_c+0x10C : 20007f2 >


memset:
 20007f4:    02 44             	if (r2 == 0) goto 8 <memset+0xA : 20007fe >
 20007f6:    03 16             	r3 = r0
 20007f8:    b1 07             	b[r3++=1] = r1
 20007fa:    02 ea fd ff       	if (--r2 != 0) goto -6 <memset+0x4 : 20007f8 >
 20007fe:    80 00             	rts


memcpy:
 2000800:    74 04             	[--sp] = {rets, r4}
 2000802:    02 45             	if (r2 == 0) goto 10 <memcpy+0xE : 200080e >
 2000804:    03 16             	r3 = r0
 2000806:    14 07             	r4 = b[r1++=1] (u)
 2000808:    b4 07             	b[r3++=1] = r4
 200080a:    02 ea fc ff       	if (--r2 != 0) goto -8 <memcpy+0x6 : 2000806 >
 200080e:    54 04             	{pc, r4} = [sp++]


memcmp:
 2000810:    75 04             	[--sp] = {rets, r5, r4}
 2000812:    03 16             	r3 = r0
 2000814:    40 20             	r0 = 0
 2000816:    02 46             	if (r2 == 0) goto 12 <memcmp+0x14 : 2000824 >
 2000818:    14 07             	r4 = b[r1++=1] (u)
 200081a:    35 07             	r5 = b[r3++=1] (u)
 200081c:    84 e8 03 50       	if (r5 != r4) goto 6 <memcmp+0x16 : 2000826 >
 2000820:    02 ea fa ff       	if (--r2 != 0) goto -12 <memcmp+0x8 : 2000818 >
 2000824:    55 04             	{pc, r5, r4} = [sp++]
 2000826:    50 1f             	r0 = r5 - r4
 2000828:    55 04             	{pc, r5, r4} = [sp++]


fm1__led_lines:
 200082a:    77 04             	[--sp] = {rets, r7-r4}
 200082c:    41 21             	r1 = 1
 200082e:    c2 ff 8a 2c 00 02 	r2 = 33565834 <FM1_LED_PORT : 2002c8a >
 2000834:    c3 ff 84 2c 00 02 	r3 = 33565828 <FM1_LED_BIT : 2002c84 >
 200083a:    44 21             	r4 = 1
 200083c:    d8 ee 40 53       	r5 = b[r4+r3] (u)
 2000840:    d8 ee 42 62       	r6 = b[r4+r2] (s)
 2000844:    94 e1 02 74       	r7 = r0 & (1 << r4)
 2000848:    c8 e1 10 55       	r5 = r1 << r5
 200084c:    66 a6             	r6 = r6 << 6
 200084e:    e6 e0 a0 6a       	r6 = r6 + 0x50000
 2000852:    37 e8 00 10       	if (r7 == 0) {
 2000856:    64 e8 03 65       		[r6+0] &= ~r5
                               	} else {
 200085a:    64 e8 00 65       		[r6+0] |= r5
                               	}
 200085e:    c4 21             	r4 += 1
 2000860:    84 f8 ec 0b       	if (r4 != 5) goto -40 <fm1__led_lines+0x12 : 200083c >
 2000864:    57 04             	{pc, r7-r4} = [sp++]


fm1__sr_word:
 2000866:    76 04             	[--sp] = {rets, r6-r4}
 2000868:    42 20             	r2 = 0
 200086a:    60 e0 00 3c       	r3 = 0x8000
 200086e:    60 e0 a0 1a       	r1 = 0x50000
 2000872:    c8 f1 32 62       	r6 = r3 >> r2  #
 2000876:    14 60             		 r4 = [r1+0] 
 2000878:    75 e1 10 40       	r5 = r4 & 0xFFFFFFEF
 200087c:    34 24             	r4 |= 16
 200087e:    16 ea 00 00       	if ((r6 & r0) == 0) {
 2000882:    54 16             		r4 = r5
                               	}
 2000884:    94 60             	[r1+0] = r4
 2000886:    00 ef 08 10       	[r1+0] |= 0x8
 200088a:    c0 ef 08 10       	[r1+0] &= 0xFFFFFFF7
 200088e:    c2 21             	r2 += 1
 2000890:    82 f8 ef 21       	if (r2 != 16) goto -34 <fm1__sr_word+0xC : 2000872 >
 2000894:    00 ef 02 10       	[r1+0] |= 0x2
 2000898:    c0 ef 02 10       	[r1+0] &= 0xFFFFFFFD
 200089c:    56 04             	{pc, r6-r4} = [sp++]


sie_rd:
 200089e:    74 04             	[--sp] = {rets, r4}
 20008a0:    60 e0 8c 2b       	r2 = 0x11800
 20008a4:    01 d6             	r1 = r0  #
 20008a6:    23 60             		 r3 = [r2+0] 
 20008a8:    40 20             	r0 = 0
 20008aa:    53 e8 24 10       	if ((r3 & 4) == 0) goto 72 <sie_rd+0x58 : 20008f6 >
 20008ae:    11 a8             	r1 = r1 << 8
 20008b0:    c3 ff 00 bf ff 00 	r3 = 16760576 <firmware/src/diag.c+0xFFBF00 : ffbf00 >
 20008b6:    b1 19             	r1 &= r3
 20008b8:    31 2e             	r1 |= 16384
 20008ba:    a1 61             	[r2+4] = r1
 20008bc:    20 00             	csync
 20008be:    43 e0 e0 b1       	r3 = -20000 <_data_load+0xFFFFFFFFFDFF7700 : ffffffffffffb1e0 >
 20008c2:    c1 ff 90 96 c0 01 	r1 = 29398672 <fm1__tick_col : 1c09690 >
 20008c8:    24 61             	r4 = [r2+4] 
 20008ca:    cc 17             	r4 = r4.l (s)
 20008cc:    84 fd 0f 00       	ifs (r4 < 0) goto 30 <sie_rd+0x50 : 20008ee >
 20008d0:    c3 21             	r3 += 1
 20008d2:    f3 5a             	if (r3 != 0) goto -12 <sie_rd+0x2A : 20008c8 >
 20008d4:    d1 ec 14 26       	r2 = [r1+356]
 20008d8:    c2 21             	r2 += 1
 20008da:    d1 ec 15 26       	[r1+356] = r2
 20008de:    32 e9 33 80       	if (r2 >= 51) {
 20008e2:    42 e0 40 01       		r2 = 320 <firmware/src/diag.c+0x140 : 140 >
 20008e6:    d8 ee 11 02       		b[r1+r2] = r0
 20008ea:    54 04             		{pc, r4} = [sp++]
                               	}
 20008ec:    54 04             	{pc, r4} = [sp++]
 20008ee:    d1 ec 15 06       	[r1+356] = r0
 20008f2:    20 61             	r0 = [r2+4] 
 20008f4:    00 17             	r0 = r0.b0 (u)
 20008f6:    54 04             	{pc, r4} = [sp++]


sie_wr:
 20008f8:    60 e0 8c 2b       	r2 = 0x11800
 20008fc:    23 60             	r3 = [r2+0] 
 20008fe:    53 e8 20 10       	if ((r3 & 4) == 0) goto 64 <sie_wr+0x4A : 2000942 >
 2000902:    00 a8             	r0 = r0 << 8
 2000904:    c3 ff 00 ff ff 00 	r3 = 16776960 <firmware/src/diag.c+0xFFFF00 : ffff00 >
 200090a:    b0 19             	r0 &= r3
 200090c:    11 17             	r1 = r1.b0 (u)
 200090e:    10 19             	r0 |= r1
 2000910:    a0 61             	[r2+4] = r0
 2000912:    20 00             	csync
 2000914:    41 e0 e0 b1       	r1 = -20000 <_data_load+0xFFFFFFFFFDFF7700 : ffffffffffffb1e0 >
 2000918:    c0 ff 90 96 c0 01 	r0 = 29398672 <fm1__tick_col : 1c09690 >
 200091e:    23 61             	r3 = [r2+4] 
 2000920:    bb 17             	r3 = r3.l (s)
 2000922:    83 fd 0f 00       	ifs (r3 < 0) goto 30 <sie_wr+0x4C : 2000944 >
 2000926:    c1 21             	r1 += 1
 2000928:    f1 5a             	if (r1 != 0) goto -12 <sie_wr+0x26 : 200091e >
 200092a:    d1 ec 04 16       	r1 = [r0+356]
 200092e:    c1 21             	r1 += 1
 2000930:    d1 ec 05 16       	[r0+356] = r1
 2000934:    31 e9 33 80       	if (r1 >= 51) {
 2000938:    41 e0 40 01       		r1 = 320 <firmware/src/diag.c+0x140 : 140 >
 200093c:    42 20             		r2 = 0
 200093e:    d8 ee 01 21       		b[r0+r1] = r2
                               	}
 2000942:    80 00             	rts
 2000944:    41 20             	r1 = 0
 2000946:    d1 ec 05 16       	[r0+356] = r1
 200094a:    80 00             	rts


e0_chunk:
 200094c:    76 04             	[--sp] = {rets, r6-r4}
 200094e:    c4 ff 90 96 c0 01 	r4 = 29398672 <fm1__tick_col : 1c09690 >
 2000954:    51 ed 4c 04       	r0 = h[r4+332] (u)
 2000958:    01 16             	r1 = r0
 200095a:    30 e9 40 00       	if (r0 >= 64) {
 200095e:    51 20             		r1 = 64
                               	}
 2000960:    c2 ff 30 80 c0 01 	r2 = 29392944 <ep0buf : 1c08030 >
 2000966:    01 4a             	if (r1 == 0) goto 20 <e0_chunk+0x30 : 200097c >
 2000968:    d1 ec 48 34       	r3 = [r4+328]
 200096c:    45 20             	r5 = 0
 200096e:    d8 ee 30 65       	r6 = b[r3+r5] (u)
 2000972:    d8 ee 51 62       	b[r5+r2] = r6
 2000976:    c5 21             	r5 += 1
 2000978:    81 e9 f9 51       	if (r5 < r1) goto -14 <e0_chunk+0x22 : 200096e >
 200097c:    20 00             	csync
 200097e:    c3 ff 08 18 01 00 	r3 = 71688 <firmware/src/diag.c+0x11808 : 11808 >
 2000984:    b2 64             	[r3+16] = r2
 2000986:    02 f1 48 41       	r2 = r4 + 328  #
 200098a:    b1 60             		 [r3+0] = r1
 200098c:    68 e8 00 21       	[r2+0] += r1
 2000990:    2b 62             	r3 = h[r2+4] (u)
 2000992:    39 1e             	r1 = r3 - r1
 2000994:    91 d7             	r1 = r1.l (u)  #
 2000996:    a9 62             		 h[r2+4] = r1
 2000998:    45 20             	r5 = 0
 200099a:    81 4d             	if (r1 != 0) goto 26 <e0_chunk+0x6A : 20009b6 >
 200099c:    42 21             	r2 = 1
 200099e:    43 21             	r3 = 1
 20009a0:    30 e9 40 00       	if (r0 >= 64) {
 20009a4:    43 20             		r3 = 0
                               	}
 20009a6:    45 e0 45 01       	r5 = 325 <firmware/src/diag.c+0x144 : 144 >
 20009aa:    d8 ee 40 55       	r5 = b[r4+r5] (u)
 20009ae:    05 41             	if (r5 == 0) goto 2 <e0_chunk+0x66 : 20009b2 >
 20009b0:    42 20             	r2 = 0
 20009b2:    90 e1 30 52       	r5 = r3 | r2
 20009b6:    80 f9 06 80       	if (r0 < 64) goto 12 <e0_chunk+0x7A : 20009c6 >
 20009ba:    81 45             	if (r1 != 0) goto 10 <e0_chunk+0x7A : 20009c6 >
 20009bc:    40 e0 45 01       	r0 = 325 <firmware/src/diag.c+0x144 : 144 >
 20009c0:    41 20             	r1 = 0
 20009c2:    d8 ee 41 10       	b[r4+r0] = r1
 20009c6:    40 2e             	r0 = 14
 20009c8:    41 20             	r1 = 0
 20009ca:    bf ea 95 ff       	call -214 <sie_wr : 20008f8 >
 20009ce:    41 2a             	r1 = 10
 20009d0:    85 41             	if (r5 != 0) goto 2 <e0_chunk+0x88 : 20009d4 >
 20009d2:    41 22             	r1 = 2
 20009d4:    40 31             	r0 = 17
 20009d6:    bf ea 8f ff       	call -226 <sie_wr : 20008f8 >
 20009da:    05 45             	if (r5 == 0) goto 10 <e0_chunk+0x9A : 20009e6 >
 20009dc:    40 e0 44 01       	r0 = 324 <firmware/src/diag.c+0x144 : 144 >
 20009e0:    41 20             	r1 = 0
 20009e2:    d8 ee 41 10       	b[r4+r0] = r1
 20009e6:    56 04             	{pc, r6-r4} = [sp++]


e0_send:
 20009e8:    75 04             	[--sp] = {rets, r5, r4}
 20009ea:    c3 ff d4 97 c0 01 	r3 = 29398996 <usb+0x4 : 1c097d4 >
 20009f0:    35 f4 10 42       	r4 = umin(r1, r2)  #
 20009f4:    b0 61             		 [r3+4] = r0
 20009f6:    bc 64             	h[r3+8] = r4
 20009f8:    40 21             	r0 = 1
 20009fa:    45 21             	r5 = 1
 20009fc:    92 ec 00 01       	if (r2 <= r1) {
 2000a00:    45 20             		r5 = 0
                               	}
 2000a02:    41 21             	r1 = 1
 2000a04:    34 ea 3f 00       	if ((r4 & 0x3F) != 0) {
 2000a08:    41 20             		r1 = 0
                               	}
 2000a0a:    d1 19             	r1 &= r5
 2000a0c:    b9 41             	b[r3+1] = r1
 2000a0e:    b8 40             	b[r3+0] = r0
 2000a10:    40 2e             	r0 = 14
 2000a12:    41 20             	r1 = 0
 2000a14:    bf ea 70 ff       	call -288 <sie_wr : 20008f8 >
 2000a18:    40 31             	r0 = 17
 2000a1a:    51 20             	r1 = 64
 2000a1c:    bf ea 6c ff       	call -296 <sie_wr : 20008f8 >
 2000a20:    35 04             	{rets, r5, r4} = [sp++]
 2000a22:    ff ea 93 ff       	goto -218 <e0_chunk : 200094c >


fm1_timer5_irq:
 2000a26:    7f 04             	[--sp] = {rets, r15-r4}
 2000a28:    e2 9c             	sp += -16
 2000a2a:    c0 ff 00 09 01 00 	r0 = 67840 <firmware/src/diag.c+0x10900 : 10900 >
 2000a30:    00 ef 80 0c       	[r0+0] |= 0x4000
 2000a34:    cc ff 90 96 c0 01 	r12 = 29398672 <fm1__tick_col : 1c09690 >
 2000a3a:    50 ee c0 40       	r4 = b[r12+0] (u)
 2000a3e:    40 20             	r0 = 0
 2000a40:    bf ea f3 fe       	call -538 <fm1__led_lines : 200082a >
 2000a44:    c0 ff 04 00 05 00 	r0 = 327684 <firmware/src/diag.c+0x50004 : 50004 >
 2000a4a:    cf ff 30 98 c0 01 	r15 = 29399088 <ota_session.parm : 1c09830 >
 2000a50:    b4 f0 40 2f       	r2 = r4 + r15  #
 2000a54:    01 60             		 r1 = [r0+0] 
 2000a56:    63 e1 01 10       	r3 = r1 & 0x1
 2000a5a:    d0 ec 00 04       	r0 = [r0+64]
 2000a5e:    91 a4             	r1 = r1 >> 4
 2000a60:    61 e1 1e 10       	r1 = r1 & 0x1E
 2000a64:    31 19             	r1 |= r3
 2000a66:    80 a2             	r0 = r0 >> 2
 2000a68:    60 e1 20 00       	r0 = r0 & 0x20
 2000a6c:    10 19             	r0 |= r1
 2000a6e:    50 e1 3f 00       	r0 = r0 ^ 0x3F
 2000a72:    52 ee 24 08       	b[r2+132] = r0
 2000a76:    4d 81             	r5 = r4 + 1
 2000a78:    44 20             	r4 = 0
 2000a7a:    b5 e8 0b 00       	if (r5 != 11) {
 2000a7e:    54 16             		r4 = r5
                               	}
 2000a80:    40 e0 00 08       	r0 = 2048 <firmware/src/diag.c+0x800 : 800 >
 2000a84:    40 1a             	r0 <<= r4
 2000a86:    34 e9 02 00       	if (r4 >= 2) {
 2000a8a:    40 20             		r0 = 0
                               	}
 2000a8c:    94 e1 01 04       	r0 = r0 ^ (1 << r4)
 2000a90:    c1 ff ff ff 00 00 	r1 = 65535 <firmware/src/diag.c+0xFFFE : fffe >
 2000a96:    18 19             	r0 ^= r1
 2000a98:    bf ea e5 fe       	call -566 <fm1__sr_word : 2000866 >
 2000a9c:    40 20             	r0 = 0
 2000a9e:    bf ea c4 fe       	call -632 <fm1__led_lines : 200082a >
 2000aa2:    52 ee c0 40       	b[r12+0] = r4
 2000aa6:    85 f8 e9 16       	if (r5 != 11) goto 466 <fm1_timer5_irq+0x256 : 2000c7c >
 2000aaa:    ca ff 9b 2c 00 02 	r10 = 33565851 <FM1_KEYMAP+0xA : 2002c9a >
 2000ab0:    41 20             	r1 = 0
 2000ab2:    49 e0 01 00       	r9 = 1 <firmware/src/diag.c : 0 >
 2000ab6:    b4 e0 10 3f       	r3 = r1 + r15
 2000aba:    a6 16             	r6 = r10
 2000abc:    47 21             	r7 = 1
 2000abe:    d4 ee 6b 50       	r5 = b[r6++=11] (s)
 2000ac2:    85 fd 47 00       	ifs (r5 < 0) goto 142 <fm1_timer5_irq+0x12E : 2000b54 >
 2000ac6:    50 ee 34 08       	r0 = b[r3+132] (u)
 2000aca:    b4 e0 50 2f       	r2 = r5 + r15
 2000ace:    58 ee 2f 48       	r4 = b[++r2=143] (u)
 2000ad2:    94 e1 02 07       	r0 = r0 & (1 << r7)
 2000ad6:    00 45             	if (r0 == 0) goto 10 <fm1_timer5_irq+0xBC : 2000ae2 >
 2000ad8:    04 fc 07 0e       	if (r4 > 7) goto 14 <fm1_timer5_irq+0xC4 : 2000aea >
 2000adc:    28 40             	r0 = b[r2+0] (u)
 2000ade:    c0 21             	r0 += 1
 2000ae0:    04 83             	goto 6 <fm1_timer5_irq+0xC2 : 2000ae8 >
 2000ae2:    04 43             	if (r4 == 0) goto 6 <fm1_timer5_irq+0xC4 : 2000aea >
 2000ae4:    28 40             	r0 = b[r2+0] (u)
 2000ae6:    f8 3f             	r0 += -1
 2000ae8:    a8 40             	b[r2+0] = r0
 2000aea:    28 40             	r0 = b[r2+0] (u)
 2000aec:    44 21             	r4 = 1
 2000aee:    00 f8 03 10       	if (r0 == 8) goto 6 <fm1_timer5_irq+0xD2 : 2000af8 >
 2000af2:    28 40             	r0 = b[r2+0] (u)
 2000af4:    90 4f             	if (r0 != 0) goto 94 <fm1_timer5_irq+0x12E : 2000b54 >
 2000af6:    44 20             	r4 = 0
 2000af8:    50 17             	r0 = r5.b0 (u)
 2000afa:    80 f9 11 1c       	if (r0 < 14) goto 34 <fm1_timer5_irq+0xFA : 2000b20 >
 2000afe:    14 42             	if (r4 == 0) goto 68 <fm1_timer5_irq+0x11E : 2000b44 >
 2000b00:    d0 ec f0 07       	r0 = [r15+112]
 2000b04:    32 e1 f2 5f       	r2 = r5 + -14
 2000b08:    c8 e1 90 22       	r2 = r9 << r2
 2000b0c:    10 ea 00 42       	if ((r0 & r2) == 0) {
 2000b10:    00 e1 80 f0       		r0 = r15 + 128
 2000b14:    64 e8 00 02       		[r0+0] |= r2
                               	}
 2000b18:    d0 ec f0 07       	r0 = [r15+112]
 2000b1c:    02 19             	r2 |= r0
 2000b1e:    04 98             	goto 48 <fm1_timer5_irq+0x12A : 2000b50 >
 2000b20:    d0 ec f4 07       	r0 = [r15+116]
 2000b24:    d0 1a             	r0 >>= r5
 2000b26:    60 e1 01 00       	r0 = r0 & 0x1
 2000b2a:    00 e8 13 40       	if (r4 == r0) goto 38 <fm1_timer5_irq+0x12E : 2000b54 >
 2000b2e:    66 e8 75 f5       	[r15+116] ^= 1 << r5
 2000b32:    00 e1 7c f0       	r0 = r15 + 124
 2000b36:    02 e1 78 f0       	r2 = r15 + 120
 2000b3a:    84 41             	if (r4 != 0) goto 2 <fm1_timer5_irq+0x118 : 2000b3e >
 2000b3c:    02 16             	r2 = r0
 2000b3e:    66 e8 00 25       	[r2+0] |= 1 << r5
 2000b42:    04 88             	goto 16 <fm1_timer5_irq+0x12E : 2000b54 >
 2000b44:    d0 ec f0 07       	r0 = [r15+112]
 2000b48:    32 e1 f2 5f       	r2 = r5 + -14
 2000b4c:    94 e1 03 22       	r2 = r0 & ~(1 << r2)
 2000b50:    d0 ec f1 27       	[r15+112] = r2
 2000b54:    c7 21             	r7 += 1
 2000b56:    87 f8 b2 0b       	if (r7 != 5) goto -156 <fm1_timer5_irq+0x98 : 2000abe >
 2000b5a:    c1 21             	r1 += 1
 2000b5c:    0a e1 01 a0       	r10 = r10 + 1
 2000b60:    81 f8 a9 17       	if (r1 != 11) goto -174 <fm1_timer5_irq+0x90 : 2000ab6 >
 2000b64:    c5 14             	r13 = 0
 2000b66:    c1 ff d2 2c 00 02 	r1 = 33565906 <FM1_ENC : 2002cd2 >
 2000b6c:    4b e0 01 00       	r11 = 1 <firmware/src/diag.c : 0 >
 2000b70:    4a e0 82 41       	r10 = 16770 <firmware/src/diag.c+0x4182 : 4182 >
 2000b74:    46 20             	r6 = 0
 2000b76:    02 f1 84 f0       	r2 = r15 + 132  #
 2000b7a:    18 40             		 r0 = b[r1+0] (u)
 2000b7c:    d8 ee 00 02       	r0 = b[r0+r2] (u)
 2000b80:    1b 42             	r3 = b[r1+2] (u)
 2000b82:    1c 41             	r4 = b[r1+1] (u)
 2000b84:    d8 ee 30 22       	r2 = b[r3+r2] (u)
 2000b88:    c0 da             	r0 >>= r4  #
 2000b8a:    1b 43             		 r3 = b[r1+3] (u)
 2000b8c:    00 a1             	r0 = r0 << 1
 2000b8e:    b2 1a             	r2 >>= r3
 2000b90:    b4 e0 60 3f       	r3 = r6 + r15
 2000b94:    07 e1 bf 30       	r7 = r3 + 191
 2000b98:    60 f1 02 00       	r0 = r0 & 0x2  #
 2000b9c:    7c 40             		 r4 = b[r7+0] (u)
 2000b9e:    62 e1 01 20       	r2 = r2 & 0x1
 2000ba2:    90 e1 20 50       	r5 = r2 | r0
 2000ba6:    84 e8 5e 50       	if (r5 != r4) goto 188 <fm1_timer5_irq+0x240 : 2000c66 >
 2000baa:    32 16             	r2 = r3
 2000bac:    58 ee 28 0b       	r0 = b[++r2=184] (u)
 2000bb0:    30 e8 ff 80       	if (r0 == 255) {
 2000bb4:    ad 40             		b[r2+0] = r5
 2000bb6:    c8 e1 b0 05       		r0 = r11 << r5
 2000bba:    52 ee 36 0c       		b[r3+198] = r0
                               	}
 2000bbe:    30 16             	r0 = r3
 2000bc0:    58 ee 0d 4c       	r4 = b[++r0=205] (u)
 2000bc4:    14 f8 18 fe       	if (r4 == 255) goto 48 <fm1_timer5_irq+0x1D2 : 2000bf8 >
 2000bc8:    0c 40             	r4 = b[r0+0] (u)
 2000bca:    c4 21             	r4 += 1
 2000bcc:    be e1 20 40       	r14 = uextra(r4, p:0, l:8)
 2000bd0:    8c 40             	b[r0+0] = r4
 2000bd2:    8e f8 11 50       	if (r14 != 40) goto 34 <fm1_timer5_irq+0x1D2 : 2000bf8 >
 2000bd6:    30 16             	r0 = r3
 2000bd8:    58 ee 06 9c       	r9 = b[++r0=198] (u)
 2000bdc:    c8 e1 b0 e5       	r14 = r11 << r5
 2000be0:    e9 fb 0a 00       	if ((r9 & r14) != 0) goto 20 <fm1_timer5_irq+0x1D2 : 2000bf8 >
 2000be4:    58 e1 03 50       	r8 = r5 ^ 0x3
 2000be8:    c8 e1 b0 48       	r4 = r11 << r8
 2000bec:    99 e8 00 04       	if (r9 != r4) {
 2000bf0:    c1 14             		r9 = 0
                               	}
 2000bf2:    90 e1 90 4e       	r4 = r9 | r14
 2000bf6:    8c 40             	b[r0+0] = r4
 2000bf8:    28 40             	r0 = b[r2+0] (u)
 2000bfa:    00 e8 37 50       	if (r5 == r0) goto 110 <fm1_timer5_irq+0x246 : 2000c6c >
 2000bfe:    48 f0 01 00       	r8 = 1  # <firmware/src/diag.c : 0 >
 2000c02:    28 40             		 r0 = b[r2+0] (u)
 2000c04:    00 a2             	r0 = r0 << 2
 2000c06:    50 19             	r0 |= r5
 2000c08:    c8 e1 a2 40       	r4 = r10 >> r0
 2000c0c:    0e e1 d4 30       	r14 = r3 + 212
 2000c10:    54 e8 08 02       	if ((r4 & 1) != 0) goto 16 <fm1_timer5_irq+0x1FE : 2000c24 >
 2000c14:    44 e0 14 28       	r4 = 10260 <firmware/src/diag.c+0x2814 : 2814 >
 2000c18:    c8 e1 42 00       	r0 = r4 >> r0
 2000c1c:    48 e0 ff 00       	r8 = 255 <firmware/src/diag.c+0xFE : fe >
 2000c20:    50 e8 05 00       	if ((r0 & 1) == 0) goto 10 <fm1_timer5_irq+0x208 : 2000c2e >
 2000c24:    50 ee e0 00       	r0 = b[r14+0] (u)
 2000c28:    80 18             	r0 += r8
 2000c2a:    52 ee e0 00       	b[r14+0] = r0
 2000c2e:    ad 40             	b[r2+0] = r5
 2000c30:    50 ee 36 0c       	r0 = b[r3+198] (u)
 2000c34:    94 e1 02 05       	r0 = r0 & (1 << r5)
 2000c38:    00 59             	if (r0 == 0) goto 50 <fm1_timer5_irq+0x246 : 2000c6c >
 2000c3a:    54 ee 75 01       	r0 = b[r7+21] (s)
 2000c3e:    42 21             	r2 = 1
 2000c40:    00 fe 07 02       	ifs (r0 > 1) goto 14 <fm1_timer5_irq+0x22C : 2000c52 >
 2000c44:    54 ee 75 01       	r0 = b[r7+21] (s)
 2000c48:    c2 ff ff ff 00 00 	r2 = 65535 <firmware/src/diag.c+0xFFFE : fffe >
 2000c4e:    70 fd 07 fe       	ifs (r0 >= -1) goto 14 <fm1_timer5_irq+0x23A : 2000c60 >
 2000c52:    60 a1             	r0 = r6 << 1
 2000c54:    f0 18             	r0 += r15
 2000c56:    50 ed 0c 3d       	r3 = h[r0+220] (u)
 2000c5a:    32 18             	r2 += r3
 2000c5c:    50 ed 0d 2d       	h[r0+220] = r2
 2000c60:    52 ee e0 d0       	b[r14+0] = r13
 2000c64:    04 83             	goto 6 <fm1_timer5_irq+0x246 : 2000c6c >
 2000c66:    fd 40             	b[r7+0] = r5
 2000c68:    52 ee 3d dc       	b[r3+205] = r13
 2000c6c:    c6 21             	r6 += 1
 2000c6e:    c1 24             	r1 += 4
 2000c70:    86 f8 81 0f       	if (r6 != 7) goto -254 <fm1_timer5_irq+0x150 : 2000b76 >
 2000c74:    00 e1 ec f0       	r0 = r15 + 236
 2000c78:    c0 eb 01 00       	[r0+0] += 1
 2000c7c:    d0 ec c8 00       	r0 = [r12+8]
 2000c80:    41 25             	r1 = 5
 2000c82:    f4 e1 00 11       	r1 = r0 / r1 (u)
 2000c86:    e1 e1 05 10       	r1 = r1 * 0x5
 2000c8a:    08 1e             	r0 = r0 - r1
 2000c8c:    01 ff 00 00 14 03 	if (r0 != 0) goto 1576 <fm1_timer5_irq+0x894 : 20012ba >
 2000c92:    40 e0 40 01       	r0 = 320 <firmware/src/diag.c+0x140 : 140 >
 2000c96:    d8 ee c0 00       	r0 = b[r12+r0] (u)
 2000c9a:    00 ff 00 00 0d 03 	if (r0 == 0) goto 1562 <fm1_timer5_irq+0x894 : 20012ba >
 2000ca0:    60 e0 8c 9b       	r9 = 0x11800
 2000ca4:    d0 ec 90 00       	r0 = [r9+0]
 2000ca8:    50 e8 0b 6a       	if ((r0 & 8192) != 0) goto 22 <fm1_timer5_irq+0x29C : 2000cc2 >
 2000cac:    c1 16             	r1 = r12
 2000cae:    d1 ec 1a 06       	r0 = [++r1=360]
 2000cb2:    c0 21             	r0 += 1
 2000cb4:    90 60             	[r1+0] = r0
 2000cb6:    11 62             	r1 = [r1+8] 
 2000cb8:    10 ec 00 01       	if (r0 > r1) {
 2000cbc:    d1 ec c1 07       		[r12+368] = r0
                               	}
 2000cc0:    04 88             	goto 16 <fm1_timer5_irq+0x2AC : 2000cd2 >
 2000cc2:    00 ef 80 9d       	[r9+0] |= 0x1000
 2000cc6:    00 e1 60 c1       	r0 = r12 + 352
 2000cca:    c0 eb 01 00       	[r0+0] += 1
 2000cce:    42 ea 00 00       	[r0+8] = 0x0
 2000cd2:    40 e0 41 01       	r0 = 321 <firmware/src/diag.c+0x140 : 140 >
 2000cd6:    d8 ee c0 00       	r0 = b[r12+r0] (u)
 2000cda:    10 53             	if (r0 == 0) goto 102 <fm1_timer5_irq+0x31C : 2000d42 >
 2000cdc:    d0 ec c8 01       	r0 = [r12+24]
 2000ce0:    c0 21             	r0 += 1
 2000ce2:    d0 ec c9 01       	[r12+24] = r0
 2000ce6:    80 f9 2c 28       	if (r0 < 20) goto 88 <fm1_timer5_irq+0x31C : 2000d42 >
 2000cea:    45 20             	r5 = 0
 2000cec:    d0 ec c9 51       	[r12+24] = r5
 2000cf0:    40 2c             	r0 = 12
 2000cf2:    bf ea d4 fd       	call -1112 <sie_rd : 200089e >
 2000cf6:    06 16             	r6 = r0
 2000cf8:    40 2d             	r0 = 13
 2000cfa:    bf ea d0 fd       	call -1120 <sie_rd : 200089e >
 2000cfe:    00 a8             	r0 = r0 << 8
 2000d00:    51 ed cc 17       	r1 = h[r12+380] (u)
 2000d04:    60 e1 e0 0e       	r0 = r0 & 0x700
 2000d08:    60 19             	r0 |= r6
 2000d0a:    82 17             	r2 = r0.l (u)
 2000d0c:    82 e8 14 10       	if (r1 != r2) goto 40 <fm1_timer5_irq+0x312 : 2000d38 >
 2000d10:    51 ed ce 07       	r0 = h[r12+382] (u)
 2000d14:    c0 21             	r0 += 1
 2000d16:    81 17             	r1 = r0.l (u)
 2000d18:    51 ed cf 07       	h[r12+382] = r0
 2000d1c:    81 f9 11 14       	if (r1 < 10) goto 34 <fm1_timer5_irq+0x31C : 2000d42 >
 2000d20:    40 e0 81 01       	r0 = 385 <firmware/src/diag.c+0x180 : 180 >
 2000d24:    d8 ee c0 00       	r0 = b[r12+r0] (u)
 2000d28:    80 4c             	if (r0 != 0) goto 24 <fm1_timer5_irq+0x31C : 2000d42 >
 2000d2a:    40 21             	r0 = 1
 2000d2c:    01 e1 78 c1       	r1 = r12 + 376
 2000d30:    98 49             	b[r1+9] = r0
 2000d32:    c0 eb 01 10       	[r1+0] += 1
 2000d36:    04 85             	goto 10 <fm1_timer5_irq+0x31C : 2000d42 >
 2000d38:    c1 16             	r1 = r12
 2000d3a:    59 ed 1d 07       	h[++r1=380] = r0
 2000d3e:    9d 61             	h[r1+2] = r5
 2000d40:    9d 45             	b[r1+5] = r5
 2000d42:    40 26             	r0 = 6
 2000d44:    bf ea ab fd       	call -1194 <sie_rd : 200089e >
 2000d48:    07 16             	r7 = r0
 2000d4a:    40 22             	r0 = 2
 2000d4c:    bf ea a7 fd       	call -1202 <sie_rd : 200089e >
 2000d50:    06 16             	r6 = r0
 2000d52:    40 24             	r0 = 4
 2000d54:    bf ea a3 fd       	call -1210 <sie_rd : 200089e >
 2000d58:    0d 16             	r13 = r0
 2000d5a:    57 e8 09 00       	if ((r7 & 1) == 0) goto 18 <fm1_timer5_irq+0x34A : 2000d70 >
 2000d5e:    00 e1 6c c1       	r0 = r12 + 364
 2000d62:    c0 eb 01 00       	[r0+0] += 1
 2000d66:    40 e0 81 01       	r0 = 385 <firmware/src/diag.c+0x180 : 180 >
 2000d6a:    41 21             	r1 = 1
 2000d6c:    d8 ee c1 10       	b[r12+r0] = r1
 2000d70:    37 ea 02 80       	if ((r7 & 0x2) != 0) {
 2000d74:    40 e0 81 01       		r0 = 385 <firmware/src/diag.c+0x180 : 180 >
 2000d78:    41 20             		r1 = 0
 2000d7a:    d8 ee c1 10       		b[r12+r0] = r1
                               	}
 2000d7e:    ca ff 00 80 c0 01 	r10 = 29392896 <cdc : 1c08000 >
 2000d84:    c8 ff 30 80 c0 01 	r8 = 29392944 <ep0buf : 1c08030 >
 2000d8a:    57 e8 31 10       	if ((r7 & 4) == 0) goto 98 <fm1_timer5_irq+0x3CA : 2000df0 >
 2000d8e:    04 e1 40 c1       	r4 = r12 + 320
 2000d92:    c4 eb 01 40       	[r4+16] += 1
 2000d96:    80 14             	r1_r0 = 0
 2000d98:    45 20             	r5 = 0
 2000d9a:    bf ea ad fd       	call -1190 <sie_wr : 20008f8 >
 2000d9e:    40 f0 81 01       	r0 = 385  # <firmware/src/diag.c+0x180 : 180 >
 2000da2:    cd 41             		 b[r4+1] = r5
 2000da4:    d8 ee c1 50       	b[r12+r0] = r5
 2000da8:    d0 ec cc 01       	r0 = [r12+28]
 2000dac:    d0 ec c1 02       	[r12+32] = r0
 2000db0:    40 e0 9b 01       	r0 = 411 <firmware/src/diag.c+0x19A : 19a >
 2000db4:    d8 ee c1 50       	b[r12+r0] = r5
 2000db8:    d0 ec c4 02       	r0 = [r12+36]
 2000dbc:    d0 ec c9 02       	[r12+40] = r0
 2000dc0:    52 ee c1 50       	b[r12+1] = r5
 2000dc4:    cd 44             	b[r4+4] = r5
 2000dc6:    cd 43             	b[r4+3] = r5
 2000dc8:    52 ee a7 50       	b[r10+7] = r5
 2000dcc:    52 ee a8 50       	b[r10+8] = r5
 2000dd0:    52 ee a9 50       	b[r10+9] = r5
 2000dd4:    d0 ec 99 81       	[r9+24] = r8
 2000dd8:    40 2b             	r0 = 11
 2000dda:    41 27             	r1 = 7
 2000ddc:    bf ea 8c fd       	call -1256 <sie_wr : 20008f8 >
 2000de0:    40 27             	r0 = 7
 2000de2:    41 21             	r1 = 1
 2000de4:    bf ea 88 fd       	call -1264 <sie_wr : 20008f8 >
 2000de8:    40 29             	r0 = 9
 2000dea:    41 20             	r1 = 0
 2000dec:    bf ea 84 fd       	call -1272 <sie_wr : 20008f8 >
 2000df0:    cb ff 00 81 c0 01 	r11 = 29393152 <ep3tx : 1c08100 >
 2000df6:    c7 ff 40 81 c0 01 	r7 = 29393216 <ep3rx : 1c08140 >
 2000dfc:    56 e8 5d 00       	if ((r6 & 1) == 0) goto 186 <fm1_timer5_irq+0x494 : 2000eba >
 2000e00:    44 e0 43 01       	r4 = 323 <firmware/src/diag.c+0x142 : 142 >
 2000e04:    d8 ee c0 04       	r0 = b[r12+r4] (u)
 2000e08:    00 4a             	if (r0 == 0) goto 20 <fm1_timer5_irq+0x3F8 : 2000e1e >
 2000e0a:    40 e0 42 01       	r0 = 322 <firmware/src/diag.c+0x142 : 142 >
 2000e0e:    d8 ee c0 10       	r1 = b[r12+r0] (u)
 2000e12:    40 20             	r0 = 0
 2000e14:    45 20             	r5 = 0
 2000e16:    bf ea 6f fd       	call -1314 <sie_wr : 20008f8 >
 2000e1a:    d8 ee c1 54       	b[r12+r4] = r5
 2000e1e:    40 2e             	r0 = 14
 2000e20:    41 20             	r1 = 0
 2000e22:    44 20             	r4 = 0
 2000e24:    bf ea 68 fd       	call -1328 <sie_wr : 20008f8 >
 2000e28:    40 31             	r0 = 17
 2000e2a:    bf ea 38 fd       	call -1424 <sie_rd : 200089e >
 2000e2e:    06 16             	r6 = r0
 2000e30:    56 e8 0c 12       	if ((r6 & 4) != 0) goto 24 <fm1_timer5_irq+0x426 : 2000e4c >
 2000e34:    56 e8 15 22       	if ((r6 & 16) != 0) goto 42 <fm1_timer5_irq+0x43C : 2000e62 >
 2000e38:    40 e0 44 01       	r0 = 324 <firmware/src/diag.c+0x144 : 144 >
 2000e3c:    d8 ee c0 00       	r0 = b[r12+r0] (u)
 2000e40:    00 5b             	if (r0 == 0) goto 54 <fm1_timer5_irq+0x452 : 2000e78 >
 2000e42:    56 e8 3a 0a       	if ((r6 & 2) != 0) goto 116 <fm1_timer5_irq+0x494 : 2000eba >
 2000e46:    bf ea 81 fd       	call -1278 <e0_chunk : 200094c >
 2000e4a:    14 97             	goto 110 <fm1_timer5_irq+0x494 : 2000eba >
 2000e4c:    40 31             	r0 = 17
 2000e4e:    41 20             	r1 = 0
 2000e50:    bf ea 52 fd       	call -1372 <sie_wr : 20008f8 >
 2000e54:    40 e0 44 01       	r0 = 324 <firmware/src/diag.c+0x144 : 144 >
 2000e58:    d8 ee c1 40       	b[r12+r0] = r4
 2000e5c:    52 ee a8 40       	b[r10+8] = r4
 2000e60:    14 8c             	goto 88 <fm1_timer5_irq+0x494 : 2000eba >
 2000e62:    40 31             	r0 = 17
 2000e64:    61 20             	r1 = 128
 2000e66:    bf ea 47 fd       	call -1394 <sie_wr : 20008f8 >
 2000e6a:    40 e0 44 01       	r0 = 324 <firmware/src/diag.c+0x144 : 144 >
 2000e6e:    41 20             	r1 = 0
 2000e70:    d8 ee c1 10       	b[r12+r0] = r1
 2000e74:    52 ee a8 10       	b[r10+8] = r1
 2000e78:    56 e8 1f 00       	if ((r6 & 1) == 0) goto 62 <fm1_timer5_irq+0x494 : 2000eba >
 2000e7c:    22 00             	ssync
 2000e7e:    50 ee a8 00       	r0 = b[r10+8] (u)
 2000e82:    00 ff 00 00 5d 02 	if (r0 == 0) goto 1210 <fm1_timer5_irq+0x91C : 2001342 >
 2000e88:    40 36             	r0 = 22
 2000e8a:    bf ea 08 fd       	call -1520 <sie_rd : 200089e >
 2000e8e:    00 4a             	if (r0 == 0) goto 20 <fm1_timer5_irq+0x47E : 2000ea4 >
 2000e90:    41 20             	r1 = 0
 2000e92:    d8 ee 10 28       	r2 = b[r1+r8] (u)
 2000e96:    d8 ee 11 2a       	b[r1+r10] = r2
 2000e9a:    c1 21             	r1 += 1
 2000e9c:    01 fc 02 0c       	if (r1 > 6) goto 4 <fm1_timer5_irq+0x47E : 2000ea4 >
 2000ea0:    80 e9 f7 11       	if (r1 < r0) goto -18 <fm1_timer5_irq+0x46C : 2000e92 >
 2000ea4:    40 20             	r0 = 0
 2000ea6:    52 ee a8 00       	b[r10+8] = r0
 2000eaa:    40 2e             	r0 = 14
 2000eac:    41 20             	r1 = 0
 2000eae:    bf ea 23 fd       	call -1466 <sie_wr : 20008f8 >
 2000eb2:    40 31             	r0 = 17
 2000eb4:    51 28             	r1 = 72
 2000eb6:    bf ea 1f fd       	call -1474 <sie_wr : 20008f8 >
 2000eba:    60 ff 02 d0 01 01 	if ((r13 & 0x2) == 0) goto 514 <fm1_timer5_irq+0x69C : 20010c2 >
 2000ec0:    40 2e             	r0 = 14
 2000ec2:    41 21             	r1 = 1
 2000ec4:    bf ea 18 fd       	call -1488 <sie_wr : 20008f8 >
 2000ec8:    40 34             	r0 = 20
 2000eca:    bf ea e8 fc       	call -1584 <sie_rd : 200089e >
 2000ece:    04 16             	r4 = r0
 2000ed0:    40 35             	r0 = 21
 2000ed2:    bf ea e4 fc       	call -1592 <sie_rd : 200089e >
 2000ed6:    54 e8 f4 00       	if ((r4 & 1) == 0) goto 488 <fm1_timer5_irq+0x69C : 20010c2 >
 2000eda:    d4 e9 09 d0       	[sp+8] = r13
 2000ede:    00 a8             	r0 = r0 << 8
 2000ee0:    40 d9             	r0 |= r4  #
 2000ee2:    84 21             		 [sp+4] = r4
 2000ee4:    80 20             	[sp] = r0
 2000ee6:    40 36             	r0 = 22
 2000ee8:    bf ea d9 fc       	call -1614 <sie_rd : 200089e >
 2000eec:    06 16             	r6 = r0
 2000eee:    40 37             	r0 = 23
 2000ef0:    bf ea d5 fc       	call -1622 <sie_rd : 200089e >
 2000ef4:    00 a8             	r0 = r0 << 8
 2000ef6:    60 19             	r0 |= r6
 2000ef8:    30 e9 40 00       	if (r0 >= 64) {
 2000efc:    50 20             		r0 = 64
                               	}
 2000efe:    22 00             	ssync
 2000f00:    80 f9 bf 08       	if (r0 < 4) goto 382 <fm1_timer5_irq+0x65C : 2001082 >
 2000f04:    41 20             	r1 = 0
 2000f06:    42 f0 9b 01       	r2 = 411  # <firmware/src/diag.c+0x19A : 19a >
 2000f0a:    80 23             		 [sp+12] = r0
 2000f0c:    43 e0 9a 01       	r3 = 410 <firmware/src/diag.c+0x19A : 19a >
 2000f10:    46 e0 8a 01       	r6 = 394 <firmware/src/diag.c+0x18A : 18a >
 2000f14:    cb ff f3 2d 00 02 	r11 = 33566195 <STR2+0x13 : 2002df2 >
 2000f1a:    4a e0 01 00       	r10 = 1 <firmware/src/diag.c : 0 >
 2000f1e:    c5 14             	r13 = 0
 2000f20:    04 8c             	goto 24 <fm1_timer5_irq+0x514 : 2000f3a >
 2000f22:    d0 ec cc 02       	r0 = [r12+44]
 2000f26:    d0 ec c0 43       	r4 = [r12+48]
 2000f2a:    00 1f             	r0 = r0 - r4
 2000f2c:    00 fc a2 7e       	if (r0 > 63) goto 324 <fm1_timer5_irq+0x64E : 2001074 >
 2000f30:    d0 ec cc 02       	r0 = [r12+44]
 2000f34:    cb eb 01 c0       	[r12+44] += 1
 2000f38:    44 9d             	goto 314 <fm1_timer5_irq+0x64E : 2001074 >
 2000f3a:    c0 ff b4 80 c0 01 	r0 = 29393076 <ep1rx : 1c080b4 >
 2000f40:    d8 ee d0 00       	r0 = b[r13+r0] (u)
 2000f44:    74 e1 f3 00       	r4 = r0 & 0xFFFFFF0C
 2000f48:    70 e1 f0 00       	r0 = r0 & 0xFFFFFF0F
 2000f4c:    84 f8 89 08       	if (r4 != 4) goto 274 <fm1_timer5_irq+0x63C : 2001062 >
 2000f50:    49 e0 03 00       	r9 = 3 <firmware/src/diag.c+0x2 : 2 >
 2000f54:    00 f8 08 08       	if (r0 == 4) goto 16 <fm1_timer5_irq+0x542 : 2000f68 >
 2000f58:    00 f8 06 0e       	if (r0 == 7) goto 12 <fm1_timer5_irq+0x542 : 2000f68 >
 2000f5c:    49 e0 02 00       	r9 = 2 <firmware/src/diag.c+0x2 : 2 >
 2000f60:    b0 e8 06 00       	if (r0 != 6) {
 2000f64:    49 e0 01 00       		r9 = 1
                               	} <firmware/src/diag.c : 0 >
 2000f68:    4e e1 01 d0       	r14 = r13 | 0x1
 2000f6c:    c0 14             	r8 = 0
 2000f6e:    b4 e0 80 0e       	r0 = r8 + r14
 2000f72:    c4 ff b4 80 c0 01 	r4 = 29393076 <ep1rx : 1c080b4 >
 2000f78:    d8 ee 00 54       	r5 = b[r0+r4] (u)
 2000f7c:    95 f8 0f e0       	if (r5 != 240) goto 30 <fm1_timer5_irq+0x578 : 2000f9e >
 2000f80:    44 21             	r4 = 1
 2000f82:    d8 ee c1 42       	b[r12+r2] = r4
 2000f86:    40 20             	r0 = 0
 2000f88:    d8 ee c1 03       	b[r12+r3] = r0
 2000f8c:    50 ee c2 70       	r7 = b[r12+2] (u)
 2000f90:    07 41             	if (r7 == 0) goto 2 <fm1_timer5_irq+0x56E : 2000f94 >
 2000f92:    44 20             	r4 = 0
 2000f94:    52 ee c1 40       	b[r12+1] = r4
 2000f98:    d0 ec c5 03       	[r12+52] = r0
 2000f9c:    04 83             	goto 6 <fm1_timer5_irq+0x57E : 2000fa4 >
 2000f9e:    d8 ee c0 02       	r0 = b[r12+r2] (u)
 2000fa2:    20 5a             	if (r0 == 0) goto 180 <fm1_timer5_irq+0x632 : 2001058 >
 2000fa4:    50 ee c1 00       	r0 = b[r12+1] (u)
 2000fa8:    00 53             	if (r0 == 0) goto 38 <fm1_timer5_irq+0x5AA : 2000fd0 >
 2000faa:    15 f8 11 e0       	if (r5 == 240) goto 34 <fm1_timer5_irq+0x5AA : 2000fd0 >
 2000fae:    15 f8 0f ee       	if (r5 == 247) goto 30 <fm1_timer5_irq+0x5AA : 2000fd0 >
 2000fb2:    d0 ec c4 03       	r0 = [r12+52]
 2000fb6:    40 fc 09 fe       	if (r0 > 639) goto 18 <fm1_timer5_irq+0x5A6 : 2000fcc >
 2000fba:    0c 81             	r4 = r0 + 1
 2000fbc:    d0 ec c5 43       	[r12+52] = r4
 2000fc0:    c4 ff 84 81 c0 01 	r4 = 29393284 <sx_frame : 1c08184 >
 2000fc6:    d8 ee 01 54       	b[r0+r4] = r5
 2000fca:    04 82             	goto 4 <fm1_timer5_irq+0x5AA : 2000fd0 >
 2000fcc:    52 ee c1 10       	b[r12+1] = r1
 2000fd0:    d8 ee c0 03       	r0 = b[r12+r3] (u)
 2000fd4:    b0 ec 0f c0       	if (r0 <= 15) {
 2000fd8:    0c 81             		r4 = r0 + 1
 2000fda:    d8 ee c1 43       		b[r12+r3] = r4
 2000fde:    c0 18             		r0 += r12
 2000fe0:    d8 ee 01 56       		b[r0+r6] = r5
                               	}
 2000fe4:    95 f8 38 ee       	if (r5 != 247) goto 112 <fm1_timer5_irq+0x632 : 2001058 >
 2000fe8:    d8 ee c0 53       	r5 = b[r12+r3] (u)
 2000fec:    85 f8 12 0c       	if (r5 != 6) goto 36 <fm1_timer5_irq+0x5EE : 2001014 >
 2000ff0:    40 20             	r0 = 0
 2000ff2:    d8 ee 00 4b       	r4 = b[r0+r11] (u)
 2000ff6:    b4 e0 00 7c       	r7 = r0 + r12
 2000ffa:    d8 ee 70 76       	r7 = b[r7+r6] (u)
 2000ffe:    c0 21             	r0 += 1
 2001000:    00 fc 02 0a       	if (r0 > 5) goto 4 <fm1_timer5_irq+0x5E2 : 2001008 >
 2001004:    04 e8 f5 71       	if (r7 == r4) goto -22 <fm1_timer5_irq+0x5CC : 2000ff2 >
 2001008:    84 e8 04 70       	if (r7 != r4) goto 8 <fm1_timer5_irq+0x5EE : 2001014 >
 200100c:    28 81             	r0 = r2 + 1
 200100e:    d8 ee c1 a0       	b[r12+r0] = r10
 2001012:    04 9e             	goto 60 <fm1_timer5_irq+0x62A : 2001050 >
 2001014:    00 e1 8b c1       	r0 = r12 + 395
 2001018:    85 f8 10 0c       	if (r5 != 6) goto 32 <fm1_timer5_irq+0x616 : 200103c >
 200101c:    0c 40             	r4 = b[r0+0] (u)
 200101e:    84 f8 0d 44       	if (r4 != 34) goto 26 <fm1_timer5_irq+0x616 : 200103c >
 2001022:    0c 41             	r4 = b[r0+1] (u)
 2001024:    84 f8 0a 48       	if (r4 != 36) goto 20 <fm1_timer5_irq+0x616 : 200103c >
 2001028:    0c 42             	r4 = b[r0+2] (u)
 200102a:    84 f8 07 6a       	if (r4 != 53) goto 14 <fm1_timer5_irq+0x616 : 200103c >
 200102e:    08 43             	r0 = b[r0+3] (u)
 2001030:    80 f8 04 fe       	if (r0 != 127) goto 8 <fm1_timer5_irq+0x616 : 200103c >
 2001034:    28 82             	r0 = r2 + 2
 2001036:    d8 ee c1 a0       	b[r12+r0] = r10
 200103a:    04 8a             	goto 20 <fm1_timer5_irq+0x62A : 2001050 >
 200103c:    50 ee c1 00       	r0 = b[r12+1] (u)
 2001040:    00 47             	if (r0 == 0) goto 14 <fm1_timer5_irq+0x62A : 2001050 >
 2001042:    d0 ec c4 03       	r0 = [r12+52]
 2001046:    00 44             	if (r0 == 0) goto 8 <fm1_timer5_irq+0x62A : 2001050 >
 2001048:    d0 ec c9 03       	[r12+56] = r0
 200104c:    52 ee c2 a0       	b[r12+2] = r10
 2001050:    52 ee c1 10       	b[r12+1] = r1
 2001054:    d8 ee c1 12       	b[r12+r2] = r1
 2001058:    08 e1 01 80       	r8 = r8 + 1
 200105c:    89 e9 87 81       	if (r8 < r9) goto -242 <fm1_timer5_irq+0x548 : 2000f6e >
 2001060:    04 89             	goto 18 <fm1_timer5_irq+0x64E : 2001074 >
 2001062:    00 fc 5e 1f       	if (r0 > 15) goto -324 <fm1_timer5_irq+0x4FC : 2000f22 >
 2001066:    c4 ff ff 80 00 00 	r4 = 33023 <firmware/src/diag.c+0x80FE : 80fe >
 200106c:    94 e1 42 00       	r0 = r4 & (1 << r0)
 2001070:    00 f8 57 01       	if (r0 == 0) goto -338 <fm1_timer5_irq+0x4FC : 2000f22 >
 2001074:    0d f1 04 d0       	r13 = r13 + 4  #
 2001078:    04 23             		 r4 = [sp+12]
 200107a:    40 e1 03 d0       	r0 = r13 | 0x3
 200107e:    84 e9 5c 01       	if (r0 < r4) goto -328 <fm1_timer5_irq+0x514 : 2000f3a >
 2001082:    00 e1 58 c1       	r0 = r12 + 344
 2001086:    c0 eb 01 00       	[r0+0] += 1
 200108a:    00 21             	r0 = [sp+4]
 200108c:    60 e1 8b 00       	r0 = r0 & 0x8B
 2001090:    41 e1 10 00       	r1 = r0 | 0x10
 2001094:    40 34             	r0 = 20
 2001096:    bf ea 2f fc       	call -1954 <sie_wr : 20008f8 >
 200109a:    00 20             	r0 = [sp]
 200109c:    80 a9             	r0 = r0 >> 9
 200109e:    01 a1             	r1 = r0 << 1
 20010a0:    40 35             	r0 = 21
 20010a2:    bf ea 29 fc       	call -1966 <sie_wr : 20008f8 >
 20010a6:    60 e0 8c 9b       	r9 = 0x11800
 20010aa:    ca ff 00 80 c0 01 	r10 = 29392896 <cdc : 1c08000 >
 20010b0:    c7 ff 00 81 c0 01 	r7 = 29393152 <ep3tx : 1c08100 >
 20010b6:    7b 16             	r11 = r7
 20010b8:    c7 ff 40 81 c0 01 	r7 = 29393216 <ep3rx : 1c08140 >
 20010be:    d4 e9 08 d0       	r13 = [sp+8]
 20010c2:    40 e0 41 01       	r0 = 321 <firmware/src/diag.c+0x140 : 140 >
 20010c6:    d8 ee c0 00       	r0 = b[r12+r0] (u)
 20010ca:    c4 ff 74 80 c0 01 	r4 = 29393012 <ep1tx : 1c08074 >
 20010d0:    00 f8 f3 00       	if (r0 == 0) goto 486 <fm1_timer5_irq+0x894 : 20012ba >
 20010d4:    d0 ec cc 01       	r0 = [r12+28]
 20010d8:    d0 ec c0 12       	r1 = [r12+32]
 20010dc:    81 e8 06 00       	if (r0 != r1) goto 12 <fm1_timer5_irq+0x6C6 : 20010ec >
 20010e0:    d0 ec c4 02       	r0 = [r12+36]
 20010e4:    d0 ec c8 12       	r1 = [r12+40]
 20010e8:    01 e8 47 00       	if (r0 == r1) goto 142 <fm1_timer5_irq+0x754 : 200117a >
 20010ec:    40 2e             	r0 = 14
 20010ee:    41 21             	r1 = 1
 20010f0:    bf ea 02 fc       	call -2044 <sie_wr : 20008f8 >
 20010f4:    40 31             	r0 = 17
 20010f6:    bf ea d2 fb       	call -2140 <sie_rd : 200089e >
 20010fa:    50 e8 3e 02       	if ((r0 & 1) != 0) goto 124 <fm1_timer5_irq+0x754 : 200117a >
 20010fe:    30 ea 80 80       	if ((r0 & 0x80) != 0) {
 2001102:    71 e1 80 00       		r1 = r0 & 0xFFFFFF7F
 2001106:    40 31             		r0 = 17
 2001108:    bf ea f6 fb       		call -2068
                               	} <sie_wr : 20008f8 >
 200110c:    d0 ec c8 12       	r1 = [r12+40]
 2001110:    d0 ec c4 22       	r2 = [r12+36]
 2001114:    40 20             	r0 = 0
 2001116:    02 e8 1a 10       	if (r1 == r2) goto 52 <fm1_timer5_irq+0x728 : 200114e >
 200111a:    d0 ec c8 12       	r1 = [r12+40]
 200111e:    02 e1 f0 f0       	r2 = r15 + 240
 2001122:    61 e1 3f 10       	r1 = r1 & 0x3F
 2001126:    d8 ec 2a 11       	r1 = [r2+r1<<2]
 200112a:    42 16             	r2 = r4
 200112c:    dc ee 21 10       	b[++r2=r0] = r1
 2001130:    93 a8             	r3 = r1 >> 8
 2001132:    ab 41             	b[r2+1] = r3
 2001134:    93 b0             	r3 = r1 >> 16
 2001136:    ab 42             	b[r2+2] = r3
 2001138:    91 b8             	r1 = r1 >> 24
 200113a:    a9 43             	b[r2+3] = r1
 200113c:    ca eb 01 c0       	[r12+40] += 1
 2001140:    d0 ec c8 12       	r1 = [r12+40]
 2001144:    d0 ec c4 22       	r2 = [r12+36]
 2001148:    c0 24             	r0 += 4
 200114a:    80 fc e4 7f       	if (r0 <= 63) goto -56 <fm1_timer5_irq+0x6F0 : 2001116 >
 200114e:    50 ee c3 10       	r1 = b[r12+3] (u)
 2001152:    01 f8 d8 00       	if (r1 == 0) goto 432 <fm1_timer5_irq+0x8E0 : 2001306 >
 2001156:    00 51             	if (r0 == 0) goto 34 <fm1_timer5_irq+0x754 : 200117a >
 2001158:    20 00             	csync
 200115a:    d0 ec 9d 41       	[r9+28] = r4
 200115e:    d0 ec 9d 00       	[r9+12] = r0
 2001162:    40 31             	r0 = 17
 2001164:    bf ea 9b fb       	call -2250 <sie_rd : 200089e >
 2001168:    41 e1 01 00       	r1 = r0 | 0x1
 200116c:    40 31             	r0 = 17
 200116e:    bf ea c3 fb       	call -2170 <sie_wr : 20008f8 >
 2001172:    00 e1 5c c1       	r0 = r12 + 348
 2001176:    c0 eb 01 00       	[r0+0] += 1
 200117a:    40 e0 41 01       	r0 = 321 <firmware/src/diag.c+0x140 : 140 >
 200117e:    d8 ee c0 00       	r0 = b[r12+r0] (u)
 2001182:    00 f8 9a 00       	if (r0 == 0) goto 308 <fm1_timer5_irq+0x894 : 20012ba >
 2001186:    5d e8 04 1a       	if ((r13 & 8) != 0) goto 8 <fm1_timer5_irq+0x76C : 2001192 >
 200118a:    50 ee a9 00       	r0 = b[r10+9] (u)
 200118e:    80 44             	if (r0 != 0) goto 8 <fm1_timer5_irq+0x772 : 2001198 >
 2001190:    24 8f             	goto 158 <fm1_timer5_irq+0x80A : 2001230 >
 2001192:    40 21             	r0 = 1
 2001194:    52 ee a9 00       	b[r10+9] = r0
 2001198:    40 2e             	r0 = 14
 200119a:    41 23             	r1 = 3
 200119c:    bf ea ac fb       	call -2216 <sie_wr : 20008f8 >
 20011a0:    40 34             	r0 = 20
 20011a2:    bf ea 7c fb       	call -2312 <sie_rd : 200089e >
 20011a6:    04 16             	r4 = r0
 20011a8:    40 35             	r0 = 21
 20011aa:    bf ea 78 fb       	call -2320 <sie_rd : 200089e >
 20011ae:    54 e8 04 02       	if ((r4 & 1) != 0) goto 8 <fm1_timer5_irq+0x794 : 20011ba >
 20011b2:    40 20             	r0 = 0
 20011b4:    52 ee a9 00       	b[r10+9] = r0
 20011b8:    14 9b             	goto 118 <fm1_timer5_irq+0x80A : 2001230 >
 20011ba:    00 a8             	r0 = r0 << 8
 20011bc:    90 e1 00 54       	r5 = r0 | r4
 20011c0:    40 36             	r0 = 22
 20011c2:    bf ea 6c fb       	call -2344 <sie_rd : 200089e >
 20011c6:    06 16             	r6 = r0
 20011c8:    40 37             	r0 = 23
 20011ca:    bf ea 68 fb       	call -2352 <sie_rd : 200089e >
 20011ce:    00 a8             	r0 = r0 << 8
 20011d0:    60 19             	r0 |= r6
 20011d2:    30 e9 40 00       	if (r0 >= 64) {
 20011d6:    50 20             		r0 = 64
                               	}
 20011d8:    d0 ec cc 13       	r1 = [r12+60]
 20011dc:    d0 ec c0 24       	r2 = [r12+64]
 20011e0:    a1 e0 80 1f       	r1 = 0x100 - r1
 20011e4:    21 18             	r1 += r2
 20011e6:    80 e9 23 10       	if (r1 < r0) goto 70 <fm1_timer5_irq+0x80A : 2001230 >
 20011ea:    41 20             	r1 = 0
 20011ec:    52 ee a9 10       	b[r10+9] = r1
 20011f0:    22 00             	ssync
 20011f2:    00 4e             	if (r0 == 0) goto 28 <fm1_timer5_irq+0x7EA : 2001210 >
 20011f4:    c2 ff 20 9a c0 01 	r2 = 29399584 <cdc_in : 1c09a20 >
 20011fa:    d8 ee 10 37       	r3 = b[r1+r7] (u)
 20011fe:    d0 ec cc 63       	r6 = [r12+60]
 2001202:    16 18             	r6 += r1
 2001204:    66 17             	r6 = r6.b0 (u)
 2001206:    c1 21             	r1 += 1
 2001208:    d8 ee 61 32       	b[r6+r2] = r3
 200120c:    80 e9 f5 11       	if (r1 < r0) goto -22 <fm1_timer5_irq+0x7D4 : 20011fa >
 2001210:    68 e8 3c c0       	[r12+60] += r0
 2001214:    c3 eb 01 a0       	[r10+12] += 1
 2001218:    60 e1 8b 40       	r0 = r4 & 0x8B
 200121c:    41 e1 10 00       	r1 = r0 | 0x10
 2001220:    40 34             	r0 = 20
 2001222:    bf ea 69 fb       	call -2350 <sie_wr : 20008f8 >
 2001226:    d0 a9             	r0 = r5 >> 9
 2001228:    01 a1             	r1 = r0 << 1
 200122a:    40 35             	r0 = 21
 200122c:    bf ea 64 fb       	call -2360 <sie_wr : 20008f8 >
 2001230:    50 ee a7 00       	r0 = b[r10+7] (u)
 2001234:    20 42             	if (r0 == 0) goto 132 <fm1_timer5_irq+0x894 : 20012ba >
 2001236:    d0 ec c4 04       	r0 = [r12+68]
 200123a:    d0 ec c8 14       	r1 = [r12+72]
 200123e:    01 e8 3c 00       	if (r0 == r1) goto 120 <fm1_timer5_irq+0x894 : 20012ba >
 2001242:    40 2e             	r0 = 14
 2001244:    41 23             	r1 = 3
 2001246:    bf ea 57 fb       	call -2386 <sie_wr : 20008f8 >
 200124a:    40 31             	r0 = 17
 200124c:    bf ea 27 fb       	call -2482 <sie_rd : 200089e >
 2001250:    50 e8 33 02       	if ((r0 & 1) != 0) goto 102 <fm1_timer5_irq+0x894 : 20012ba >
 2001254:    30 ea 80 80       	if ((r0 & 0x80) != 0) {
 2001258:    71 e1 80 00       		r1 = r0 & 0xFFFFFF7F
 200125c:    40 31             		r0 = 17
 200125e:    bf ea 4b fb       		call -2410
                               	} <sie_wr : 20008f8 >
 2001262:    d0 ec c8 14       	r1 = [r12+72]
 2001266:    d0 ec c4 24       	r2 = [r12+68]
 200126a:    40 20             	r0 = 0
 200126c:    02 e8 16 10       	if (r1 == r2) goto 44 <fm1_timer5_irq+0x876 : 200129c >
 2001270:    41 e0 ff 07       	r1 = 2047 <firmware/src/diag.c+0x7FE : 7fe >
 2001274:    c2 ff 04 84 c0 01 	r2 = 29393924 <cdc_out : 1c08404 >
 200127a:    04 e1 44 c0       	r4 = r12 + 68
 200127e:    43 61             	r3 = [r4+4] 
 2001280:    3d 81             	r5 = r3 + 1
 2001282:    93 d9             	r3 &= r1  #
 2001284:    c5 61             		 [r4+4] = r5
 2001286:    d8 ee 30 32       	r3 = b[r3+r2] (u)
 200128a:    d8 ee 01 3b       	b[r0+r11] = r3
 200128e:    43 61             	r3 = [r4+4] 
 2001290:    44 60             	r4 = [r4+0] 
 2001292:    c0 21             	r0 += 1
 2001294:    00 fc 02 7c       	if (r0 > 62) goto 4 <fm1_timer5_irq+0x876 : 200129c >
 2001298:    84 e8 ef 31       	if (r3 != r4) goto -34 <fm1_timer5_irq+0x854 : 200127a >
 200129c:    20 00             	csync
 200129e:    d0 ec 9d b2       	[r9+44] = r11
 20012a2:    d0 ec 95 01       	[r9+20] = r0
 20012a6:    40 31             	r0 = 17
 20012a8:    bf ea f9 fa       	call -2574 <sie_rd : 200089e >
 20012ac:    41 e1 01 00       	r1 = r0 | 0x1
 20012b0:    40 31             	r0 = 17
 20012b2:    bf ea 21 fb       	call -2494 <sie_wr : 20008f8 >
 20012b6:    c4 eb 01 a0       	[r10+16] += 1
 20012ba:    d0 ec c8 00       	r0 = [r12+8]
 20012be:    09 81             	r1 = r0 + 1
 20012c0:    40 20             	r0 = 0
 20012c2:    b1 e8 0a 00       	if (r1 != 10) {
 20012c6:    10 16             		r0 = r1
                               	}
 20012c8:    d0 ec c9 00       	[r12+8] = r0
 20012cc:    c0 ff 04 08 01 00 	r0 = 67588 <firmware/src/diag.c+0x10804 : 10804 >
 20012d2:    01 60             	r1 = [r0+0] 
 20012d4:    d0 ec cc 00       	r0 = [r12+12]
 20012d8:    d0 ec c0 21       	r2 = [r12+16]
 20012dc:    10 1e             	r0 = r1 - r0
 20012de:    20 18             	r0 += r2
 20012e0:    d0 ec c1 01       	[r12+16] = r0
 20012e4:    82 a6             	r2 = r0 >> 6
 20012e6:    d0 ec cd 10       	[r12+12] = r1
 20012ea:    a2 f9 0a ee       	if (r2 < 375) goto 20 <fm1_timer5_irq+0x8DC : 2001302 >
 20012ee:    41 e0 40 a2       	r1 = -24000 <_data_load+0xFFFFFFFFFDFF6760 : ffffffffffffa240 >
 20012f2:    10 18             	r0 += r1
 20012f4:    d0 ec c1 01       	[r12+16] = r0
 20012f8:    c5 eb 01 c0       	[r12+20] += 1
 20012fc:    82 a6             	r2 = r0 >> 6
 20012fe:    22 fc f8 ed       	if (r2 > 374) goto -16 <fm1_timer5_irq+0x8CC : 20012f2 >
 2001302:    02 84             	sp += 16
 2001304:    5f 04             	{pc, r15-r4} = [sp++]
 2001306:    41 20             	r1 = 0
 2001308:    d0 ec c8 22       	r2 = [r12+40]
 200130c:    d0 ec c4 32       	r3 = [r12+36]
 2001310:    83 e8 21 21       	if (r2 != r3) goto -446 <fm1_timer5_irq+0x730 : 2001156 >
 2001314:    d0 ec c0 22       	r2 = [r12+32]
 2001318:    d0 ec cc 31       	r3 = [r12+28]
 200131c:    00 fc 1b 7f       	if (r0 > 63) goto -458 <fm1_timer5_irq+0x730 : 2001156 >
 2001320:    03 e8 19 21       	if (r2 == r3) goto -462 <fm1_timer5_irq+0x730 : 2001156 >
 2001324:    d0 ec c0 22       	r2 = [r12+32]
 2001328:    42 16             	r2 = r4
 200132a:    dc ee 21 10       	b[++r2=r0] = r1
 200132e:    a9 41             	b[r2+1] = r1
 2001330:    a9 42             	b[r2+2] = r1
 2001332:    a9 43             	b[r2+3] = r1
 2001334:    c8 eb 01 c0       	[r12+32] += 1
 2001338:    50 ee c3 20       	r2 = b[r12+3] (u)
 200133c:    c0 24             	r0 += 4
 200133e:    72 44             	if (r2 == 0) goto -56 <fm1_timer5_irq+0x8E2 : 2001308 >
 2001340:    87 8b             	goto -490 <fm1_timer5_irq+0x732 : 2001158 >
 2001342:    40 20             	r0 = 0
 2001344:    41 e0 82 01       	r1 = 386 <firmware/src/diag.c+0x182 : 182 >
 2001348:    d8 ee 00 28       	r2 = b[r0+r8] (u)
 200134c:    b4 e0 00 3c       	r3 = r0 + r12
 2001350:    c0 21             	r0 += 1
 2001352:    d8 ee 31 21       	b[r3+r1] = r2
 2001356:    80 f8 f7 11       	if (r0 != 8) goto -18 <fm1_timer5_irq+0x922 : 2001348 >
 200135a:    00 e1 54 c1       	r0 = r12 + 340
 200135e:    c0 eb 01 00       	[r0+0] += 1
 2001362:    00 e1 80 c1       	r0 = r12 + 384
 2001366:    09 42             	r1 = b[r0+2] (u)
 2001368:    0e 43             	r6 = b[r0+3] (u)
 200136a:    0b 44             	r3 = b[r0+4] (u)
 200136c:    a6 f1 60 14       	r6 <= insert(r1, p:8, l:24)  #
 2001370:    0d 49             		 r5 = b[r0+9] (u)
 2001372:    e1 d7             	r1 = r6.l (u)  #
 2001374:    0a 48             		 r2 = b[r0+8] (u)
 2001376:    a2 f1 60 54       	r2 <= insert(r5, p:8, l:24)  #
 200137a:    0c 45             		 r4 = b[r0+5] (u)
 200137c:    2a ff 00 1c 20 00 	ifs (r1 >= 32768) goto 64 <fm1_timer5_irq+0x99C : 20013c2 >
 2001382:    30 16             	r0 = r3
 2001384:    a0 e1 20 44       	r0 <= insert(r4, p:8, l:8)
 2001388:    0d ff 00 12 2c 00 	ifs (r1 <= 512) goto 88 <fm1_timer5_irq+0x9C0 : 20013e6 >
 200138e:    44 e0 21 21       	r4 = 8481 <firmware/src/diag.c+0x2120 : 2120 >
 2001392:    04 ee 41 10       	ifs (r1 > r4) goto 130 <fm1_timer5_irq+0x9F2 : 2001418 >
 2001396:    00 ff 01 12 57 00 	if (r1 == 513) goto 174 <fm1_timer5_irq+0xA24 : 200144a >
 200139c:    40 e0 20 21       	r0 = 8480 <firmware/src/diag.c+0x2120 : 2120 >
 20013a0:    41 ff 00 10 07 01 	if (r1 != r0) goto 526 <fm1_timer5_irq+0xB8E : 20015b4 >
 20013a6:    a0 17             	r0 = r2.l (u)
 20013a8:    00 ff 00 00 7e fd 	if (r0 == 0) goto -1284 <fm1_timer5_irq+0x484 : 2000eaa >
 20013ae:    40 21             	r0 = 1
 20013b0:    52 ee a8 00       	b[r10+8] = r0
 20013b4:    40 2e             	r0 = 14
 20013b6:    41 20             	r1 = 0
 20013b8:    bf ea 9e fa       	call -2756 <sie_wr : 20008f8 >
 20013bc:    40 31             	r0 = 17
 20013be:    51 20             	r1 = 64
 20013c0:    b6 9a             	goto -1292 <fm1_timer5_irq+0x490 : 2000eb6 >
 20013c2:    c0 ff ee 2c 00 02 	r0 = 33565934 <ep0_service.zero2 : 2002cee >
 20013c8:    2b ff 01 1c 15 00 	ifs (r1 < 33024) goto 42 <fm1_timer5_irq+0x9D2 : 20013f8 >
 20013ce:    2a ff 02 1c 2a 00 	ifs (r1 >= 33280) goto 84 <fm1_timer5_irq+0xA02 : 2001428 >
 20013d4:    20 ff 01 1c 33 00 	if (r1 == 33024) goto 102 <fm1_timer5_irq+0xA1A : 2001440 >
 20013da:    c3 ff 0a 81 00 00 	r3 = 33034 <firmware/src/diag.c+0x810A : 810a >
 20013e0:    03 e8 17 10       	if (r1 == r3) goto 46 <fm1_timer5_irq+0x9EC : 2001412 >
 20013e4:    74 87             	goto 462 <fm1_timer5_irq+0xB8E : 20015b4 >
 20013e6:    01 f8 52 0a       	if (r1 == 5) goto 164 <fm1_timer5_irq+0xA68 : 200148e >
 20013ea:    01 f8 5b 12       	if (r1 == 9) goto 182 <fm1_timer5_irq+0xA7E : 20014a4 >
 20013ee:    a1 f8 e1 16       	if (r1 != 267) goto 450 <fm1_timer5_irq+0xB8E : 20015b4 >
 20013f2:    80 f8 df 00       	if (r0 != 0) goto 446 <fm1_timer5_irq+0xB8E : 20015b4 >
 20013f6:    a6 99             	goto -1358 <fm1_timer5_irq+0x484 : 2000eaa >
 20013f8:    20 ff 00 1c 21 00 	if (r1 == 32768) goto 66 <fm1_timer5_irq+0xA1A : 2001440 >
 20013fe:    c0 ff 06 80 00 00 	r0 = 32774 <firmware/src/diag.c+0x8006 : 8006 >
 2001404:    00 e8 c1 10       	if (r1 == r0) goto 386 <fm1_timer5_irq+0xB64 : 200158a >
 2001408:    c0 22             	r0 += 2
 200140a:    80 e8 d3 10       	if (r1 != r0) goto 422 <fm1_timer5_irq+0xB8E : 20015b4 >
 200140e:    00 e1 41 c1       	r0 = r12 + 321
 2001412:    a2 17             	r2 = r2.l (u)
 2001414:    41 21             	r1 = 1
 2001416:    04 96             	goto 44 <fm1_timer5_irq+0xA1E : 2001444 >
 2001418:    48 81             	r0 = r4 + 1
 200141a:    00 e8 33 10       	if (r1 == r0) goto 102 <fm1_timer5_irq+0xA5E : 2001484 >
 200141e:    c0 21             	r0 += 1
 2001420:    40 ff 00 10 42 fd 	if (r1 == r0) goto -1404 <fm1_timer5_irq+0x484 : 2000eaa >
 2001426:    64 86             	goto 396 <fm1_timer5_irq+0xB8E : 20015b4 >
 2001428:    20 ff 02 1c 09 00 	if (r1 == 33280) goto 18 <fm1_timer5_irq+0xA1A : 2001440 >
 200142e:    c0 ff 21 a1 00 00 	r0 = 41249 <firmware/src/diag.c+0xA120 : a120 >
 2001434:    80 e8 be 10       	if (r1 != r0) goto 380 <fm1_timer5_irq+0xB8E : 20015b4 >
 2001438:    a2 17             	r2 = r2.l (u)
 200143a:    41 27             	r1 = 7
 200143c:    a0 16             	r0 = r10
 200143e:    04 82             	goto 4 <fm1_timer5_irq+0xA1E : 2001444 >
 2001440:    a2 17             	r2 = r2.l (u)
 2001442:    41 22             	r1 = 2
 2001444:    bf ea d0 fa       	call -2656 <e0_send : 20009e8 >
 2001448:    96 98             	goto -1424 <fm1_timer5_irq+0x494 : 2000eba >
 200144a:    80 f8 b3 00       	if (r0 != 0) goto 358 <fm1_timer5_irq+0xB8E : 20015b4 >
 200144e:    40 e0 86 01       	r0 = 390 <firmware/src/diag.c+0x186 : 186 >
 2001452:    d8 ee c0 00       	r0 = b[r12+r0] (u)
 2001456:    71 e1 f0 00       	r1 = r0 & 0xFFFFFF0F
 200145a:    01 fc ab 06       	if (r1 > 3) goto 342 <fm1_timer5_irq+0xB8E : 20015b4 >
 200145e:    00 ff 00 10 23 fd 	if (r1 == 0) goto -1466 <fm1_timer5_irq+0x484 : 2000eaa >
 2001464:    40 2e             	r0 = 14
 2001466:    bf ea 47 fa       	call -2930 <sie_wr : 20008f8 >
 200146a:    40 e0 86 01       	r0 = 390 <firmware/src/diag.c+0x186 : 186 >
 200146e:    d8 ee c2 00       	r0 = b[r12+r0] (s)
 2001472:    30 ee ff 6f       	ifs (r0 > -1) {
 2001476:    40 34             		r0 = 20
 2001478:    61 20             		r1 = 128
                               	} else {
 200147a:    40 31             		r0 = 17
 200147c:    51 20             		r1 = 64
                               	}
 200147e:    bf ea 3b fa       	call -2954 <sie_wr : 20008f8 >
 2001482:    86 93             	goto -1498 <fm1_timer5_irq+0x484 : 2000eaa >
 2001484:    70 e1 fe 30       	r0 = r3 & 0xFFFFFF01
 2001488:    52 ee a7 00       	b[r10+7] = r0
 200148c:    86 8e             	goto -1508 <fm1_timer5_irq+0x484 : 2000eaa >
 200148e:    70 e1 80 30       	r0 = r3 & 0xFFFFFF7F
 2001492:    41 e0 42 01       	r1 = 322 <firmware/src/diag.c+0x142 : 142 >
 2001496:    d8 ee c1 01       	b[r12+r1] = r0
 200149a:    18 81             	r0 = r1 + 1
 200149c:    41 21             	r1 = 1
 200149e:    d8 ee c1 10       	b[r12+r0] = r1
 20014a2:    86 83             	goto -1530 <fm1_timer5_irq+0x484 : 2000eaa >
 20014a4:    03 fc 86 02       	if (r3 > 1) goto 268 <fm1_timer5_irq+0xB8E : 20015b4 >
 20014a8:    40 e0 41 01       	r0 = 321 <firmware/src/diag.c+0x140 : 140 >
 20014ac:    d8 ee c1 30       	b[r12+r0] = r3
 20014b0:    83 f8 87 02       	if (r3 != 1) goto 270 <fm1_timer5_irq+0xB9C : 20015c2 >
 20014b4:    c0 ff 74 80 c0 01 	r0 = 29393012 <ep1tx : 1c08074 >
 20014ba:    d0 ec 9d 01       	[r9+28] = r0
 20014be:    c0 ff b4 80 c0 01 	r0 = 29393076 <ep1rx : 1c080b4 >
 20014c4:    d0 ec 91 02       	[r9+32] = r0
 20014c8:    40 2e             	r0 = 14
 20014ca:    41 21             	r1 = 1
 20014cc:    46 21             	r6 = 1
 20014ce:    bf ea 13 fa       	call -3034 <sie_wr : 20008f8 >
 20014d2:    40 30             	r0 = 16
 20014d4:    79 3f             	r1 = 255
 20014d6:    bf ea 0f fa       	call -3042 <sie_wr : 20008f8 >
 20014da:    40 31             	r0 = 17
 20014dc:    51 28             	r1 = 72
 20014de:    bf ea 0b fa       	call -3050 <sie_wr : 20008f8 >
 20014e2:    40 32             	r0 = 18
 20014e4:    41 20             	r1 = 0
 20014e6:    bf ea 07 fa       	call -3058 <sie_wr : 20008f8 >
 20014ea:    40 33             	r0 = 19
 20014ec:    79 3f             	r1 = 255
 20014ee:    bf ea 03 fa       	call -3066 <sie_wr : 20008f8 >
 20014f2:    40 34             	r0 = 20
 20014f4:    61 30             	r1 = 144
 20014f6:    bf ea ff f9       	call -3074 <sie_wr : 20008f8 >
 20014fa:    40 35             	r0 = 21
 20014fc:    41 20             	r1 = 0
 20014fe:    bf ea fb f9       	call -3082 <sie_wr : 20008f8 >
 2001502:    40 29             	r0 = 9
 2001504:    41 22             	r1 = 2
 2001506:    bf ea f7 f9       	call -3090 <sie_wr : 20008f8 >
 200150a:    c0 ef 80 99       	[r9+0] &= 0xFFEFFFFF
 200150e:    c0 ff f8 80 c0 01 	r0 = 29393144 <ep2tx : 1c080f8 >
 2001514:    d0 ec 95 02       	[r9+36] = r0
 2001518:    40 2e             	r0 = 14
 200151a:    41 22             	r1 = 2
 200151c:    bf ea ec f9       	call -3112 <sie_wr : 20008f8 >
 2001520:    40 30             	r0 = 16
 2001522:    79 3f             	r1 = 255
 2001524:    bf ea e8 f9       	call -3120 <sie_wr : 20008f8 >
 2001528:    40 31             	r0 = 17
 200152a:    51 28             	r1 = 72
 200152c:    bf ea e4 f9       	call -3128 <sie_wr : 20008f8 >
 2001530:    40 32             	r0 = 18
 2001532:    41 20             	r1 = 0
 2001534:    bf ea e0 f9       	call -3136 <sie_wr : 20008f8 >
 2001538:    d0 ec 9d b2       	[r9+44] = r11
 200153c:    d0 ec 91 73       	[r9+48] = r7
 2001540:    40 2e             	r0 = 14
 2001542:    41 23             	r1 = 3
 2001544:    bf ea d8 f9       	call -3152 <sie_wr : 20008f8 >
 2001548:    40 30             	r0 = 16
 200154a:    79 3f             	r1 = 255
 200154c:    bf ea d4 f9       	call -3160 <sie_wr : 20008f8 >
 2001550:    40 31             	r0 = 17
 2001552:    51 28             	r1 = 72
 2001554:    bf ea d0 f9       	call -3168 <sie_wr : 20008f8 >
 2001558:    40 32             	r0 = 18
 200155a:    41 20             	r1 = 0
 200155c:    bf ea cc f9       	call -3176 <sie_wr : 20008f8 >
 2001560:    40 33             	r0 = 19
 2001562:    79 3f             	r1 = 255
 2001564:    bf ea c8 f9       	call -3184 <sie_wr : 20008f8 >
 2001568:    40 34             	r0 = 20
 200156a:    61 30             	r1 = 144
 200156c:    bf ea c4 f9       	call -3192 <sie_wr : 20008f8 >
 2001570:    40 35             	r0 = 21
 2001572:    41 20             	r1 = 0
 2001574:    bf ea c0 f9       	call -3200 <sie_wr : 20008f8 >
 2001578:    40 29             	r0 = 9
 200157a:    41 2a             	r1 = 10
 200157c:    bf ea bc f9       	call -3208 <sie_wr : 20008f8 >
 2001580:    c0 ef c0 98       	[r9+0] &= 0xFF9FFFFF
 2001584:    52 ee a9 60       	b[r10+9] = r6
 2001588:    46 90             	goto -1760 <fm1_timer5_irq+0x484 : 2000eaa >
 200158a:    04 f8 1f 02       	if (r4 == 1) goto 62 <fm1_timer5_irq+0xBA6 : 20015cc >
 200158e:    04 f8 07 06       	if (r4 == 3) goto 14 <fm1_timer5_irq+0xB7A : 20015a0 >
 2001592:    84 f8 0f 04       	if (r4 != 2) goto 30 <fm1_timer5_irq+0xB8E : 20015b4 >
 2001596:    69 2f             	r1 = 175
 2001598:    c0 ff 02 2d 00 02 	r0 = 33565954 <CFG_DESC : 2002d02 >
 200159e:    14 84             	goto 72 <fm1_timer5_irq+0xBC2 : 20015e8 >
 20015a0:    03 5a             	if (r3 == 0) goto 52 <fm1_timer5_irq+0xBB0 : 20015d6 >
 20015a2:    03 f8 1d 04       	if (r3 == 2) goto 58 <fm1_timer5_irq+0xBBA : 20015e0 >
 20015a6:    83 f8 05 02       	if (r3 != 1) goto 10 <fm1_timer5_irq+0xB8E : 20015b4 >
 20015aa:    49 2a             	r1 = 42
 20015ac:    c0 ff b5 2d 00 02 	r0 = 33566133 <STR0+0x3 : 2002db4 >
 20015b2:    04 9a             	goto 52 <fm1_timer5_irq+0xBC2 : 20015e8 >
 20015b4:    40 2e             	r0 = 14
 20015b6:    41 20             	r1 = 0
 20015b8:    bf ea 9e f9       	call -3268 <sie_wr : 20008f8 >
 20015bc:    40 31             	r0 = 17
 20015be:    59 20             	r1 = 96
 20015c0:    36 9a             	goto -1804 <fm1_timer5_irq+0x490 : 2000eb6 >
 20015c2:    40 29             	r0 = 9
 20015c4:    41 20             	r1 = 0
 20015c6:    bf ea 97 f9       	call -3282 <sie_wr : 20008f8 >
 20015ca:    36 8f             	goto -1826 <fm1_timer5_irq+0x484 : 2000eaa >
 20015cc:    41 32             	r1 = 18
 20015ce:    c0 ff f0 2c 00 02 	r0 = 33565936 <DEV_DESC : 2002cf0 >
 20015d4:    04 89             	goto 18 <fm1_timer5_irq+0xBC2 : 20015e8 >
 20015d6:    41 24             	r1 = 4
 20015d8:    c0 ff b1 2d 00 02 	r0 = 33566129 <CFG_DESC+0xAE : 2002db0 >
 20015de:    04 84             	goto 8 <fm1_timer5_irq+0xBC2 : 20015e8 >
 20015e0:    41 34             	r1 = 20
 20015e2:    c0 ff df 2d 00 02 	r0 = 33566175 <STR1+0x29 : 2002dde >
 20015e8:    a2 17             	r2 = r2.l (u)
 20015ea:    82 f8 2b 01       	if (r2 != 0) goto -426 <fm1_timer5_irq+0xA1E : 2001444 >
 20015ee:    26 9d             	goto -1862 <fm1_timer5_irq+0x484 : 2000eaa >


fm1_p33_read:
 20015f0:    74 04             	[--sp] = {rets, r4}
 20015f2:    c4 ff 08 3e 01 00 	r4 = 81416 <firmware/src/diag.c+0x13E08 : 13e08 >
 20015f8:    03 d6             	r3 = r0  #
 20015fa:    41 60             		 r1 = [r4+0] 
 20015fc:    23 ea 00 ec       	if ((r3 & 0x8000) == 0) {
 2001600:    70 e1 80 1f       		r0 = r1 & 0xFFFFFEFF
 2001604:    c0 60             		[r4+0] = r0
 2001606:    40 60             		r0 = [r4+0] 
 2001608:    30 20             		r0 |= 1
                               	} else {
 200160a:    40 e0 01 01       		r0 = 257 <firmware/src/diag.c+0x100 : 100 >
 200160e:    10 19             		r0 |= r1
                               	}
 2001610:    c0 60             	[r4+0] = r0
 2001612:    b0 a8             	r0 = r3 >> 8
 2001614:    30 27             	r0 |= 128
 2001616:    60 e1 83 00       	r0 = r0 & 0x83
 200161a:    bf ea 29 f8       	call -4014 <fm1__p33_xfer : 2000670 >
 200161e:    30 17             	r0 = r3.b0 (u)
 2001620:    bf ea 26 f8       	call -4020 <fm1__p33_xfer : 2000670 >
 2001624:    50 3e             	r0 = 94
 2001626:    bf ea 23 f8       	call -4026 <fm1__p33_xfer : 2000670 >
 200162a:    41 e0 fe fe       	r1 = -258 <_data_load+0xFFFFFFFFFDFFC41E : fffffffffffffefe >
 200162e:    64 e8 02 41       	[r4+0] &= r1
 2001632:    54 04             	{pc, r4} = [sp++]


fm1_enter_uboot:
 2001634:    60 00             	cli
 2001636:    c1 ff 40 e2 ee 01 	r1 = 32432704 <bootguard+0x272200 : 1eee240 >
 200163c:    10 60             	r0 = [r1+0] 
 200163e:    20 ea 01 00       	if ((r0 & 0x1) == 0) {
 2001642:    40 ea e7 10       		[r1+0] = 0xE7
                               	}
 2001646:    40 20             	r0 = 0
 2001648:    d1 ec 19 00       	[r1+264] = r0
 200164c:    c1 ff 0d 2e 00 02 	r1 = 33566221 <LCD_SEQ+0x13 : 2002e0c >
 2001652:    c2 ff 80 fd c7 01 	r2 = 29883776 <bootguard+0x3D40 : 1c7fd80 >
 2001658:    d8 ee 00 31       	r3 = b[r0+r1] (u)
 200165c:    d8 ee 01 32       	b[r0+r2] = r3
 2001660:    c0 21             	r0 += 1
 2001662:    80 f8 f9 21       	if (r0 != 16) goto -14 <fm1_enter_uboot+0x24 : 2001658 >
 2001666:    40 21             	r0 = 1
 2001668:    69 20             	r1 = 160
 200166a:    42 30             	r2 = 16
 200166c:    bf ea 17 f8       	call -4050 <fm1__p33_op : 200069e >
 2001670:    f7 9f             	goto -2 <fm1_enter_uboot+0x3C : 2001670 >


ota_fread:
 2001672:    79 04             	[--sp] = {rets, r9-r4}
 2001674:    e2 9f             	sp += -4
 2001676:    25 16             	r5 = r2
 2001678:    16 16             	r6 = r1
 200167a:    07 16             	r7 = r0
 200167c:    c0 14             	r8 = 0
 200167e:    05 59             	if (r5 == 0) goto 50 <ota_fread+0x40 : 20016b2 >
 2001680:    c9 ff 9e 09 c0 01 	r9 = 29362590 <fl_read_ram : 1c0099e >
 2001686:    60 00             	cli
 2001688:    d4 e9 01 90       	[sp] = r9
 200168c:    54 16             	r4 = r5
 200168e:    35 e9 00 01       	if (r5 >= 256) {
 2001692:    44 e0 00 01       		r4 = 256
                               	} <firmware/src/diag.c+0x100 : 100 >
 2001696:    70 d6             	r0 = r7  #
 2001698:    03 20             		 r3 = [sp]
 200169a:    61 16             	r1 = r6
 200169c:    42 16             	r2 = r4
 200169e:    c3 00             	call r3
 20016a0:    20 00             	csync
 20016a2:    61 00             	sti
 20016a4:    80 45             	if (r0 != 0) goto 10 <ota_fread+0x3E : 20016b0 >
 20016a6:    55 1f             	r5 = r5 - r4
 20016a8:    46 18             	r6 += r4
 20016aa:    47 18             	r7 += r4
 20016ac:    f5 4c             	if (r5 != 0) goto -40 <ota_fread+0x14 : 2001686 >
 20016ae:    04 81             	goto 2 <ota_fread+0x40 : 20016b2 >
 20016b0:    08 16             	r8 = r0
 20016b2:    80 16             	r0 = r8
 20016b4:    02 81             	sp += 4
 20016b6:    59 04             	{pc, r9-r4} = [sp++]


ota_erase:
 20016b8:    10 04             	[--sp] = rets
 20016ba:    e2 9e             	sp += -8
 20016bc:    02 16             	r2 = r0
 20016be:    41 e0 ff 0f       	r1 = 4095 <firmware/src/diag.c+0xFFE : ffe >
 20016c2:    10 38             	r0 = -8
 20016c4:    12 fb 15 00       	if ((r2 & r1) != 0) goto 42 <ota_erase+0x3A : 20016f2 >
 20016c8:    f1 e0 60 2a       	r1 = r2 - 0xE0000
 20016cc:    28 ff a0 1c 10 00 	if (r1 > 20480) goto 32 <ota_erase+0x3A : 20016f2 >
 20016d2:    a1 e0 65 2a       	r1 = 0xE5000 - r2
 20016d6:    23 ff 80 1d 0b 00 	if (r1 < 4096) goto 22 <ota_erase+0x3A : 20016f2 >
 20016dc:    60 00             	cli
 20016de:    c0 ff b8 02 c0 01 	r0 = 29360824 <fl_erase4k_ram : 1c002b8 >
 20016e4:    80 21             	[sp+4] = r0
 20016e6:    20 d6             	r0 = r2  #
 20016e8:    03 21             		 r3 = [sp+4]
 20016ea:    89 80             	r1 = sp + 0
 20016ec:    c3 00             	call r3
 20016ee:    20 00             	csync
 20016f0:    61 00             	sti
 20016f2:    02 82             	sp += 8
 20016f4:    00 04             	pc = [sp++]


ota_unstage:
 20016f6:    74 04             	[--sp] = {rets, r4}
 20016f8:    44 20             	r4 = 0
 20016fa:    e0 e0 60 4a       	r0 = r4 + 0xE0000
 20016fe:    bf ea db ff       	call -74 <ota_erase : 20016b8 >
 2001702:    14 e1 00 40       	r4 = r4 + 4096
 2001706:    23 ff a0 4c f7 ff 	if (r4 < 20480) goto -18 <ota_unstage+0x4 : 20016fa >
 200170c:    54 04             	{pc, r4} = [sp++]


lcd_spin:
 200170e:    e2 9f             	sp += -4
 2001710:    41 20             	r1 = 0
 2001712:    81 20             	[sp] = r1
 2001714:    01 20             	r1 = [sp]
 2001716:    00 e9 06 10       	if (r1 >= r0) goto 12 <lcd_spin+0x18 : 2001726 >
 200171a:    89 80             	r1 = sp + 0
 200171c:    c0 eb 01 10       	[r1+0] += 1
 2001720:    02 20             	r2 = [sp]
 2001722:    80 e9 fb 21       	if (r2 < r0) goto -10 <lcd_spin+0xE : 200171c >
 2001726:    02 81             	sp += 4
 2001728:    80 00             	rts


status:
 200172a:    75 04             	[--sp] = {rets, r5, r4}
 200172c:    e2 9f             	sp += -4
 200172e:    44 20             	r4 = 0
 2001730:    80 d4             	r1_r0 = 0  #
 2001732:    84 20             		 [sp] = r4
 2001734:    7a 30             	r2 = 240
 2001736:    7b 30             	r3 = 240
 2001738:    bf ea f9 f6       	call -4622 <lcd_fill : 200052e >
 200173c:    c4 ff 90 96 c0 01 	r4 = 29398672 <fm1__tick_col : 1c09690 >
 2001742:    40 f0 e0 07       	r0 = 2016  # <firmware/src/diag.c+0x7E0 : 7e0 >
 2001746:    49 44             		 r1 = b[r4+4] (u)
 2001748:    81 41             	if (r1 != 0) goto 2 <status+0x22 : 200174c >
 200174a:    10 20             	r0 = -32
 200174c:    85 17             	r5 = r0.l (u)
 200174e:    80 d4             	r1_r0 = 0  #
 2001750:    85 20             		 [sp] = r5
 2001752:    7a 30             	r2 = 240
 2001754:    43 2c             	r3 = 12
 2001756:    bf ea ea f6       	call -4652 <lcd_fill : 200052e >
 200175a:    c1 ff 01 00 a6 d1 	r1 = 3517317121 <_data_load+0xCFA5C520 : d1a60000 >
 2001760:    48 20             	r0 = 32
 2001762:    bf ea 47 f7       	call -4466 <screen_hex : 20005f4 >
 2001766:    d0 ec 4c 14       	r1 = [r4+76]
 200176a:    50 28             	r0 = 72
 200176c:    bf ea 42 f7       	call -4476 <screen_hex : 20005f4 >
 2001770:    02 81             	sp += 4
 2001772:    55 04             	{pc, r5, r4} = [sp++]


usb_start:
 2001774:    76 04             	[--sp] = {rets, r6-r4}
 2001776:    c4 ff 90 96 c0 01 	r4 = 29398672 <fm1__tick_col : 1c09690 >
 200177c:    40 20             	r0 = 0
 200177e:    d1 ec 45 06       	[r4+356] = r0
 2001782:    60 e0 8c 5b       	r5 = 0x11800
 2001786:    d0 60             	[r5+0] = r0
 2001788:    60 f0 a2 0a       	r0 = 0x51000  #
 200178c:    d0 61             		 [r5+4] = r0
 200178e:    40 ea 0c 00       	[r0+0] = 0xC
 2001792:    41 39             	r1 = 25
 2001794:    32 e1 04 50       	r2 = r5 + -4092
 2001798:    23 60             	r3 = [r2+0] 
 200179a:    26 60             	r6 = [r2+0] 
 200179c:    ee 1e             	r6 = r6 - r3
 200179e:    e6 a6             	r6 = r6 >> 6
 20017a0:    a6 f9 fb ef       	if (r6 < 375) goto -10 <usb_start+0x26 : 200179a >
 20017a4:    01 ea f8 ff       	if (--r1 != 0) goto -16 <usb_start+0x24 : 2001798 >
 20017a8:    31 e1 0c 28       	r1 = r2 + -2036
 20017ac:    c0 ef 03 10       	[r1+0] &= 0xFFFFFFFC
 20017b0:    c1 ff 30 80 c0 01 	r1 = 29392944 <ep0buf : 1c08030 >
 20017b6:    43 f0 08 46       	r3 = 17928  # <firmware/src/diag.c+0x4608 : 4608 >
 20017ba:    d1 66             		 [r5+24] = r1
 20017bc:    42 20             	r2 = 0
 20017be:    d8 ec 2b 13       	[r2+r3<<2] = r1
 20017c2:    c2 28             	r2 += 8
 20017c4:    82 f8 fb 31       	if (r2 != 24) goto -10 <usb_start+0x4A : 20017be >
 20017c8:    d1 6f             	[r5+60] = r1
 20017ca:    00 ef c0 0e       	[r0+0] |= 0x600
 20017ce:    c0 ef 00 0e       	[r0+0] &= 0xFFFFF7FF
 20017d2:    00 ef 80 0d       	[r0+0] |= 0x1000
 20017d6:    41 e0 ca bf       	r1 = -16438 <_data_load+0xFFFFFFFFFDFF84EA : ffffffffffffbfca >
 20017da:    64 e8 02 51       	[r5+0] &= r1
 20017de:    41 20             	r1 = 0
 20017e0:    d1 61             	[r5+4] = r1
 20017e2:    00 ef 01 50       	[r5+0] |= 0x1
 20017e6:    c0 ef f0 00       	[r0+0] &= 0xFFFFFF0F
 20017ea:    00 ef 40 00       	[r0+0] |= 0x40
 20017ee:    00 ef 3c 50       	[r5+0] |= 0x3C
 20017f2:    40 21             	r0 = 1
 20017f4:    59 20             	r1 = 96
 20017f6:    46 21             	r6 = 1
 20017f8:    bf ea 7e f8       	call -3844 <sie_wr : 20008f8 >
 20017fc:    40 2b             	r0 = 11
 20017fe:    41 27             	r1 = 7
 2001800:    bf ea 7a f8       	call -3852 <sie_wr : 20008f8 >
 2001804:    40 27             	r0 = 7
 2001806:    41 21             	r1 = 1
 2001808:    bf ea 76 f8       	call -3860 <sie_wr : 20008f8 >
 200180c:    40 28             	r0 = 8
 200180e:    41 20             	r1 = 0
 2001810:    bf ea 72 f8       	call -3868 <sie_wr : 20008f8 >
 2001814:    40 29             	r0 = 9
 2001816:    41 20             	r1 = 0
 2001818:    bf ea 6e f8       	call -3876 <sie_wr : 20008f8 >
 200181c:    40 2a             	r0 = 10
 200181e:    41 20             	r1 = 0
 2001820:    bf ea 6a f8       	call -3884 <sie_wr : 20008f8 >
 2001824:    c0 ef 78 58       	[r5+0] &= 0xFF07FFFF
 2001828:    d1 ec 44 06       	r0 = [r4+356]
 200182c:    30 e9 03 00       	if (r0 >= 3) {
 2001830:    46 20             		r6 = 0
                               	}
 2001832:    40 e0 40 01       	r0 = 320 <firmware/src/diag.c+0x140 : 140 >
 2001836:    d8 ee 41 60       	b[r4+r0] = r6
 200183a:    56 04             	{pc, r6-r4} = [sp++]


usb_detach:
 200183c:    40 e0 80 01       	r0 = 384 <firmware/src/diag.c+0x180 : 180 >
 2001840:    c1 ff 90 96 c0 01 	r1 = 29398672 <fm1__tick_col : 1c09690 >
 2001846:    42 21             	r2 = 1
 2001848:    d8 ee 11 20       	b[r1+r0] = r2
 200184c:    f0 20             	r0 += -64
 200184e:    42 20             	r2 = 0
 2001850:    d8 ee 11 20       	b[r1+r0] = r2
 2001854:    60 e0 8c 0b       	r0 = 0x11800
 2001858:    60 f0 a2 0a       	r0 = 0x51000  #
 200185c:    82 60             		 [r0+0] = r2
 200185e:    40 ea 0c 00       	[r0+0] = 0xC
 2001862:    80 00             	rts


fm1_delay_ms:
 2001864:    00 4b             	if (r0 == 0) goto 22 <fm1_delay_ms+0x18 : 200187c >
 2001866:    c1 ff 04 08 01 00 	r1 = 67588 <firmware/src/diag.c+0x10804 : 10804 >
 200186c:    12 60             	r2 = [r1+0] 
 200186e:    13 60             	r3 = [r1+0] 
 2001870:    b3 1e             	r3 = r3 - r2
 2001872:    b3 a6             	r3 = r3 >> 6
 2001874:    a3 f9 fb ef       	if (r3 < 375) goto -10 <fm1_delay_ms+0xA : 200186e >
 2001878:    00 ea f8 ff       	if (--r0 != 0) goto -16 <fm1_delay_ms+0x8 : 200186c >
 200187c:    80 00             	rts


recovery:
 200187e:    c0 ff 40 c0 c7 01 	r0 = 29868096 <bootguard : 1c7c040 >
 2001884:    42 ea 00 00       	[r0+8] = 0x0
 2001888:    bf ea d8 ff       	call -80 <usb_detach : 200183c >
 200188c:    40 3e             	r0 = 30
 200188e:    bf ea e9 ff       	call -46 <fm1_delay_ms : 2001864 >
 2001892:    bf ea cf fe       	call -610 <fm1_enter_uboot : 2001634 >
 2001896:    f7 9f             	goto -2 <recovery+0x18 : 2001896 >


ota_take:
 2001898:    77 04             	[--sp] = {rets, r7-r4}
 200189a:    c3 ff 90 96 c0 01 	r3 = 29398672 <fm1__tick_col : 1c09690 >
 20018a0:    38 42             	r0 = b[r3+2] (u)
 20018a2:    20 45             	if (r0 == 0) goto 138 <ota_take+0x96 : 200192e >
 20018a4:    30 6e             	r0 = [r3+56] 
 20018a6:    44 20             	r4 = 0
 20018a8:    c5 ff 84 81 c0 01 	r5 = 29393284 <sx_frame : 1c08184 >
 20018ae:    c2 ff 04 8c c0 01 	r2 = 29395972 <ota_dec : 1c08c04 >
 20018b4:    46 20             	r6 = 0
 20018b6:    41 20             	r1 = 0
 20018b8:    04 8f             	goto 30 <ota_take+0x40 : 20018d8 >
 20018ba:    57 07             	r7 = b[r5++=1] (u)
 20018bc:    f8 3f             	r0 += -1
 20018be:    bf 27             	r7 &= 4294967167
 20018c0:    67 1a             	r7 <<= r6
 20018c2:    c6 27             	r6 += 7
 20018c4:    74 19             	r4 |= r7
 20018c6:    86 f9 07 10       	if (r6 < 8) goto 14 <ota_take+0x40 : 20018d8 >
 20018ca:    b1 ec 7f 02       	if (r1 <= 639) {
 20018ce:    d8 ee 11 42       		b[r1+r2] = r4
                               	}
 20018d2:    fe 38             	r6 += -8
 20018d4:    c4 a8             	r4 = r4 >> 8
 20018d6:    c1 21             	r1 += 1
 20018d8:    f0 50             	if (r0 != 0) goto -32 <ota_take+0x22 : 20018ba >
 20018da:    40 20             	r0 = 0
 20018dc:    34 e1 f9 1f       	r4 = r1 + -7
 20018e0:    b8 42             	b[r3+2] = r0
 20018e2:    44 fc 23 f2       	if (r4 > 633) goto 70 <ota_take+0x94 : 200192c >
 20018e6:    2b 40             	r3 = b[r2+0] (u)
 20018e8:    93 41             	if (r3 != 0) goto 66 <ota_take+0x94 : 200192c >
 20018ea:    2b 41             	r3 = b[r2+1] (u)
 20018ec:    83 f8 1e b2       	if (r3 != 89) goto 60 <ota_take+0x94 : 200192c >
 20018f0:    2b 44             	r3 = b[r2+4] (u)
 20018f2:    2c 43             	r4 = b[r2+3] (u)
 20018f4:    a4 f1 20 34       	r4 <= insert(r3, p:8, l:8)  #
 20018f8:    2d 45             		 r5 = b[r2+5] (u)
 20018fa:    a4 e1 20 58       	r4 <= insert(r5, p:16, l:8)
 20018fe:    4b 87             	r3 = r4 + 7
 2001900:    81 e8 14 30       	if (r3 != r1) goto 40 <ota_take+0x94 : 200192c >
 2001904:    78 3f             	r0 = 255
 2001906:    81 f9 0b 10       	if (r1 < 8) goto 22 <ota_take+0x88 : 2001920 >
 200190a:    40 20             	r0 = 0
 200190c:    43 27             	r3 = 7
 200190e:    b4 1c             	r4 = r3 + r2
 2001910:    4c 5f             	r4 = b[r4+-1] (u)
 2001912:    c3 21             	r3 += 1
 2001914:    40 18             	r0 += r4
 2001916:    83 e8 fa 11       	if (r1 != r3) goto -12 <ota_take+0x76 : 200190e >
 200191a:    7b 3f             	r3 = 255
 200191c:    90 e1 33 00       	r0 = r3 & ~r0
 2001920:    12 18             	r2 += r1
 2001922:    2a 5f             	r2 = b[r2+-1] (u)
 2001924:    90 e8 00 02       	if (r0 != r2) {
 2001928:    41 20             		r1 = 0
                               	}
 200192a:    10 16             	r0 = r1
 200192c:    57 04             	{pc, r7-r4} = [sp++]
 200192e:    40 20             	r0 = 0
 2001930:    57 04             	{pc, r7-r4} = [sp++]


ota_send_msg:
 2001932:    7f 04             	[--sp] = {rets, r15-r4}
 2001934:    c4 ff 90 96 c0 01 	r4 = 29398672 <fm1__tick_col : 1c09690 >
 200193a:    43 20             	r3 = 0
 200193c:    45 16             	r5 = r4
 200193e:    5a ee 5c 35       	b[++r5=92] = r3
 2001942:    56 39             	r6 = 89
 2001944:    de 41             	b[r5+1] = r6
 2001946:    d8 42             	b[r5+2] = r0
 2001948:    da 43             	b[r5+3] = r2
 200194a:    db 44             	b[r5+4] = r3
 200194c:    db 45             	b[r5+5] = r3
 200194e:    02 54             	if (r2 == 0) goto 40 <ota_send_msg+0x46 : 2001978 >
 2001950:    00 e1 62 40       	r0 = r4 + 98
 2001954:    25 16             	r5 = r2
 2001956:    1e 40             	r6 = b[r1+0] (u)
 2001958:    86 07             	b[r0++=1] = r6
 200195a:    16 07             	r6 = b[r1++=1] (u)
 200195c:    63 18             	r3 += r6
 200195e:    05 ea fa ff       	if (--r5 != 0) goto -12 <ota_send_msg+0x24 : 2001956 >
 2001962:    20 1d             	r0 = r2 + r4
 2001964:    b9 19             	r1 = ~r3
 2001966:    52 ee 02 16       	b[r0+98] = r1
 200196a:    78 30             	r0 = 240
 200196c:    29 87             	r1 = r2 + 7
 200196e:    52 ee 44 08       	b[r4+132] = r0
 2001972:    81 4a             	if (r1 != 0) goto 20 <ota_send_msg+0x56 : 2001988 >
 2001974:    40 20             	r0 = 0
 2001976:    14 86             	goto 76 <ota_send_msg+0x92 : 20019c4 >
 2001978:    20 1d             	r0 = r2 + r4
 200197a:    79 3f             	r1 = 255
 200197c:    52 ee 02 16       	b[r0+98] = r1
 2001980:    78 30             	r0 = 240
 2001982:    52 ee 44 08       	b[r4+132] = r0
 2001986:    41 27             	r1 = 7
 2001988:    02 e1 5c 40       	r2 = r4 + 92
 200198c:    40 20             	r0 = 0
 200198e:    45 20             	r5 = 0
 2001990:    43 20             	r3 = 0
 2001992:    26 07             	r6 = b[r2++=1] (u)
 2001994:    56 1a             	r6 <<= r5
 2001996:    63 19             	r3 |= r6
 2001998:    c5 28             	r5 += 8
 200199a:    f9 3f             	r1 += -1
 200199c:    85 f9 0a 0e       	if (r5 < 7) goto 20 <ota_send_msg+0x82 : 20019b4 >
 20019a0:    06 1d             	r6 = r0 + r4
 20019a2:    67 e1 7f 30       	r7 = r3 & 0x7F
 20019a6:    52 ee 65 78       	b[r6+133] = r7
 20019aa:    fd 39             	r5 += -7
 20019ac:    b3 a7             	r3 = r3 >> 7
 20019ae:    c0 21             	r0 += 1
 20019b0:    05 fc f6 0d       	if (r5 > 6) goto -20 <ota_send_msg+0x6E : 20019a0 >
 20019b4:    f1 4e             	if (r1 != 0) goto -36 <ota_send_msg+0x60 : 2001992 >
 20019b6:    05 46             	if (r5 == 0) goto 12 <ota_send_msg+0x92 : 20019c4 >
 20019b8:    01 1d             	r1 = r0 + r4
 20019ba:    62 e1 7f 30       	r2 = r3 & 0x7F
 20019be:    52 ee 15 28       	b[r1+133] = r2
 20019c2:    c0 21             	r0 += 1
 20019c4:    01 1d             	r1 = r0 + r4
 20019c6:    7a 37             	r2 = 247
 20019c8:    52 ee 15 28       	b[r1+133] = r2
 20019cc:    46 65             	r6 = [r4+20] 
 20019ce:    41 21             	r1 = 1
 20019d0:    0b f1 02 00       	r11 = r0 + 2  #
 20019d4:    c9 43             		 b[r4+3] = r1
 20019d6:    c0 14             	r8 = 0
 20019d8:    40 20             	r0 = 0
 20019da:    0b f8 51 00       	if (r11 == 0) goto 162 <ota_send_msg+0x14E : 2001a80 >
 20019de:    45 20             	r5 = 0
 20019e0:    49 e0 41 01       	r9 = 321 <firmware/src/diag.c+0x140 : 140 >
 20019e4:    ca ff 20 99 c0 01 	r10 = 29399328 <sx_out_q : 1c09920 >
 20019ea:    b4 e0 b2 05       	r0 = r11 - r5
 20019ee:    47 23             	r7 = 3
 20019f0:    b0 ec 02 00       	if (r0 <= 2) {
 20019f4:    07 16             		r7 = r0
                               	}
 20019f6:    79 84             	r1 = r7 + 4
 20019f8:    4c e0 04 00       	r12 = 4 <firmware/src/diag.c+0x4 : 4 >
 20019fc:    b7 e8 03 00       	if (r7 != 3) {
 2001a00:    1c 16             		r12 = r1
                               	}
 2001a02:    5a 83             	r2 = r5 + 3
 2001a04:    12 e9 00 0b       	if (r2 >= r11) {
 2001a08:    1c 16             		r12 = r1
                               	}
 2001a0a:    51 1d             	r1 = r5 + r4
 2001a0c:    50 ee 14 f8       	r15 = b[r1+132] (u)
 2001a10:    c5 14             	r13 = 0
 2001a12:    c6 14             	r14 = 0
 2001a14:    37 e9 02 40       	if (r7 >= 2) {
 2001a18:    50 ee 15 28       		r2 = b[r1+133] (u)
 2001a1c:    c0 e1 20 e1       		r14 = r2 << 16
                               	}
 2001a20:    30 e9 03 40       	if (r0 >= 3) {
 2001a24:    50 ee 16 08       		r0 = b[r1+134] (u)
 2001a28:    c0 e1 08 d1       		r13 = r0 << 24
                               	}
 2001a2c:    40 69             	r0 = [r4+36] 
 2001a2e:    41 6a             	r1 = [r4+40] 
 2001a30:    08 1e             	r0 = r0 - r1
 2001a32:    80 f9 12 80       	if (r0 < 64) goto 36 <ota_send_msg+0x128 : 2001a5a >
 2001a36:    d8 ee 40 19       	r1 = b[r4+r9] (u)
 2001a3a:    10 3f             	r0 = -1
 2001a3c:    11 41             	if (r1 == 0) goto 66 <ota_send_msg+0x14E : 2001a80 >
 2001a3e:    41 65             	r1 = [r4+20] 
 2001a40:    91 1f             	r1 = r1 - r6
 2001a42:    11 fc 1d 90       	if (r1 > 200) goto 58 <ota_send_msg+0x14E : 2001a80 >
 2001a46:    40 21             	r0 = 1
 2001a48:    61 20             	r1 = 128
 2001a4a:    52 20             	r2 = 64
 2001a4c:    bf ea 27 f6       	call -5042 <fm1__p33_op : 200069e >
 2001a50:    40 69             	r0 = [r4+36] 
 2001a52:    41 6a             	r1 = [r4+40] 
 2001a54:    08 1e             	r0 = r0 - r1
 2001a56:    00 fc ee 7f       	if (r0 > 63) goto -36 <ota_send_msg+0x104 : 2001a36 >
 2001a5a:    c0 e1 f8 00       	r0 = r15 << 8
 2001a5e:    90 f1 00 0c       	r0 = r0 | r12  #
 2001a62:    41 69             		 r1 = [r4+36] 
 2001a64:    90 e1 00 0e       	r0 = r0 | r14
 2001a68:    90 e1 00 0d       	r0 = r0 | r13
 2001a6c:    61 e1 3f 10       	r1 = r1 & 0x3F
 2001a70:    d8 ec ab 01       	[r10+r1<<2] = r0
 2001a74:    c9 eb 01 40       	[r4+36] += 1
 2001a78:    75 18             	r5 += r7
 2001a7a:    8b e9 b6 51       	if (r5 < r11) goto -148 <ota_send_msg+0xB8 : 20019ea >
 2001a7e:    40 20             	r0 = 0
 2001a80:    52 ee 43 80       	b[r4+3] = r8
 2001a84:    5f 04             	{pc, r15-r4} = [sp++]


ota_reply_identity:
 2001a86:    10 04             	[--sp] = rets
 2001a88:    e2 99             	sp += -28
 2001a8a:    40 20             	r0 = 0
 2001a8c:    c1 ff 1d 2e 00 02 	r1 = 33566237 <fm1_enter_uboot.k+0xF : 2002e1c >
 2001a92:    42 20             	r2 = 0
 2001a94:    b0 ec 07 00       	if (r0 <= 7) {
 2001a98:    d8 ee 00 21       		r2 = b[r0+r1] (u)
                               	}
 2001a9c:    8b 81             	r3 = sp + 1
 2001a9e:    d8 ee 31 20       	b[r3+r0] = r2
 2001aa2:    c0 21             	r0 += 1
 2001aa4:    80 f8 f5 37       	if (r0 != 27) goto -22 <ota_reply_identity+0xC : 2001a92 >
 2001aa8:    89 81             	r1 = sp + 1
 2001aaa:    40 31             	r0 = 17
 2001aac:    42 3b             	r2 = 27
 2001aae:    bf ea 40 ff       	call -384 <ota_send_msg : 2001932 >
 2001ab2:    02 87             	sp += 28
 2001ab4:    00 04             	pc = [sp++]


ota_show:
 2001ab6:    76 04             	[--sp] = {rets, r6-r4}
 2001ab8:    e2 9f             	sp += -4
 2001aba:    14 16             	r4 = r1
 2001abc:    05 16             	r5 = r0
 2001abe:    40 e0 00 f8       	r0 = -2048 <_data_load+0xFFFFFFFFFDFFBD20 : fffffffffffff800 >
 2001ac2:    b5 ec 08 00       	if (r5 <= 8) {
 2001ac6:    40 3f             		r0 = 31
                               	}
 2001ac8:    86 17             	r6 = r0.l (u)
 2001aca:    80 d4             	r1_r0 = 0  #
 2001acc:    86 20             		 [sp] = r6
 2001ace:    7a 30             	r2 = 240
 2001ad0:    7b 30             	r3 = 240
 2001ad2:    bf ea 2c f5       	call -5544 <lcd_fill : 200052e >
 2001ad6:    48 28             	r0 = 40
 2001ad8:    51 16             	r1 = r5
 2001ada:    bf ea 8b f5       	call -5354 <screen_hex : 20005f4 >
 2001ade:    50 30             	r0 = 80
 2001ae0:    41 16             	r1 = r4
 2001ae2:    bf ea 87 f5       	call -5362 <screen_hex : 20005f4 >
 2001ae6:    02 81             	sp += 4
 2001ae8:    56 04             	{pc, r6-r4} = [sp++]


ota_read:
 2001aea:    7d 04             	[--sp] = {rets, r13-r4}
 2001aec:    e2 9e             	sp += -8
 2001aee:    c6 ff 90 96 c0 01 	r6 = 29398672 <fm1__tick_col : 1c09690 >
 2001af4:    d0 ec 64 35       	r3 = [r6+84]
 2001af8:    2c 16             	r12 = r2
 2001afa:    08 15             	r9_r8 = r1_r0
 2001afc:    03 46             	if (r3 == 0) goto 12 <ota_read+0x20 : 2001b0a >
 2001afe:    4a f0 ff ff       	r10 = -1  # <_data_load+0xFFFFFFFFFDFFC51E : fffffffffffffffe >
 2001b02:    60 65             		 r0 = [r6+20] 
 2001b04:    88 1e             	r0 = r0 - r3
 2001b06:    00 fe 72 00       	ifs (r0 > 0) goto 228 <ota_read+0x104 : 2001bee >
 2001b0a:    c5 14             	r13 = 0
 2001b0c:    de e9 00 d0       	b[sp] = r13
 2001b10:    de e9 01 80       	b[sp+1] = r8
 2001b14:    c0 e1 88 08       	r0 = r8 >> 8
 2001b18:    de e9 02 00       	b[sp+2] = r0
 2001b1c:    c0 e1 80 09       	r0 = r8 >> 16
 2001b20:    de e9 03 00       	b[sp+3] = r0
 2001b24:    c0 e1 88 09       	r0 = r8 >> 24
 2001b28:    de e9 04 00       	b[sp+4] = r0
 2001b2c:    de e9 05 20       	b[sp+5] = r2
 2001b30:    a0 a8             	r0 = r2 >> 8
 2001b32:    de e9 06 00       	b[sp+6] = r0
 2001b36:    de e9 07 d0       	b[sp+7] = r13
 2001b3a:    0b e1 08 20       	r11 = r2 + 8
 2001b3e:    2f 8f             	r7 = r2 + 15
 2001b40:    c4 ff 04 8c c0 01 	r4 = 29395972 <ota_dec : 1c08c04 >
 2001b46:    89 80             	r1 = sp + 0
 2001b48:    48 30             	r0 = 48
 2001b4a:    42 28             	r2 = 8
 2001b4c:    bf ea f1 fe       	call -542 <ota_send_msg : 2001932 >
 2001b50:    4a e0 ff ff       	r10 = -1 <_data_load+0xFFFFFFFFFDFFC51E : fffffffffffffffe >
 2001b54:    a0 4c             	if (r0 != 0) goto 152 <ota_read+0x104 : 2001bee >
 2001b56:    65 65             	r5 = [r6+20] 
 2001b58:    60 65             	r0 = [r6+20] 
 2001b5a:    08 1f             	r0 = r0 - r5
 2001b5c:    80 a3             	r0 = r0 >> 3
 2001b5e:    40 fc 38 e0       	if (r0 > 624) goto 112 <ota_read+0xE8 : 2001bd2 >
 2001b62:    40 21             	r0 = 1
 2001b64:    61 20             	r1 = 128
 2001b66:    52 20             	r2 = 64
 2001b68:    bf ea 99 f5       	call -5326 <fm1__p33_op : 200069e >
 2001b6c:    bf ea 94 fe       	call -728 <ota_take : 2001898 >
 2001b70:    10 4b             	if (r0 == 0) goto 86 <ota_read+0xDE : 2001bc8 >
 2001b72:    80 f8 06 0e       	if (r0 != 7) goto 12 <ota_read+0x98 : 2001b82 >
 2001b76:    49 42             	r1 = b[r4+2] (u)
 2001b78:    81 f8 04 22       	if (r1 != 17) goto 8 <ota_read+0x9A : 2001b84 >
 2001b7c:    bf ea 83 ff       	call -250 <ota_reply_identity : 2001a86 >
 2001b80:    14 83             	goto 70 <ota_read+0xDE : 2001bc8 >
 2001b82:    49 42             	r1 = b[r4+2] (u)
 2001b84:    87 e8 20 00       	if (r0 != r7) goto 64 <ota_read+0xDE : 2001bc8 >
 2001b88:    81 f8 1e 60       	if (r1 != 48) goto 60 <ota_read+0xDE : 2001bc8 >
 2001b8c:    48 44             	r0 = b[r4+4] (u)
 2001b8e:    49 43             	r1 = b[r4+3] (u)
 2001b90:    a1 f1 20 04       	r1 <= insert(r0, p:8, l:8)  #
 2001b94:    4a 45             		 r2 = b[r4+5] (u)
 2001b96:    a1 e1 20 28       	r1 <= insert(r2, p:16, l:8)
 2001b9a:    8b e8 15 10       	if (r1 != r11) goto 42 <ota_read+0xDE : 2001bc8 >
 2001b9e:    48 48             	r0 = b[r4+8] (u)
 2001ba0:    49 47             	r1 = b[r4+7] (u)
 2001ba2:    a1 f1 20 04       	r1 <= insert(r0, p:8, l:8)  #
 2001ba6:    4a 49             		 r2 = b[r4+9] (u)
 2001ba8:    a1 f1 20 28       	r1 <= insert(r2, p:16, l:8)  #
 2001bac:    4b 4a             		 r3 = b[r4+10] (u)
 2001bae:    a1 e1 20 3c       	r1 <= insert(r3, p:24, l:8)
 2001bb2:    88 e8 09 10       	if (r1 != r8) goto 18 <ota_read+0xDE : 2001bc8 >
 2001bb6:    48 4c             	r0 = b[r4+12] (u)
 2001bb8:    49 4b             	r1 = b[r4+11] (u)
 2001bba:    a1 f1 20 04       	r1 <= insert(r0, p:8, l:8)  #
 2001bbe:    4a 4d             		 r2 = b[r4+13] (u)
 2001bc0:    a1 e1 20 28       	r1 <= insert(r2, p:16, l:8)
 2001bc4:    0c e8 0a 10       	if (r1 == r12) goto 20 <ota_read+0xF2 : 2001bdc >
 2001bc8:    60 65             	r0 = [r6+20] 
 2001bca:    08 1f             	r0 = r0 - r5
 2001bcc:    80 a3             	r0 = r0 >> 3
 2001bce:    c0 f9 c8 e3       	if (r0 < 625) goto -112 <ota_read+0x78 : 2001b62 >
 2001bd2:    0d e1 01 d0       	r13 = r13 + 1
 2001bd6:    8d f9 b6 07       	if (r13 < 3) goto -148 <ota_read+0x5C : 2001b46 >
 2001bda:    04 89             	goto 18 <ota_read+0x104 : 2001bee >
 2001bdc:    c2 14             	r10 = 0
 2001bde:    0c f8 06 00       	if (r12 == 0) goto 12 <ota_read+0x104 : 2001bee >
 2001be2:    48 8e             	r0 = r4 + 14
 2001be4:    01 07             	r1 = b[r0++=1] (u)
 2001be6:    d2 ee 91 10       	b[r9++=1] = r1
 2001bea:    0c ea fb ff       	if (--r12 != 0) goto -10 <ota_read+0xFA : 2001be4 >
 2001bee:    a0 16             	r0 = r10
 2001bf0:    02 82             	sp += 8
 2001bf2:    5d 04             	{pc, r13-r4} = [sp++]


ota_jl_enc:
 2001bf4:    74 04             	[--sp] = {rets, r4}
 2001bf6:    01 50             	if (r1 == 0) goto 32 <ota_jl_enc+0x24 : 2001c18 >
 2001bf8:    c3 ff ff ff 00 00 	r3 = 65535 <firmware/src/diag.c+0xFFFE : fffe >
 2001bfe:    42 e0 21 10       	r2 = 4129 <firmware/src/diag.c+0x1020 : 1020 >
 2001c02:    0c 40             	r4 = b[r0+0] (u)
 2001c04:    3c 19             	r4 ^= r3
 2001c06:    b4 f1 85 37       	r4 = sextra(r3, p:15, l:1)  #
 2001c0a:    84 07             		 b[r0++=1] = r4
 2001c0c:    a4 19             	r4 &= r2
 2001c0e:    33 a1             	r3 = r3 << 1
 2001c10:    b3 17             	r3 = r3.l (u)
 2001c12:    4b 19             	r3 ^= r4
 2001c14:    01 ea f5 ff       	if (--r1 != 0) goto -22 <ota_jl_enc+0xE : 2001c02 >
 2001c18:    54 04             	{pc, r4} = [sp++]


ota_crc16:
 2001c1a:    77 04             	[--sp] = {rets, r7-r4}
 2001c1c:    01 53             	if (r1 == 0) goto 38 <ota_crc16+0x2A : 2001c44 >
 2001c1e:    43 e0 21 10       	r3 = 4129 <firmware/src/diag.c+0x1020 : 1020 >
 2001c22:    04 07             	r4 = b[r0++=1] (u)
 2001c24:    44 a8             	r4 = r4 << 8
 2001c26:    4a 19             	r2 ^= r4
 2001c28:    f9 3f             	r1 += -1
 2001c2a:    44 28             	r4 = 8
 2001c2c:    25 a1             	r5 = r2 << 1
 2001c2e:    90 e1 51 63       	r6 = r5 ^ r3
 2001c32:    af 17             	r7 = r2.l (s)
 2001c34:    62 16             	r2 = r6
 2001c36:    37 ed 00 00       	ifs (r7 >= 0) {
 2001c3a:    52 16             		r2 = r5
                               	}
 2001c3c:    04 ea f6 ff       	if (--r4 != 0) goto -20 <ota_crc16+0x12 : 2001c2c >
 2001c40:    a2 17             	r2 = r2.l (u)
 2001c42:    f1 4f             	if (r1 != 0) goto -34 <ota_crc16+0x8 : 2001c22 >
 2001c44:    20 16             	r0 = r2
 2001c46:    57 04             	{pc, r7-r4} = [sp++]


ota_prog:
 2001c48:    7a 04             	[--sp] = {rets, r10-r4}
 2001c4a:    e2 9e             	sp += -8
 2001c4c:    25 16             	r5 = r2
 2001c4e:    16 16             	r6 = r1
 2001c50:    07 16             	r7 = r0
 2001c52:    f0 e0 60 7a       	r0 = r7 - 0xE0000
 2001c56:    48 e0 f8 ff       	r8 = -8 <_data_load+0xFFFFFFFFFDFFC518 : fffffffffffffff8 >
 2001c5a:    28 ff a0 0c 21 00 	if (r0 > 20480) goto 66 <ota_prog+0x5A : 2001ca2 >
 2001c60:    a0 e0 65 7a       	r0 = 0xE5000 - r7
 2001c64:    85 e9 1d 00       	if (r0 < r5) goto 58 <ota_prog+0x5A : 2001ca2 >
 2001c68:    c0 14             	r8 = 0
 2001c6a:    05 5b             	if (r5 == 0) goto 54 <ota_prog+0x5A : 2001ca2 >
 2001c6c:    c9 ff 08 06 c0 01 	r9 = 29361672 <fl_prog_ram : 1c00608 >
 2001c72:    60 00             	cli
 2001c74:    d4 e9 05 90       	[sp+4] = r9
 2001c78:    d4 e9 04 a0       	r10 = [sp+4]
 2001c7c:    70 17             	r0 = r7.b0 (u)
 2001c7e:    a0 e0 80 0f       	r0 = 0x100 - r0
 2001c82:    35 e4 00 45       	r4 = umin(r0, r5)
 2001c86:    8b 80             	r3 = sp + 0
 2001c88:    70 16             	r0 = r7
 2001c8a:    61 16             	r1 = r6
 2001c8c:    42 16             	r2 = r4
 2001c8e:    ca 00             	call r10
 2001c90:    20 00             	csync
 2001c92:    61 00             	sti
 2001c94:    80 45             	if (r0 != 0) goto 10 <ota_prog+0x58 : 2001ca0 >
 2001c96:    55 1f             	r5 = r5 - r4
 2001c98:    46 18             	r6 += r4
 2001c9a:    47 18             	r7 += r4
 2001c9c:    f5 4a             	if (r5 != 0) goto -44 <ota_prog+0x2A : 2001c72 >
 2001c9e:    04 81             	goto 2 <ota_prog+0x5A : 2001ca2 >
 2001ca0:    08 16             	r8 = r0
 2001ca2:    80 16             	r0 = r8
 2001ca4:    02 82             	sp += 8
 2001ca6:    5a 04             	{pc, r10-r4} = [sp++]


con_putc:
 2001ca8:    78 04             	[--sp] = {rets, r8-r4}
 2001caa:    c5 ff 90 96 c0 01 	r5 = 29398672 <fm1__tick_col : 1c09690 >
 2001cb0:    56 65             	r6 = [r5+20] 
 2001cb2:    d0 ec 54 14       	r1 = [r5+68]
 2001cb6:    d0 ec 58 24       	r2 = [r5+72]
 2001cba:    91 1e             	r1 = r1 - r2
 2001cbc:    08 16             	r8 = r0
 2001cbe:    03 ff 00 18 1b 00 	if (r1 < 2048) goto 54 <con_putc+0x52 : 2001cfa >
 2001cc4:    c7 ff 00 80 c0 01 	r7 = 29392896 <cdc : 1c08000 >
 2001cca:    44 e0 3d 01       	r4 = 317 <firmware/src/diag.c+0x13C : 13c >
 2001cce:    78 47             	r0 = b[r7+7] (u)
 2001cd0:    10 41             	if (r0 == 0) goto 66 <con_putc+0x6C : 2001d14 >
 2001cd2:    d8 ee 50 04       	r0 = b[r5+r4] (u)
 2001cd6:    80 5e             	if (r0 != 0) goto 60 <con_putc+0x6C : 2001d14 >
 2001cd8:    50 65             	r0 = [r5+20] 
 2001cda:    80 1f             	r0 = r0 - r6
 2001cdc:    00 f9 1a 2a       	if (r0 >= 21) goto 52 <con_putc+0x6C : 2001d14 >
 2001ce0:    40 21             	r0 = 1
 2001ce2:    61 20             	r1 = 128
 2001ce4:    52 20             	r2 = 64
 2001ce6:    bf ea da f4       	call -5708 <fm1__p33_op : 200069e >
 2001cea:    d0 ec 54 04       	r0 = [r5+68]
 2001cee:    d0 ec 58 14       	r1 = [r5+72]
 2001cf2:    08 1e             	r0 = r0 - r1
 2001cf4:    08 ff ff 07 ea ff 	if (r0 > 2047) goto -44 <con_putc+0x26 : 2001cce >
 2001cfa:    d0 ec 54 04       	r0 = [r5+68]
 2001cfe:    41 e0 ff 07       	r1 = 2047 <firmware/src/diag.c+0x7FE : 7fe >
 2001d02:    90 19             	r0 &= r1
 2001d04:    c1 ff 04 84 c0 01 	r1 = 29393924 <cdc_out : 1c08404 >
 2001d0a:    d8 ee 01 81       	b[r0+r1] = r8
 2001d0e:    d1 eb 01 50       	[r5+68] += 1
 2001d12:    58 04             	{pc, r8-r4} = [sp++]
 2001d14:    40 16             	r0 = r4
 2001d16:    41 21             	r1 = 1
 2001d18:    d8 ee 51 10       	b[r5+r0] = r1
 2001d1c:    58 04             	{pc, r8-r4} = [sp++]


con_puts:
 2001d1e:    74 04             	[--sp] = {rets, r4}
 2001d20:    04 16             	r4 = r0
 2001d22:    04 83             	goto 6 <con_puts+0xC : 2001d2a >
 2001d24:    08 17             	r0 = r0.b0 (s)
 2001d26:    bf ea bf ff       	call -130 <con_putc : 2001ca8 >
 2001d2a:    40 07             	r0 = b[r4++=1] (u)
 2001d2c:    f0 5b             	if (r0 != 0) goto -10 <con_puts+0x6 : 2001d24 >
 2001d2e:    54 04             	{pc, r4} = [sp++]


equal:
 2001d30:    74 04             	[--sp] = {rets, r4}
 2001d32:    c2 ff 90 96 c0 01 	r2 = 29398672 <fm1__tick_col : 1c09690 >
 2001d38:    50 ee 28 1f       	r1 = b[r2+248] (u)
 2001d3c:    01 48             	if (r1 == 0) goto 16 <equal+0x1E : 2001d4e >
 2001d3e:    02 e1 f9 20       	r2 = r2 + 249
 2001d42:    03 d6             	r3 = r0  #
 2001d44:    04 07             		 r4 = b[r0++=1] (u)
 2001d46:    84 e8 04 10       	if (r1 != r4) goto 8 <equal+0x22 : 2001d52 >
 2001d4a:    21 07             	r1 = b[r2++=1] (u)
 2001d4c:    f1 5a             	if (r1 != 0) goto -12 <equal+0x12 : 2001d42 >
 2001d4e:    41 20             	r1 = 0
 2001d50:    03 16             	r3 = r0
 2001d52:    3a 40             	r2 = b[r3+0] (u)
 2001d54:    40 21             	r0 = 1
 2001d56:    91 e8 00 02       	if (r1 != r2) {
 2001d5a:    40 20             		r0 = 0
                               	}
 2001d5c:    54 04             	{pc, r4} = [sp++]


con_dec:
 2001d5e:    75 04             	[--sp] = {rets, r5, r4}
 2001d60:    e2 9d             	sp += -12
 2001d62:    04 16             	r4 = r0
 2001d64:    74 fe 05 fe       	ifs (r4 > -1) goto 10 <con_dec+0x14 : 2001d72 >
 2001d68:    48 2d             	r0 = 45
 2001d6a:    bf ea 9d ff       	call -198 <con_putc : 2001ca8 >
 2001d6e:    a4 e0 00 40       	r4 = 0x0 - r4
 2001d72:    11 3f             	r1 = -1
 2001d74:    40 2a             	r0 = 10
 2001d76:    42 16             	r2 = r4
 2001d78:    8b 80             	r3 = sp + 0
 2001d7a:    13 18             	r3 += r1
 2001d7c:    f4 e1 20 40       	r4 = r2 / r0 (u)
 2001d80:    e5 e1 0a 40       	r5 = r4 * 0xA
 2001d84:    2d 1f             	r5 = r2 - r5
 2001d86:    45 e1 30 50       	r5 = r5 | 0x30
 2001d8a:    bd 41             	b[r3+1] = r5
 2001d8c:    1d 81             	r5 = r1 + 1
 2001d8e:    82 f9 04 14       	if (r2 < 10) goto 8 <con_dec+0x3C : 2001d9a >
 2001d92:    1a 82             	r2 = r1 + 2
 2001d94:    51 16             	r1 = r5
 2001d96:    82 f9 ee 19       	if (r2 < 12) goto -36 <con_dec+0x18 : 2001d76 >
 2001d9a:    88 80             	r0 = sp + 0
 2001d9c:    d8 ee 02 05       	r0 = b[r0+r5] (s)
 2001da0:    bf ea 82 ff       	call -252 <con_putc : 2001ca8 >
 2001da4:    fd 3f             	r5 += -1
 2001da6:    f5 f8 f8 ff       	if (r5 != -1) goto -16 <con_dec+0x3C : 2001d9a >
 2001daa:    02 83             	sp += 12
 2001dac:    55 04             	{pc, r5, r4} = [sp++]


fm1_cstart:
 2001dae:    a2 9c             	sp += -272
 2001db0:    60 e0 84 1b       	r1 = 0x10800
 2001db4:    10 60             	r0 = [r1+0] 
 2001db6:    60 e1 0f 00       	r0 = r0 & 0xF
 2001dba:    00 f8 08 12       	if (r0 == 9) goto 16 <fm1_cstart+0x20 : 2001dce >
 2001dbe:    40 20             	r0 = 0
 2001dc0:    90 60             	[r1+0] = r0
 2001dc2:    42 ea ff 13       	[r1+8] = 0xFFFFFFFF
 2001dc6:    40 f0 09 40       	r0 = 16393  # <firmware/src/diag.c+0x4008 : 4008 >
 2001dca:    90 61             		 [r1+4] = r0
 2001dcc:    90 60             	[r1+0] = r0
 2001dce:    40 32             	r0 = 18
 2001dd0:    bf ea 0e fc       	call -2020 <fm1_p33_read : 20015f0 >
 2001dd4:    cb ff 84 96 c0 01 	r11 = 29398660 <fm1_boot.0 : 1c09684 >
 2001dda:    52 ee b0 00       	b[r11+0] = r0
 2001dde:    c0 ff c0 00 01 00 	r0 = 65728 <firmware/src/diag.c+0x100C0 : 100c0 >
 2001de4:    00 60             	r0 = [r0+0] 
 2001de6:    cd ff 90 96 c0 01 	r13 = 29398672 <fm1__tick_col : 1c09690 >
 2001dec:    d0 ec d9 05       	[r13+88] = r0
 2001df0:    60 20             	r0 = 128
 2001df2:    bf ea fd fb       	call -2054 <fm1_p33_read : 20015f0 >
 2001df6:    d0 ec d8 c5       	r12 = [r13+88]
 2001dfa:    50 ee b0 e0       	r14 = b[r11+0] (u)
 2001dfe:    0f 16             	r15 = r0
 2001e00:    ca ff 88 96 c0 01 	r10 = 29398664 <fm1_boot.2 : 1c09688 >
 2001e06:    52 ee a0 00       	b[r10+0] = r0
 2001e0a:    40 20             	r0 = 0
 2001e0c:    61 20             	r1 = 128
 2001e0e:    42 20             	r2 = 0
 2001e10:    bf ea 45 f4       	call -6006 <fm1__p33_op : 200069e >
 2001e14:    40 22             	r0 = 2
 2001e16:    41 37             	r1 = 23
 2001e18:    6a 3f             	r2 = 191
 2001e1a:    bf ea 40 f4       	call -6016 <fm1__p33_op : 200069e >
 2001e1e:    40 20             	r0 = 0
 2001e20:    61 20             	r1 = 128
 2001e22:    52 2d             	r2 = 77
 2001e24:    bf ea 3b f4       	call -6026 <fm1__p33_op : 200069e >
 2001e28:    40 21             	r0 = 1
 2001e2a:    61 20             	r1 = 128
 2001e2c:    42 30             	r2 = 16
 2001e2e:    45 21             	r5 = 1
 2001e30:    bf ea 35 f4       	call -6038 <fm1__p33_op : 200069e >
 2001e34:    c2 ff 40 c0 c7 01 	r2 = 29868096 <bootguard : 1c7c040 >
 2001e3a:    20 60             	r0 = [r2+0] 
 2001e3c:    c1 ff 44 52 47 42 	r1 = 1111970372 <_data_load+0x40471764 : 42475244 >
 2001e42:    81 e8 10 00       	if (r0 != r1) goto 32 <fm1_cstart+0xB8 : 2001e66 >
 2001e46:    50 ec 24 00       	r1_r0 = d[r2+4]
 2001e4a:    01 42             	if (r1 == 0) goto 4 <fm1_cstart+0xA2 : 2001e50 >
 2001e4c:    c0 21             	r0 += 1
 2001e4e:    a0 61             	[r2+4] = r0
 2001e50:    42 ea 01 20       	[r2+8] = 0x1
 2001e54:    80 fc 0c 02       	if (r0 <= 1) goto 24 <fm1_cstart+0xC2 : 2001e70 >
 2001e58:    40 20             	r0 = 0
 2001e5a:    41 20             	r1 = 0
 2001e5c:    50 ec 25 00       	d[r2+4] = r1_r0
 2001e60:    bf ea e8 fb       	call -2096 <fm1_enter_uboot : 2001634 >
 2001e64:    f7 9f             	goto -2 <fm1_cstart+0xB6 : 2001e64 >
 2001e66:    10 16             	r0 = r1
 2001e68:    41 20             	r1 = 0
 2001e6a:    50 ec 21 00       	d[r2+0] = r1_r0
 2001e6e:    a5 62             	[r2+8] = r5
 2001e70:    40 20             	r0 = 0
 2001e72:    c1 ff 40 bc 7b 00 	r1 = 8109120 <firmware/src/diag.c+0x7BBC40 : 7bbc40 >
 2001e78:    42 20             	r2 = 0
 2001e7a:    d8 ec 2b 01       	[r2+r1<<2] = r0
 2001e7e:    c2 24             	r2 += 4
 2001e80:    92 f8 fb 01       	if (r2 != 128) goto -10 <fm1_cstart+0xCC : 2001e7a >
 2001e84:    79 3f             	r1 = 255
 2001e86:    c0 ff d0 f0 ee 01 	r0 = 32436432 <bootguard+0x273090 : 1eef0d0 >
 2001e8c:    d0 ec 05 1d       	[r0+212] = r1
 2001e90:    11 3f             	r1 = -1
 2001e92:    34 f1 70 01       	r4 = r0 + -3728  #
 2001e96:    81 61             		 [r0+4] = r1
 2001e98:    42 60             	r2 = [r4+0] 
 2001e9a:    22 ea 01 00       	if ((r2 & 0x1) == 0) {
 2001e9e:    40 ea e7 40       		[r4+0] = 0xE7
                               	}
 2001ea2:    c1 62             	[r4+8] = r1
 2001ea4:    42 20             	r2 = 0
 2001ea6:    c3 ff 58 01 00 02 	r3 = 33554776 <fm1_fatal_stubs : 2000158 >
 2001eac:    c1 ff 00 fe c7 01 	r1 = 29883904 <bootguard+0x3DC0 : 1c7fe00 >
 2001eb2:    d8 ec 1b 32       	[r1+r2<<2] = r3
 2001eb6:    c2 21             	r2 += 1
 2001eb8:    c3 26             	r3 += 6
 2001eba:    92 f8 fa 01       	if (r2 != 128) goto -12 <fm1_cstart+0x104 : 2001eb2 >
 2001ebe:    0c ef f0 00       	[r0+48] |= 0xF0
 2001ec2:    00 ef 04 00       	[r0+0] |= 0x4
 2001ec6:    02 e1 f0 00       	r2 = r0 + 240
 2001eca:    00 ef 01 20       	[r2+0] |= 0x1
 2001ece:    c2 ff 00 9d c0 01 	r2 = 29400320 <_bss_end : 1c09d00 >
 2001ed4:    c3 ff 20 80 c0 01 	r3 = 29392928 <fm1_fault_c.in_fault : 1c08020 >
 2001eda:    02 e9 04 30       	if (r3 >= r2) goto 8 <fm1_cstart+0x138 : 2001ee6 >
 2001ede:    45 20             	r5 = 0
 2001ee0:    b5 05             	[r3++=4] = r5
 2001ee2:    82 e9 fd 31       	if (r3 < r2) goto -6 <fm1_cstart+0x132 : 2001ee0 >
 2001ee6:    c2 ff 00 00 c2 01 	r2 = 29491200 <_pool_start : 1c20000 >
 2001eec:    c3 ff 00 00 c2 01 	r3 = 29491200 <_pool_start : 1c20000 >
 2001ef2:    02 e9 04 30       	if (r3 >= r2) goto 8 <fm1_cstart+0x150 : 2001efe >
 2001ef6:    45 20             	r5 = 0
 2001ef8:    b5 05             	[r3++=4] = r5
 2001efa:    82 e9 fd 31       	if (r3 < r2) goto -6 <fm1_cstart+0x14A : 2001ef8 >
 2001efe:    c2 ff 14 80 c0 01 	r2 = 29392916 <_data_end : 1c08014 >
 2001f04:    c3 ff 00 80 c0 01 	r3 = 29392896 <cdc : 1c08000 >
 2001f0a:    02 e9 07 30       	if (r3 >= r2) goto 14 <fm1_cstart+0x16E : 2001f1c >
 2001f0e:    c7 ff e0 3a 00 02 	r7 = 33569504 <_data_load : 2003ae0 >
 2001f14:    75 05             	r5 = [r7++=4] 
 2001f16:    b5 05             	[r3++=4] = r5
 2001f18:    82 e9 fc 31       	if (r3 < r2) goto -8 <fm1_cstart+0x166 : 2001f14 >
 2001f1c:    c2 ff 48 0b c0 01 	r2 = 29363016 <_rt_end : 1c00b48 >
 2001f22:    c5 ff 00 00 c0 01 	r5 = 29360128 <fl_jedec_ram : 1c00000 >
 2001f28:    02 e9 08 50       	if (r5 >= r2) goto 16 <fm1_cstart+0x18E : 2001f3c >
 2001f2c:    c7 ff 98 2f 00 02 	r7 = 33566616 <_rt_load : 2002f98 >
 2001f32:    53 16             	r3 = r5
 2001f34:    76 05             	r6 = [r7++=4] 
 2001f36:    b6 05             	[r3++=4] = r6
 2001f38:    82 e9 fc 31       	if (r3 < r2) goto -8 <fm1_cstart+0x186 : 2001f34 >
 2001f3c:    33 e1 80 1f       	r3 = r1 + -128
 2001f40:    47 20             	r7 = 0
 2001f42:    b7 05             	[r3++=4] = r7
 2001f44:    81 e9 fd 31       	if (r3 < r1) goto -6 <fm1_cstart+0x194 : 2001f42 >
 2001f48:    41 60             	r1 = [r4+0] 
 2001f4a:    21 ea 01 00       	if ((r1 & 0x1) == 0) {
 2001f4e:    40 ea e7 40       		[r4+0] = 0xE7
                               	}
 2001f52:    42 ea ff 43       	[r4+8] = 0xFFFFFFFF
 2001f56:    c0 ef 08 00       	[r0+0] &= 0xFFFFFFF7
 2001f5a:    c1 ff 00 41 c7 01 	r1 = 29835520 <_ustack_lo : 1c74100 >
 2001f60:    81 63             	[r0+12] = r1
 2001f62:    c3 ff 00 c0 c7 01 	r3 = 29868032 <fm1_crash : 1c7c000 >
 2001f68:    83 62             	[r0+8] = r3
 2001f6a:    81 65             	[r0+20] = r1
 2001f6c:    83 64             	[r0+16] = r3
 2001f6e:    00 ef 08 00       	[r0+0] |= 0x8
 2001f72:    c0 ff 00 40 c7 01 	r0 = 29835264 <_guard0 : 1c74000 >
 2001f78:    08 e1 80 40       	r8 = r4 + 128
 2001f7c:    d0 ec 81 00       	[r8+0] = r0
 2001f80:    30 e1 ff 1f       	r0 = r1 + -1
 2001f84:    09 e1 40 40       	r9 = r4 + 64
 2001f88:    d0 ec 91 00       	[r9+0] = r0
 2001f8c:    c0 ff 00 a0 c7 01 	r0 = 29859840 <_ustack_top : 1c7a000 >
 2001f92:    d0 ec 85 00       	[r8+4] = r0
 2001f96:    c0 ff ff a0 c7 01 	r0 = 29860095 <_ustack_top+0xFE : 1c7a0fe >
 2001f9c:    d0 ec 95 00       	[r9+4] = r0
 2001fa0:    01 e1 00 41       	r1 = r4 + 256
 2001fa4:    02 ef 03 10       	[r1+8] |= 0x3
 2001fa8:    c0 ff 30 00 3f 00 	r0 = 4128816 <firmware/src/diag.c+0x3F0030 : 3f0030 >
 2001fae:    64 e8 00 10       	[r1+0] |= r0
 2001fb2:    c7 ff 20 01 00 02 	r7 = 33554720 <_start : 2000120 >
 2001fb8:    00 e1 40 10       	r0 = r1 + 64
 2001fbc:    87 61             	[r0+4] = r7
 2001fbe:    c1 ff 98 2f 00 02 	r1 = 33566616 <_rt_load : 2002f98 >
 2001fc4:    81 60             	[r0+0] = r1
 2001fc6:    d4 e9 0d 51       	[sp+268] = r5
 2001fca:    d4 e9 09 21       	[sp+264] = r2
 2001fce:    d4 e9 08 21       	r2 = [sp+264]
 2001fd2:    d4 e9 0c 31       	r3 = [sp+268]
 2001fd6:    12 ec 00 03       	if (r2 > r3) {
 2001fda:    d4 e9 0c 71       		r7 = [sp+268]
                               	}
 2001fde:    87 63             	[r0+12] = r7
 2001fe0:    d4 e9 08 21       	r2 = [sp+264]
 2001fe4:    d4 e9 0c 31       	r3 = [sp+268]
 2001fe8:    12 ec 00 43       	if (r2 > r3) {
 2001fec:    d4 e9 08 11       		r1 = [sp+264]
 2001ff0:    f9 3f             		r1 += -1
                               	}
 2001ff2:    81 62             	[r0+8] = r1
 2001ff4:    40 60             	r0 = [r4+0] 
 2001ff6:    30 ea 01 00       	if ((r0 & 0x1) != 0) {
 2001ffa:    40 ea e7 40       		[r4+0] = 0xE7
                               	}
 2001ffe:    52 ee b0 e0       	b[r11+0] = r14
 2002002:    d0 ec d9 c5       	[r13+88] = r12
 2002006:    52 ee a0 f0       	b[r10+0] = r15
 200200a:    60 e0 97 0b       	r0 = 0x12E00
 200200e:    09 60             	r1 = h[r0+0] (u)
 2002010:    b9 2b             	r1 &= 4294965247
 2002012:    89 60             	h[r0+0] = r1
 2002014:    60 00             	cli
 2002016:    c0 ff 00 00 c0 01 	r0 = 29360128 <fl_jedec_ram : 1c00000 >
 200201c:    80 3a             	[sp+104] = r0
 200201e:    00 3a             	r0 = [sp+104]
 2002020:    c0 00             	call r0
 2002022:    c2 ff 14 60 85 00 	r2 = 8740884 <firmware/src/diag.c+0x856014 : 856014 >
 2002028:    41 21             	r1 = 1
 200202a:    90 e8 00 02       	if (r0 != r2) {
 200202e:    41 20             		r1 = 0
                               	}
 2002030:    52 ee d4 10       	b[r13+4] = r1
 2002034:    20 00             	csync
 2002036:    61 00             	sti
 2002038:    50 ee d4 00       	r0 = b[r13+4] (u)
 200203c:    20 4e             	if (r0 == 0) goto 156 <fm1_cstart+0x32C : 20020da >
 200203e:    c1 ff 00 03 04 00 	r1 = 262912 <firmware/src/diag.c+0x40300 : 40300 >
 2002044:    18 40             	r0 = b[r1+0] (u)
 2002046:    b8 21             	r0 &= 4294967293
 2002048:    98 40             	b[r1+0] = r0
 200204a:    c0 ff 00 f0 08 02 	r0 = 34140160 <_data_load+0x8B520 : 208f000 >
 2002050:    90 63             	[r1+12] = r0
 2002052:    c2 ff ff ff ff 07 	r2 = 134217727 <_data_load+0x5FFC51E : 7fffffe >
 2002058:    92 62             	[r1+8] = r2
 200205a:    1a 40             	r2 = b[r1+0] (u)
 200205c:    32 21             	r2 |= 2
 200205e:    9a 40             	b[r1+0] = r2
 2002060:    60 00             	cli
 2002062:    31 e1 c8 4d       	r1 = r4 + -568
 2002066:    12 60             	r2 = [r1+0] 
 2002068:    52 e8 fd 71       	if ((r2 & 16384) == 0) goto -6 <fm1_cstart+0x2B8 : 2002066 >
 200206c:    20 00             	csync
 200206e:    30 02             	flushinv [r0]
 2002070:    20 00             	csync
 2002072:    12 60             	r2 = [r1+0] 
 2002074:    52 e8 fd 71       	if ((r2 & 16384) == 0) goto -6 <fm1_cstart+0x2C4 : 2002072 >
 2002078:    c8 20             	r0 += 32
 200207a:    82 ae             	r2 = r0 >> 14
 200207c:    03 ff 3f 28 f5 ff 	if (r2 < 2111) goto -22 <fm1_cstart+0x2BE : 200206c >
 2002082:    20 00             	csync
 2002084:    61 00             	sti
 2002086:    e9 94             	r1 = sp + 116
 2002088:    60 e0 60 0a       	r0 = 0xE0000
 200208c:    42 24             	r2 = 4
 200208e:    bf ea f0 fa       	call -2592 <ota_fread : 2001672 >
 2002092:    90 43             	if (r0 != 0) goto 70 <fm1_cstart+0x32C : 20020da >
 2002094:    c0 ff 00 4f 0e 00 	r0 = 937728 <firmware/src/diag.c+0xE4F00 : e4f00 >
 200209a:    e9 8c             	r1 = sp + 108
 200209c:    42 28             	r2 = 8
 200209e:    bf ea e8 fa       	call -2608 <ota_fread : 2001672 >
 20020a2:    80 5b             	if (r0 != 0) goto 54 <fm1_cstart+0x32C : 20020da >
 20020a4:    80 14             	r1_r0 = 0
 20020a6:    ea 94             	r2 = sp + 116
 20020a8:    d8 ee 20 31       	r3 = b[r2+r1] (u)
 20020ac:    42 21             	r2 = 1
 20020ae:    33 e8 ff 00       	if (r3 == 255) {
 20020b2:    42 20             		r2 = 0
                               	}
 20020b4:    c1 21             	r1 += 1
 20020b6:    20 19             	r0 |= r2
 20020b8:    81 f8 f5 09       	if (r1 != 4) goto -22 <fm1_cstart+0x2F8 : 20020a6 >
 20020bc:    41 20             	r1 = 0
 20020be:    ea 8c             	r2 = sp + 108
 20020c0:    d8 ee 20 31       	r3 = b[r2+r1] (u)
 20020c4:    42 21             	r2 = 1
 20020c6:    33 e8 ff 00       	if (r3 == 255) {
 20020ca:    42 20             		r2 = 0
                               	}
 20020cc:    c1 21             	r1 += 1
 20020ce:    20 19             	r0 |= r2
 20020d0:    81 f8 f5 11       	if (r1 != 8) goto -22 <fm1_cstart+0x310 : 20020be >
 20020d4:    00 42             	if (r0 == 0) goto 4 <fm1_cstart+0x32C : 20020da >
 20020d6:    bf ea 0e fb       	call -2532 <ota_unstage : 20016f6 >
 20020da:    60 e0 a0 ba       	r11 = 0x50000
 20020de:    c0 ef 04 b0       	[r11+0] &= 0xFFFFFFFB
 20020e2:    c2 ef 04 b0       	[r11+8] &= 0xFFFFFFFB
 20020e6:    60 e0 a2 0a       	r0 = 0x51000
 20020ea:    08 ef 10 00       	[r0+32] |= 0x10
 20020ee:    30 e1 80 00       	r0 = r0 + -3968
 20020f2:    00 ef 80 00       	[r0+0] |= 0x80
 20020f6:    c0 ef e0 0e       	[r0+0] &= 0xFFFFF8FF
 20020fa:    c2 ef f0 0e       	[r0+8] &= 0xFFFFF87F
 20020fe:    40 e0 21 40       	r0 = 16417 <firmware/src/diag.c+0x4020 : 4020 >
 2002102:    ca ff 00 1d 01 00 	r10 = 72960 <firmware/src/diag.c+0x11D00 : 11d00 >
 2002108:    d0 ec a1 00       	[r10+0] = r0
 200210c:    41 ea 04 a0       	[r10+4] = 0x4
 2002110:    c0 ff 80 84 1e 00 	r0 = 2000000 <firmware/src/diag.c+0x1E8480 : 1e8480 >
 2002116:    bf ea fa fa       	call -2572 <lcd_spin : 200170e >
 200211a:    45 20             	r5 = 0
 200211c:    cf ff c6 80 0a 00 	r15 = 688326 <firmware/src/diag.c+0xA80C6 : a80c6 >
 2002122:    c6 ff f9 2d 00 02 	r6 = 33566201 <sysex_byte.UBOOT_KEY+0x5 : 2002df8 >
 2002128:    cc ff 39 7f 05 00 	r12 = 360249 <firmware/src/diag.c+0x57F38 : 57f38 >
 200212e:    4e e0 a8 61       	r14 = 25000 <firmware/src/diag.c+0x61A8 : 61a8 >
 2002132:    c8 e1 f2 05       	r0 = r15 >> r5
 2002136:    50 e8 1e 02       	if ((r0 & 1) != 0) goto 60 <fm1_cstart+0x3C8 : 2002176 >
 200213a:    64 16             	r4 = r6
 200213c:    dc ee 40 05       	r0 = b[++r4=r5] (u)
 2002140:    bf ea c5 f1       	call -7286 <lcd_cmd : 20004ce >
 2002144:    58 81             	r0 = r5 + 1
 2002146:    c8 f1 c2 00       	r0 = r12 >> r0  #
 200214a:    4c 41             		 r4 = b[r4+1] (u)
 200214c:    5f 82             	r7 = r5 + 2
 200214e:    50 e8 19 00       	if ((r0 & 1) == 0) goto 50 <fm1_cstart+0x3D6 : 2002184 >
 2002152:    d0 1d             	r0 = r5 + r6
 2002154:    c0 22             	r0 += 2
 2002156:    41 20             	r1 = 0
 2002158:    d8 ee 00 21       	r2 = b[r0+r1] (u)
 200215c:    b4 e0 10 3d       	r3 = r1 + r13
 2002160:    c1 21             	r1 += 1
 2002162:    52 ee 36 2b       	b[r3+182] = r2
 2002166:    84 e9 f7 11       	if (r1 < r4) goto -18 <fm1_cstart+0x3AA : 2002158 >
 200216a:    00 e1 b6 d0       	r0 = r13 + 182
 200216e:    41 16             	r1 = r4
 2002170:    bf ea c3 f1       	call -7290 <lcd_data : 20004fa >
 2002174:    04 87             	goto 14 <fm1_cstart+0x3D6 : 2002184 >
 2002176:    d3 1d             	r3 = r5 + r6
 2002178:    38 42             	r0 = b[r3+2] (u)
 200217a:    e0 1b             	r0 *= r14
 200217c:    bf ea c7 fa       	call -2674 <lcd_spin : 200170e >
 2002180:    3c 41             	r4 = b[r3+1] (u)
 2002182:    5f 82             	r7 = r5 + 2
 2002184:    cd 1d             	r5 = r4 + r7
 2002186:    85 f9 d4 29       	if (r5 < 20) goto -88 <fm1_cstart+0x384 : 2002132 >
 200218a:    41 ea 04 a0       	[r10+4] = 0x4
 200218e:    44 20             	r4 = 0
 2002190:    80 d4             	r1_r0 = 0  #
 2002192:    84 20             		 [sp] = r4
 2002194:    7a 30             	r2 = 240
 2002196:    7b 30             	r3 = 240
 2002198:    bf ea c9 f1       	call -7278 <lcd_fill : 200052e >
 200219c:    48 29             	r0 = 41
 200219e:    bf ea 96 f1       	call -7380 <lcd_cmd : 20004ce >
 20021a2:    bf ea c2 fa       	call -2684 <status : 200172a >
 20021a6:    ca ff 7d 2f 00 02 	r10 = 33566589 <ota_reply_identity.ID+0x15F : 2002f7c >
 20021ac:    00 e1 0c b0       	r0 = r11 + 12
 20021b0:    32 e1 fc 0f       	r2 = r0 + -4
 20021b4:    0b 8c             	r3 = r0 + 12
 20021b6:    0d 90             	r5 = r0 + 16
 20021b8:    a6 16             	r6 = r10
 20021ba:    dc ee 60 74       	r7 = b[++r6=r4] (u)
 20021be:    01 d6             	r1 = r0  #
 20021c0:    6e 41             		 r6 = b[r6+1] (u)
 20021c2:    a1 e1 20 73       	r1 <= insert(r7, p:6, l:8)
 20021c6:    66 e8 00 16       	[r1+0] |= 1 << r6
 20021ca:    b1 16             	r1 = r11
 20021cc:    a1 e1 20 73       	r1 <= insert(r7, p:6, l:8)
 20021d0:    66 e8 03 16       	[r1+0] &= ~(1 << r6)
 20021d4:    21 16             	r1 = r2
 20021d6:    a1 e1 20 73       	r1 <= insert(r7, p:6, l:8)
 20021da:    66 e8 03 16       	[r1+0] &= ~(1 << r6)
 20021de:    31 16             	r1 = r3
 20021e0:    a1 e1 20 73       	r1 <= insert(r7, p:6, l:8)
 20021e4:    66 e8 00 16       	[r1+0] |= 1 << r6
 20021e8:    51 16             	r1 = r5
 20021ea:    a1 e1 20 73       	r1 <= insert(r7, p:6, l:8)
 20021ee:    66 e8 00 16       	[r1+0] |= 1 << r6
 20021f2:    c4 22             	r4 += 2
 20021f4:    84 f8 e0 11       	if (r4 != 8) goto -64 <fm1_cstart+0x40A : 20021b8 >
 20021f8:    40 e0 e1 01       	r0 = 481 <firmware/src/diag.c+0x1E0 : 1e0 >
 20021fc:    64 e8 0c b0       	[r11+12] |= r0
 2002200:    64 e8 08 b0       	[r11+8] |= r0
 2002204:    41 e0 1e fe       	r1 = -482 <_data_load+0xFFFFFFFFFDFFC33E : fffffffffffffe1e >
 2002208:    64 e8 16 b1       	[r11+20] &= r1
 200220c:    64 e8 10 b0       	[r11+16] |= r0
 2002210:    13 ef 80 b0       	[r11+76] |= 0x80
 2002214:    12 ef 80 b0       	[r11+72] |= 0x80
 2002218:    d5 ef 80 b0       	[r11+84] &= 0xFFFFFF7F
 200221c:    14 ef 80 b0       	[r11+80] |= 0x80
 2002220:    03 ef 1a b0       	[r11+12] |= 0x1A
 2002224:    c4 ef 1a b0       	[r11+16] &= 0xFFFFFFE5
 2002228:    c5 ef 1a b0       	[r11+20] &= 0xFFFFFFE5
 200222c:    c0 ef 1a b0       	[r11+0] &= 0xFFFFFFE5
 2002230:    c2 ef 1a b0       	[r11+8] &= 0xFFFFFFE5
 2002234:    c0 ff ff ff 00 00 	r0 = 65535 <firmware/src/diag.c+0xFFFE : fffe >
 200223a:    bf ea 14 f3       	call -6616 <fm1__sr_word : 2000866 >
 200223e:    10 39             	r0 = -7
 2002240:    c3 ff 30 98 c0 01 	r3 = 29399088 <ota_session.parm : 1c09830 >
 2002246:    79 3f             	r1 = 255
 2002248:    34 e1 80 8f       	r4 = r8 + -128
 200224c:    8a 1c             	r2 = r0 + r3
 200224e:    52 ee 26 1c       	b[r2+198] = r1
 2002252:    c0 21             	r0 += 1
 2002254:    52 ee 2f 1b       	b[r2+191] = r1
 2002258:    f0 59             	if (r0 != 0) goto -14 <fm1_cstart+0x49E : 200224c >
 200225a:    bf ea 8b fa       	call -2794 <usb_start : 2001774 >
 200225e:    c0 ff 00 09 01 00 	r0 = 67840 <firmware/src/diag.c+0x10900 : 10900 >
 2002264:    40 ea 80 0c       	[r0+0] = 0x4000
 2002268:    41 ea 00 00       	[r0+4] = 0x0
 200226c:    42 ea 16 0f       	[r0+8] = 0x258
 2002270:    c1 ff fc fe c7 01 	r1 = 29884156 <bootguard+0x3EBC : 1c7fefc >
 2002276:    c2 ff 6e 04 00 02 	r2 = 33555566 <isr_timer5 : 200046e >
 200227c:    01 f1 dc 4e       	r1 = r4 + 3804  #
 2002280:    92 60             		 [r1+0] = r2
 2002282:    12 60             	r2 = [r1+0] 
 2002284:    72 e1 70 24       	r2 = r2 & 0xFFFFFFF
 2002288:    42 e1 40 25       	r2 = r2 | 0x30000000
 200228c:    41 f0 19 40       	r1 = 16409  # <firmware/src/diag.c+0x4018 : 4018 >
 2002290:    92 60             		 [r1+0] = r2
 2002292:    81 60             	[r0+0] = r1
 2002294:    40 60             	r0 = [r4+0] 
 2002296:    c7 ff 40 c0 c7 01 	r7 = 29868096 <bootguard : 1c7c040 >
 200229c:    20 ea 01 00       	if ((r0 & 0x1) == 0) {
 20022a0:    40 ea e7 40       		[r4+0] = 0xE7
                               	}
 20022a4:    42 ea ff 43       	[r4+8] = 0xFFFFFFFF
 20022a8:    c0 ff 50 fd c7 01 	r0 = 29883728 <bootguard+0x3D10 : 1c7fd50 >
 20022ae:    d0 ec 89 00       	[r8+8] = r0
 20022b2:    00 e1 af 02       	r0 = r0 + 687
 20022b6:    d0 ec 99 00       	[r9+8] = r0
 20022ba:    00 e1 00 41       	r0 = r4 + 256
 20022be:    02 ef 04 00       	[r0+8] |= 0x4
 20022c2:    40 60             	r0 = [r4+0] 
 20022c4:    30 ea 01 00       	if ((r0 & 0x1) != 0) {
 20022c8:    40 ea e7 40       		[r4+0] = 0xE7
                               	}
 20022cc:    64 e0 00 0b       	r0 = icfg
 20022d0:    30 28             	r0 |= 256
 20022d2:    64 e0 80 0b       	icfg = r0
 20022d6:    20 00             	csync
 20022d8:    61 00             	sti
 20022da:    f8 e8 e8 00       	r0 = sp + 232
 20022de:    09 90             	r1 = r0 + 16
 20022e0:    c2 d4             	r10 = 0  #
 20022e2:    81 22             		 [sp+8] = r1
 20022e4:    49 f0 40 01       	r9 = 320  # <firmware/src/diag.c+0x140 : 140 >
 20022e8:    80 23             		 [sp+12] = r0
 20022ea:    c0 22             	r0 += 2
 20022ec:    80 21             	[sp+4] = r0
 20022ee:    ce ff 20 9a c0 01 	r14 = 29399584 <cdc_in : 1c09a20 >
 20022f4:    cc ff 57 2f 00 02 	r12 = 33566551 <ota_reply_identity.ID+0x139 : 2002f56 >
 20022fa:    cf ff 5a 2f 00 02 	r15 = 33566554 <ota_reply_identity.ID+0x13D : 2002f5a >
 2002300:    cb ff 6c 2f 00 02 	r11 = 33566572 <ota_reply_identity.ID+0x14F : 2002f6c >
 2002306:    40 20             	r0 = 0
 2002308:    80 2d             	[sp+52] = r0
 200230a:    41 20             	r1 = 0
 200230c:    d0 e9 29 00       	d[sp+40] = r1_r0
 2002310:    c8 ff 30 98 c0 01 	r8 = 29399088 <ota_session.parm : 1c09830 >
 2002316:    c4 8d             	goto 794 <fm1_cstart+0x884 : 2002632 >
 2002318:    c0 ff 00 80 c0 01 	r0 = 29392896 <cdc : 1c08000 >
 200231e:    08 47             	r0 = b[r0+7] (u)
 2002320:    00 f8 aa 00       	if (r0 == 0) goto 340 <fm1_cstart+0x6CA : 2002478 >
 2002324:    40 e0 3c 01       	r0 = 316 <firmware/src/diag.c+0x13C : 13c >
 2002328:    d8 ee d0 00       	r0 = b[r13+r0] (u)
 200232c:    80 f8 9d 00       	if (r0 != 0) goto 314 <fm1_cstart+0x6BC : 200246a >
 2002330:    40 21             	r0 = 1
 2002332:    51 ed dd 03       	h[r13+316] = r0
 2002336:    c0 ff 4c 2e 00 02 	r0 = 33566284 <ota_reply_identity.ID+0x2F : 2002e4c >
 200233c:    bf ea ef fc       	call -1570 <con_puts : 2001d1e >
 2002340:    44 94             	goto 296 <fm1_cstart+0x6BC : 200246a >
 2002342:    d0 ec d0 04       	r0 = [r13+64]
 2002346:    09 81             	r1 = r0 + 1
 2002348:    d0 ec d1 14       	[r13+64] = r1
 200234c:    00 17             	r0 = r0.b0 (u)
 200234e:    d8 ee 00 0e       	r0 = b[r0+r14] (u)
 2002352:    00 fe 05 18       	ifs (r0 > 12) goto 10 <fm1_cstart+0x5B2 : 2002360 >
 2002356:    00 f8 50 10       	if (r0 == 8) goto 160 <fm1_cstart+0x64C : 20023fa >
 200235a:    00 f8 05 14       	if (r0 == 10) goto 10 <fm1_cstart+0x5BA : 2002368 >
 200235e:    24 94             	goto 168 <fm1_cstart+0x65A : 2002408 >
 2002360:    00 f8 4b fe       	if (r0 == 127) goto 150 <fm1_cstart+0x64C : 20023fa >
 2002364:    80 f8 50 1a       	if (r0 != 13) goto 160 <fm1_cstart+0x65A : 2002408 >
 2002368:    d1 ec d8 03       	r0 = [r13+312]
 200236c:    d0 18             	r0 += r13
 200236e:    52 ee 08 af       	b[r0+248] = r10
 2002372:    40 e0 3d 01       	r0 = 317 <firmware/src/diag.c+0x13C : 13c >
 2002376:    d8 ee d1 a0       	b[r13+r0] = r10
 200237a:    c0 ff 6c 2e 00 02 	r0 = 33566316 <ota_reply_identity.ID+0x4F : 2002e6c >
 2002380:    bf ea d6 fc       	call -1620 <equal : 2001d30 >
 2002384:    20 4f             	if (r0 == 0) goto 158 <fm1_cstart+0x676 : 2002424 >
 2002386:    ad 98             	r5 = sp + 56
 2002388:    41 20             	r1 = 0
 200238a:    4a 30             	r2 = 48
 200238c:    44 20             	r4 = 0
 200238e:    50 16             	r0 = r5
 2002390:    bf ea 30 f2       	call -7072 <memset : 20007f4 >
 2002394:    60 00             	cli
 2002396:    50 16             	r0 = r5
 2002398:    80 ea 13 04       	call 2086 <fm1_probe : 2002bc2 >
 200239c:    20 00             	csync
 200239e:    61 00             	sti
 20023a0:    d3 eb 01 d0       	[r13+76] += 1
 20023a4:    c0 ff 0c 2f 00 02 	r0 = 33566476 <ota_reply_identity.ID+0xEF : 2002f0c >
 20023aa:    bf ea b8 fc       	call -1680 <con_puts : 2001d1e >
 20023ae:    f0 16             	r0 = r15
 20023b0:    bf ea b5 fc       	call -1686 <con_puts : 2001d1e >
 20023b4:    40 16             	r0 = r4
 20023b6:    bf ea d2 fc       	call -1628 <con_dec : 2001d5e >
 20023ba:    48 20             	r0 = 32
 20023bc:    bf ea 74 fc       	call -1816 <con_putc : 2001ca8 >
 20023c0:    a8 98             	r0 = sp + 56
 20023c2:    d8 ec 0a 54       	r5 = [r0+r4<<2]
 20023c6:    46 3c             	r6 = 28
 20023c8:    c8 e1 52 06       	r0 = r5 >> r6
 20023cc:    60 e1 0f 00       	r0 = r0 & 0xF
 20023d0:    d8 ee 02 0b       	r0 = b[r0+r11] (s)
 20023d4:    bf ea 68 fc       	call -1840 <con_putc : 2001ca8 >
 20023d8:    fe 3c             	r6 += -4
 20023da:    f6 f8 f5 f9       	if (r6 != -4) goto -22 <fm1_cstart+0x61A : 20023c8 >
 20023de:    c0 16             	r0 = r12
 20023e0:    bf ea 9d fc       	call -1734 <con_puts : 2001d1e >
 20023e4:    c4 21             	r4 += 1
 20023e6:    84 f8 e2 19       	if (r4 != 12) goto -60 <fm1_cstart+0x600 : 20023ae >
 20023ea:    c0 ff 5d 2f 00 02 	r0 = 33566557 <ota_reply_identity.ID+0x13F : 2002f5c >
 20023f0:    bf ea 95 fc       	call -1750 <con_puts : 2001d1e >
 20023f4:    bf ea 99 f9       	call -3278 <status : 200172a >
 20023f8:    14 96             	goto 108 <fm1_cstart+0x6B8 : 2002466 >
 20023fa:    d1 ec d8 03       	r0 = [r13+312]
 20023fe:    10 55             	if (r0 == 0) goto 106 <fm1_cstart+0x6BC : 200246a >
 2002400:    f8 3f             	r0 += -1
 2002402:    d1 ec d9 03       	[r13+312] = r0
 2002406:    14 91             	goto 98 <fm1_cstart+0x6BC : 200246a >
 2002408:    08 17             	r0 = r0.b0 (s)
 200240a:    80 fd 2e 40       	ifs (r0 < 32) goto 92 <fm1_cstart+0x6BC : 200246a >
 200240e:    d1 ec d8 13       	r1 = [r13+312]
 2002412:    01 fc 2a 7c       	if (r1 > 62) goto 84 <fm1_cstart+0x6BC : 200246a >
 2002416:    1a 81             	r2 = r1 + 1
 2002418:    d1 ec d9 23       	[r13+312] = r2
 200241c:    d1 18             	r1 += r13
 200241e:    52 ee 18 0f       	b[r1+248] = r0
 2002422:    14 83             	goto 70 <fm1_cstart+0x6BC : 200246a >
 2002424:    c0 ff 72 2e 00 02 	r0 = 33566322 <ota_reply_identity.ID+0x55 : 2002e72 >
 200242a:    bf ea 81 fc       	call -1790 <equal : 2001d30 >
 200242e:    00 4b             	if (r0 == 0) goto 22 <fm1_cstart+0x698 : 2002446 >
 2002430:    c0 ff 77 2e 00 02 	r0 = 33566327 <ota_reply_identity.ID+0x59 : 2002e76 >
 2002436:    bf ea 72 fc       	call -1820 <con_puts : 2001d1e >
 200243a:    50 ee d4 00       	r0 = b[r13+4] (u)
 200243e:    bf ea 8e fc       	call -1764 <con_dec : 2001d5e >
 2002442:    c0 16             	r0 = r12
 2002444:    04 8e             	goto 28 <fm1_cstart+0x6B4 : 2002462 >
 2002446:    c0 ff e3 2e 00 02 	r0 = 33566435 <ota_reply_identity.ID+0xC5 : 2002ee2 >
 200244c:    bf ea 70 fc       	call -1824 <equal : 2001d30 >
 2002450:    01 ff 00 00 77 03 	if (r0 != 0) goto 1774 <fm1_cstart+0xD96 : 2002b44 >
 2002456:    d1 ec d8 03       	r0 = [r13+312]
 200245a:    00 45             	if (r0 == 0) goto 10 <fm1_cstart+0x6B8 : 2002466 >
 200245c:    c0 ff e9 2e 00 02 	r0 = 33566441 <ota_reply_identity.ID+0xCB : 2002ee8 >
 2002462:    bf ea 5c fc       	call -1864 <con_puts : 2001d1e >
 2002466:    d1 ec d9 a3       	[r13+312] = r10
 200246a:    d0 ec d0 04       	r0 = [r13+64]
 200246e:    d0 ec dc 13       	r1 = [r13+60]
 2002472:    81 e8 66 01       	if (r0 != r1) goto -308 <fm1_cstart+0x594 : 2002342 >
 2002476:    64 9d             	goto 442 <fm1_cstart+0x884 : 2002632 >
 2002478:    40 e0 3c 01       	r0 = 316 <firmware/src/diag.c+0x13C : 13c >
 200247c:    d8 ee d1 a0       	b[r13+r0] = r10
 2002480:    d1 ec d9 a3       	[r13+312] = r10
 2002484:    64 96             	goto 428 <fm1_cstart+0x884 : 2002632 >
 2002486:    44 20             	r4 = 0
 2002488:    26 d6             	r6 = r2  #
 200248a:    00 26             		 r0 = [sp+24]
 200248c:    c7 ff 40 c0 c7 01 	r7 = 29868096 <bootguard : 1c7c040 >
 2002492:    15 35             	r5 = -11
 2002494:    41 ff 00 40 41 03 	if (r4 != r0) goto 1666 <fm1_cstart+0xD6E : 2002b1c >
 200249a:    40 20             	r0 = 0
 200249c:    f8 e8 e8 10       	r1 = sp + 232
 20024a0:    d8 ee 11 a0       	b[r1+r0] = r10
 20024a4:    c0 21             	r0 += 1
 20024a6:    80 f8 f9 41       	if (r0 != 32) goto -14 <fm1_cstart+0x6EE : 200249c >
 20024aa:    02 23             	r2 = [sp+12]
 20024ac:    7b 3f             	r3 = 255
 20024ae:    ab 42             	b[r2+2] = r3
 20024b0:    ab 43             	b[r2+3] = r3
 20024b2:    40 20             	r0 = 0
 20024b4:    a8 44             	b[r2+4] = r0
 20024b6:    a8 45             	b[r2+5] = r0
 20024b8:    41 2e             	r1 = 14
 20024ba:    a9 46             	b[r2+6] = r1
 20024bc:    a8 47             	b[r2+7] = r0
 20024be:    ae 48             	b[r2+8] = r6
 20024c0:    e1 a8             	r1 = r6 >> 8
 20024c2:    a9 49             	b[r2+9] = r1
 20024c4:    e1 b0             	r1 = r6 >> 16
 20024c6:    a9 4a             	b[r2+10] = r1
 20024c8:    e1 b8             	r1 = r6 >> 24
 20024ca:    a9 4b             	b[r2+11] = r1
 20024cc:    51 21             	r1 = 65
 20024ce:    a9 4c             	b[r2+12] = r1
 20024d0:    ab 4d             	b[r2+13] = r3
 20024d2:    ab 4e             	b[r2+14] = r3
 20024d4:    ab 4f             	b[r2+15] = r3
 20024d6:    02 22             	r2 = [sp+8]
 20024d8:    c3 ff 85 2f 00 02 	r3 = 33566597 <fm1_input_init.LEDP+0x7 : 2002f84 >
 20024de:    d8 ee 00 13       	r1 = b[r0+r3] (u)
 20024e2:    d8 ee 21 10       	b[r2+r0] = r1
 20024e6:    c0 21             	r0 += 1
 20024e8:    80 f8 f9 21       	if (r0 != 16) goto -14 <fm1_cstart+0x730 : 20024de >
 20024ec:    41 3e             	r1 = 30
 20024ee:    42 20             	r2 = 0
 20024f0:    00 21             	r0 = [sp+4]
 20024f2:    bf ea 92 fb       	call -2268 <ota_crc16 : 2001c1a >
 20024f6:    de e9 e8 00       	b[sp+232] = r0
 20024fa:    80 a8             	r0 = r0 >> 8
 20024fc:    01 23             	r1 = [sp+12]
 20024fe:    60 f0 60 0a       	r0 = 0xE0000  #
 2002502:    98 41             		 b[r1+1] = r0
 2002504:    f8 e8 e8 10       	r1 = sp + 232
 2002508:    4a 20             	r2 = 32
 200250a:    bf ea 9d fb       	call -2246 <ota_prog : 2001c48 >
 200250e:    15 34             	r5 = -12
 2002510:    c7 ff 40 c0 c7 01 	r7 = 29868096 <bootguard : 1c7c040 >
 2002516:    01 ff 00 00 00 03 	if (r0 != 0) goto 1536 <fm1_cstart+0xD6E : 2002b1c >
 200251c:    40 24             	r0 = 4
 200251e:    41 20             	r1 = 0
 2002520:    44 20             	r4 = 0
 2002522:    bf ea c8 fa       	call -2672 <ota_show : 2001ab6 >
 2002526:    60 e0 60 04       	r0 = 0xE0000000
 200252a:    42 28             	r2 = 8
 200252c:    c1 ff 84 92 c0 01 	r1 = 29397636 <ota_stage.b : 1c09284 >
 2002532:    bf ea da fa       	call -2636 <ota_read : 2001aea >
 2002536:    c8 ff 30 98 c0 01 	r8 = 29399088 <ota_session.parm : 1c09830 >
 200253c:    c3 ff 44 2e 00 02 	r3 = 33566276 <ota_reply_identity.ID+0x27 : 2002e44 >
 2002542:    80 4d             	if (r0 != 0) goto 26 <fm1_cstart+0x7B0 : 200255e >
 2002544:    40 20             	r0 = 0
 2002546:    00 f8 14 10       	if (r0 == 8) goto 40 <fm1_cstart+0x7C4 : 2002572 >
 200254a:    d8 ee 00 13       	r1 = b[r0+r3] (u)
 200254e:    c2 ff 84 92 c0 01 	r2 = 29397636 <ota_stage.b : 1c09284 >
 2002554:    d8 ee 00 22       	r2 = b[r0+r2] (u)
 2002558:    c0 21             	r0 += 1
 200255a:    01 e8 f4 21       	if (r2 == r1) goto -24 <fm1_cstart+0x798 : 2002546 >
 200255e:    c4 21             	r4 += 1
 2002560:    15 33             	r5 = -13
 2002562:    84 f9 e0 09       	if (r4 < 4) goto -64 <fm1_cstart+0x778 : 2002526 >
 2002566:    65 9a             	goto 1460 <fm1_cstart+0xD6E : 2002b1c >
 2002568:    c7 ff 40 c0 c7 01 	r7 = 29868096 <bootguard : 1c7c040 >
 200256e:    15 35             	r5 = -11
 2002570:    65 95             	goto 1450 <fm1_cstart+0xD6E : 2002b1c >
 2002572:    40 20             	r0 = 0
 2002574:    d8 ee 01 a8       	b[r0+r8] = r10
 2002578:    c0 21             	r0 += 1
 200257a:    80 f8 fb e1       	if (r0 != 112) goto -10 <fm1_cstart+0x7C6 : 2002574 >
 200257e:    40 2d             	r0 = 13
 2002580:    52 ee 82 00       	b[r8+2] = r0
 2002584:    51 3a             	r1 = 90
 2002586:    52 ee 83 10       	b[r8+3] = r1
 200258a:    40 21             	r0 = 1
 200258c:    52 ee 84 00       	b[r8+4] = r0
 2002590:    52 ee 85 10       	b[r8+5] = r1
 2002594:    50 21             	r0 = 65
 2002596:    52 ee 86 00       	b[r8+6] = r0
 200259a:    50 34             	r0 = 84
 200259c:    52 ee 87 00       	b[r8+7] = r0
 20025a0:    40 20             	r0 = 0
 20025a2:    49 e0 40 01       	r9 = 320 <firmware/src/diag.c+0x140 : 140 >
 20025a6:    c3 ff 26 2e 00 02 	r3 = 33566246 <ota_reply_identity.ID+0x9 : 2002e26 >
 20025ac:    d8 ee 00 13       	r1 = b[r0+r3] (u)
 20025b0:    b4 e0 00 28       	r2 = r0 + r8
 20025b4:    c0 21             	r0 += 1
 20025b6:    a9 48             	b[r2+8] = r1
 20025b8:    80 f8 f8 19       	if (r0 != 12) goto -16 <fm1_cstart+0x7FE : 20025ac >
 20025bc:    00 e1 48 80       	r0 = r8 + 72
 20025c0:    52 ee 00 a0       	b[r0+0] = r10
 20025c4:    52 ee 01 a0       	b[r0+1] = r10
 20025c8:    41 2e             	r1 = 14
 20025ca:    89 42             	b[r0+2] = r1
 20025cc:    52 ee 03 a0       	b[r0+3] = r10
 20025d0:    00 e1 02 80       	r0 = r8 + 2
 20025d4:    51 2e             	r1 = 78
 20025d6:    42 20             	r2 = 0
 20025d8:    bf ea 1f fb       	call -2498 <ota_crc16 : 2001c1a >
 20025dc:    52 ee 80 00       	b[r8+0] = r0
 20025e0:    80 a8             	r0 = r0 >> 8
 20025e2:    52 ee 81 00       	b[r8+1] = r0
 20025e6:    5a 30             	r2 = 112
 20025e8:    c0 ff 00 4f 0e 00 	r0 = 937728 <firmware/src/diag.c+0xE4F00 : e4f00 >
 20025ee:    81 16             	r1 = r8
 20025f0:    bf ea 2a fb       	call -2476 <ota_prog : 2001c48 >
 20025f4:    c7 ff 40 c0 c7 01 	r7 = 29868096 <bootguard : 1c7c040 >
 20025fa:    80 54             	if (r0 != 0) goto 40 <fm1_cstart+0x876 : 2002624 >
 20025fc:    e9 98             	r1 = sp + 120
 20025fe:    5a 30             	r2 = 112
 2002600:    c0 ff 00 4f 0e 00 	r0 = 937728 <firmware/src/diag.c+0xE4F00 : e4f00 >
 2002606:    bf ea 34 f8       	call -3992 <ota_fread : 2001672 >
 200260a:    80 4c             	if (r0 != 0) goto 24 <fm1_cstart+0x876 : 2002624 >
 200260c:    40 20             	r0 = 0
 200260e:    00 ff 70 00 9b 02 	if (r0 == 112) goto 1334 <fm1_cstart+0xD9C : 2002b4a >
 2002614:    d8 ee 00 18       	r1 = b[r0+r8] (u)
 2002618:    ea 98             	r2 = sp + 120
 200261a:    d8 ee 20 20       	r2 = b[r2+r0] (u)
 200261e:    c0 21             	r0 += 1
 2002620:    01 e8 f5 21       	if (r2 == r1) goto -22 <fm1_cstart+0x860 : 200260e >
 2002624:    bf ea 67 f8       	call -3890 <ota_unstage : 20016f6 >
 2002628:    40 29             	r0 = 9
 200262a:    11 32             	r1 = -14
 200262c:    bf ea 43 fa       	call -2938 <ota_show : 2001ab6 >
 2002630:    45 80             	goto 1280 <fm1_cstart+0xD84 : 2002b32 >
 2002632:    40 21             	r0 = 1
 2002634:    61 20             	r1 = 128
 2002636:    52 20             	r2 = 64
 2002638:    bf ea 31 f0       	call -8094 <fm1__p33_op : 200069e >
 200263c:    d0 ec d4 01       	r0 = [r13+20]
 2002640:    d8 ee d0 19       	r1 = b[r13+r9] (u)
 2002644:    42 e0 80 01       	r2 = 384 <firmware/src/diag.c+0x180 : 180 >
 2002648:    d8 ee d0 22       	r2 = b[r13+r2] (u)
 200264c:    21 19             	r1 |= r2
 200264e:    61 ff ff 10 0d 00 	if ((r1 & 0xFF) != 0) goto 26 <fm1_cstart+0x8C0 : 200266e >
 2002654:    d0 ec d0 15       	r1 = [r13+80]
 2002658:    09 1e             	r1 = r0 - r1
 200265a:    31 e9 e8 c3       	if (r1 >= 1000) {
 200265e:    d0 ec d1 05       		[r13+80] = r0
 2002662:    00 e1 74 d1       		r0 = r13 + 372
 2002666:    c0 eb 01 00       		[r0+0] += 1
 200266a:    bf ea 83 f8       		call -3834
                               	} <usb_start : 2001774 >
 200266e:    d0 ec dc 02       	r0 = [r13+44]
 2002672:    d0 ec d1 03       	[r13+48] = r0
 2002676:    d0 ec d4 01       	r0 = [r13+20]
 200267a:    41 e0 31 75       	r1 = 30001 <firmware/src/diag.c+0x7530 : 7530 >
 200267e:    10 e9 00 41       	if (r0 >= r1) {
 2002682:    d0 e9 28 00       		r1_r0 = d[sp+40]
 2002686:    50 ec 75 00       		d[r7+4] = r1_r0
                               	}
 200268a:    d0 ec 84 17       	r1 = [r8+116]
 200268e:    d0 ec d4 01       	r0 = [r13+20]
 2002692:    61 e1 03 10       	r1 = r1 & 0x3
 2002696:    81 f8 07 06       	if (r1 != 3) goto 14 <fm1_cstart+0x8FA : 20026a8 >
 200269a:    01 2d             	r1 = [sp+52]
 200269c:    08 1e             	r0 = r0 - r1
 200269e:    41 e0 89 13       	r1 = 5001 <firmware/src/diag.c+0x1388 : 1388 >
 20026a2:    81 e9 02 00       	if (r0 < r1) goto 4 <fm1_cstart+0x8FC : 20026aa >
 20026a6:    25 8e             	goto 1180 <fm1_cstart+0xD96 : 2002b44 >
 20026a8:    80 2d             	[sp+52] = r0
 20026aa:    bf ea f5 f8       	call -3606 <ota_take : 2001898 >
 20026ae:    80 f8 08 0e       	if (r0 != 7) goto 16 <fm1_cstart+0x914 : 20026c2 >
 20026b2:    c0 ff 04 8c c0 01 	r0 = 29395972 <ota_dec : 1c08c04 >
 20026b8:    08 42             	r0 = b[r0+2] (u)
 20026ba:    30 e8 11 00       	if (r0 == 17) {
 20026be:    bf ea e2 f9       		call -3132
                               	} <ota_reply_identity : 2001a86 >
 20026c2:    40 e0 9d 01       	r0 = 413 <firmware/src/diag.c+0x19C : 19c >
 20026c6:    d8 ee d0 00       	r0 = b[r13+r0] (u)
 20026ca:    00 ff 00 00 33 02 	if (r0 == 0) goto 1126 <fm1_cstart+0xD88 : 2002b36 >
 20026d0:    40 e0 9d 01       	r0 = 413 <firmware/src/diag.c+0x19C : 19c >
 20026d4:    d8 ee d1 a0       	b[r13+r0] = r10
 20026d8:    50 ee d4 00       	r0 = b[r13+4] (u)
 20026dc:    00 ff 00 00 28 02 	if (r0 == 0) goto 1104 <fm1_cstart+0xD84 : 2002b32 >
 20026e2:    d0 ec d4 01       	r0 = [r13+20]
 20026e6:    c1 ff c0 d4 01 00 	r1 = 120000 <firmware/src/diag.c+0x1D4C0 : 1d4c0 >
 20026ec:    10 18             	r0 += r1
 20026ee:    d0 ec d5 05       	[r13+84] = r0
 20026f2:    40 21             	r0 = 1
 20026f4:    41 20             	r1 = 0
 20026f6:    bf ea de f9       	call -3140 <ota_show : 2001ab6 >
 20026fa:    40 20             	r0 = 0
 20026fc:    42 e0 00 02       	r2 = 512 <firmware/src/diag.c+0x200 : 200 >
 2002700:    c4 ff 84 8e c0 01 	r4 = 29396612 <ota_stage.hdr : 1c08e84 >
 2002706:    41 16             	r1 = r4
 2002708:    bf ea ef f9       	call -3106 <ota_read : 2001aea >
 200270c:    15 3f             	r5 = -1
 200270e:    01 ff 00 00 04 02 	if (r0 != 0) goto 1032 <fm1_cstart+0xD6E : 2002b1c >
 2002714:    01 e1 00 42       	r1 = r4 + 512
 2002718:    40 e0 00 02       	r0 = 512 <firmware/src/diag.c+0x200 : 200 >
 200271c:    02 16             	r2 = r0
 200271e:    bf ea e4 f9       	call -3128 <ota_read : 2001aea >
 2002722:    01 ff 00 00 fa 01 	if (r0 != 0) goto 1012 <fm1_cstart+0xD6E : 2002b1c >
 2002728:    51 20             	r1 = 64
 200272a:    49 16             	r9 = r4
 200272c:    90 16             	r0 = r9
 200272e:    bf ea 61 fa       	call -2878 <ota_jl_enc : 2001bf4 >
 2002732:    50 ee 99 00       	r0 = b[r9+9] (u)
 2002736:    00 f1 02 90       	r0 = r9 + 2  #
 200273a:    80 29             		 [sp+36] = r0
 200273c:    50 ee 98 80       	r8 = b[r9+8] (u)
 2002740:    49 3e             	r1 = 62
 2002742:    42 20             	r2 = 0
 2002744:    bf ea 69 fa       	call -2862 <ota_crc16 : 2001c1a >
 2002748:    01 29             	r1 = [sp+36]
 200274a:    a8 e1 20 14       	r8 <= insert(r1, p:8, l:8)
 200274e:    31 e1 ff 8f       	r1 = r8 + -1
 2002752:    15 3e             	r5 = -2
 2002754:    08 ff 0a 10 de 01 	if (r1 > 10) goto 956 <fm1_cstart+0xD68 : 2002b16 >
 200275a:    50 ee 91 10       	r1 = b[r9+1] (u)
 200275e:    50 ee 90 20       	r2 = b[r9+0] (u)
 2002762:    a2 e1 20 14       	r2 <= insert(r1, p:8, l:8)
 2002766:    41 ff 00 02 d5 01 	if (r0 != r2) goto 938 <fm1_cstart+0xD68 : 2002b16 >
 200276c:    00 e1 40 90       	r0 = r9 + 64
 2002770:    e1 e1 50 80       	r1 = r8 * 0x50
 2002774:    42 20             	r2 = 0
 2002776:    bf ea 50 fa       	call -2912 <ota_crc16 : 2001c1a >
 200277a:    15 3e             	r5 = -2
 200277c:    50 ee 93 10       	r1 = b[r9+3] (u)
 2002780:    50 ee 92 20       	r2 = b[r9+2] (u)
 2002784:    a2 e1 20 14       	r2 <= insert(r1, p:8, l:8)
 2002788:    c7 ff 40 c0 c7 01 	r7 = 29868096 <bootguard : 1c7c040 >
 200278e:    41 ff 00 02 c4 01 	if (r0 != r2) goto 904 <fm1_cstart+0xD6E : 2002b1c >
 2002794:    15 3d             	r5 = -3
 2002796:    00 ff 00 80 c0 01 	if (r8 == 0) goto 896 <fm1_cstart+0xD6E : 2002b1c >
 200279c:    90 16             	r0 = r9
 200279e:    05 e1 4f 00       	r5 = r0 + 79
 20027a2:    40 20             	r0 = 0
 20027a4:    c1 d4             	r9 = 0  #
 20027a6:    80 29             		 [sp+36] = r0
 20027a8:    46 20             	r6 = 0
 20027aa:    30 e1 f1 5f       	r0 = r5 + -15
 20027ae:    51 30             	r1 = 80
 20027b0:    bf ea 20 fa       	call -3008 <ota_jl_enc : 2001bf4 >
 20027b4:    58 52             	r0 = b[r5+-14] (u)
 20027b6:    59 51             	r1 = b[r5+-15] (u)
 20027b8:    a1 e1 60 04       	r1 <= insert(r0, p:8, l:24)
 20027bc:    90 17             	r0 = r1.l (u)
 20027be:    00 f8 0d c8       	if (r0 == 100) goto 26 <fm1_cstart+0xA2E : 20027dc >
 20027c2:    90 41             	if (r0 != 0) goto 66 <fm1_cstart+0xA58 : 2002806 >
 20027c4:    58 5a             	r0 = b[r5+-6] (u)
 20027c6:    51 ee 59 9f       	r9 = b[r5+-7] (u)
 20027ca:    a9 f1 20 04       	r9 <= insert(r0, p:8, l:8)  #
 20027ce:    59 5b             		 r1 = b[r5+-5] (u)
 20027d0:    a9 f1 20 18       	r9 <= insert(r1, p:16, l:8)  #
 20027d4:    5a 5c             		 r2 = b[r5+-4] (u)
 20027d6:    a9 e1 20 2c       	r9 <= insert(r2, p:24, l:8)
 20027da:    04 95             	goto 42 <fm1_cstart+0xA58 : 2002806 >
 20027dc:    58 5e             	r0 = b[r5+-2] (u)
 20027de:    5e 5d             	r6 = b[r5+-3] (u)
 20027e0:    a6 f1 20 04       	r6 <= insert(r0, p:8, l:8)  #
 20027e4:    59 5f             		 r1 = b[r5+-1] (u)
 20027e6:    a6 f1 20 18       	r6 <= insert(r1, p:16, l:8)  #
 20027ea:    58 40             		 r0 = b[r5+0] (u)
 20027ec:    a6 f1 20 0c       	r6 <= insert(r0, p:24, l:8)  #
 20027f0:    59 5a             		 r1 = b[r5+-6] (u)
 20027f2:    5c 59             	r4 = b[r5+-7] (u)
 20027f4:    a4 f1 20 14       	r4 <= insert(r1, p:8, l:8)  #
 20027f8:    5a 5b             		 r2 = b[r5+-5] (u)
 20027fa:    a4 f1 20 28       	r4 <= insert(r2, p:16, l:8)  #
 20027fe:    5b 5c             		 r3 = b[r5+-4] (u)
 2002800:    a4 e1 20 3c       	r4 <= insert(r3, p:24, l:8)
 2002804:    84 29             	[sp+36] = r4
 2002806:    d5 30             	r5 += 80
 2002808:    08 ea cf ff       	if (--r8 != 0) goto -98 <fm1_cstart+0x9FC : 20027aa >
 200280c:    00 ff 00 90 48 01 	if (r9 == 0) goto 656 <fm1_cstart+0xCF4 : 2002aa2 >
 2002812:    15 3d             	r5 = -3
 2002814:    00 29             	r0 = [sp+36]
 2002816:    00 ff 00 00 80 01 	if (r0 == 0) goto 768 <fm1_cstart+0xD6E : 2002b1c >
 200281c:    42 e0 00 02       	r2 = 512 <firmware/src/diag.c+0x200 : 200 >
 2002820:    c4 ff 84 92 c0 01 	r4 = 29397636 <ota_stage.b : 1c09284 >
 2002826:    41 16             	r1 = r4
 2002828:    bf ea 5f f9       	call -3394 <ota_read : 2001aea >
 200282c:    15 3a             	r5 = -6
 200282e:    01 ff 00 00 74 01 	if (r0 != 0) goto 744 <fm1_cstart+0xD6E : 2002b1c >
 2002834:    48 d6             	r8 = r4  #
 2002836:    86 28             		 [sp+32] = r6
 2002838:    48 4b             	r0 = b[r4+11] (u)
 200283a:    80 26             	[sp+24] = r0
 200283c:    48 4a             	r0 = b[r4+10] (u)
 200283e:    80 25             	[sp+20] = r0
 2002840:    48 49             	r0 = b[r4+9] (u)
 2002842:    80 24             	[sp+16] = r0
 2002844:    48 48             	r0 = b[r4+8] (u)
 2002846:    80 27             	[sp+28] = r0
 2002848:    48 82             	r0 = r4 + 2
 200284a:    41 3e             	r1 = 30
 200284c:    42 20             	r2 = 0
 200284e:    bf ea e4 f9       	call -3128 <ota_crc16 : 2001c1a >
 2002852:    50 ee 81 10       	r1 = b[r8+1] (u)
 2002856:    50 ee 80 20       	r2 = b[r8+0] (u)
 200285a:    a2 e1 20 14       	r2 <= insert(r1, p:8, l:8)
 200285e:    15 39             	r5 = -7
 2002860:    41 ff 00 02 58 01 	if (r0 != r2) goto 688 <fm1_cstart+0xD68 : 2002b16 >
 2002866:    50 ee 8c 10       	r1 = b[r8+12] (u)
 200286a:    c7 ff 40 c0 c7 01 	r7 = 29868096 <bootguard : 1c7c040 >
 2002870:    04 28             	r4 = [sp+32]
 2002872:    01 ff 41 10 52 01 	if (r1 != 65) goto 676 <fm1_cstart+0xD6E : 2002b1c >
 2002878:    50 ee 85 60       	r6 = b[r8+5] (u)
 200287c:    50 ee 84 10       	r1 = b[r8+4] (u)
 2002880:    50 ee 86 20       	r2 = b[r8+6] (u)
 2002884:    50 ee 87 30       	r3 = b[r8+7] (u)
 2002888:    a1 e1 20 64       	r1 <= insert(r6, p:8, l:8)
 200288c:    a1 e1 20 28       	r1 <= insert(r2, p:16, l:8)
 2002890:    a1 e1 20 3c       	r1 <= insert(r3, p:24, l:8)
 2002894:    01 ff 20 10 41 01 	if (r1 != 32) goto 642 <fm1_cstart+0xD6E : 2002b1c >
 200289a:    01 27             	r1 = [sp+28]
 200289c:    02 24             	r2 = [sp+16]
 200289e:    a1 f1 20 24       	r1 <= insert(r2, p:8, l:8)  #
 20028a2:    02 25             		 r2 = [sp+20]
 20028a4:    a1 f1 20 28       	r1 <= insert(r2, p:16, l:8)  #
 20028a8:    02 26             		 r2 = [sp+24]
 20028aa:    a1 e1 20 2c       	r1 <= insert(r2, p:24, l:8)
 20028ae:    28 ff 9c 1c 34 01 	if (r1 > 19968) goto 616 <fm1_cstart+0xD6E : 2002b1c >
 20028b4:    02 e1 20 10       	r2 = r1 + 32
 20028b8:    41 ff 00 42 2f 01 	if (r4 != r2) goto 606 <fm1_cstart+0xD6E : 2002b1c >
 20028be:    d0 e9 19 00       	d[sp+24] = r1_r0
 20028c2:    c8 ff 84 92 c0 01 	r8 = 29397636 <ota_stage.b : 1c09284 >
 20028c8:    00 e1 22 80       	r0 = r8 + 34
 20028cc:    41 3e             	r1 = 30
 20028ce:    42 20             	r2 = 0
 20028d0:    bf ea a3 f9       	call -3258 <ota_crc16 : 2001c1a >
 20028d4:    50 ee 81 12       	r1 = b[r8+33] (u)
 20028d8:    50 ee 80 22       	r2 = b[r8+32] (u)
 20028dc:    a2 e1 20 14       	r2 <= insert(r1, p:8, l:8)
 20028e0:    82 e8 e1 00       	if (r0 != r2) goto 450 <fm1_cstart+0xCF8 : 2002aa6 >
 20028e4:    00 e1 28 80       	r0 = r8 + 40
 20028e8:    09 41             	r1 = b[r0+1] (u)
 20028ea:    0a 40             	r2 = b[r0+0] (u)
 20028ec:    a2 f1 20 14       	r2 <= insert(r1, p:8, l:8)  #
 20028f0:    0b 42             		 r3 = b[r0+2] (u)
 20028f2:    a2 f1 20 38       	r2 <= insert(r3, p:16, l:8)  #
 20028f6:    08 43             		 r0 = b[r0+3] (u)
 20028f8:    a2 e1 20 0c       	r2 <= insert(r0, p:24, l:8)
 20028fc:    c7 ff 40 c0 c7 01 	r7 = 29868096 <bootguard : 1c7c040 >
 2002902:    c0 ff 00 a8 c0 01 	r0 = 29403136 <_bss_end+0xB00 : 1c0a800 >
 2002908:    15 39             	r5 = -7
 200290a:    41 ff 00 20 06 01 	if (r2 != r0) goto 524 <fm1_cstart+0xD6E : 2002b1c >
 2002910:    40 20             	r0 = 0
 2002912:    c1 ff aa eb 00 00 	r1 = 60330 <firmware/src/diag.c+0xEBAA : ebaa >
 2002918:    02 26             	r2 = [sp+24]
 200291a:    81 e8 14 20       	if (r2 != r1) goto 40 <fm1_cstart+0xB98 : 2002946 >
 200291e:    40 21             	r0 = 1
 2002920:    41 21             	r1 = 1
 2002922:    42 f0 e1 4d       	r2 = 19937  # <firmware/src/diag.c+0x4DE0 : 4de0 >
 2002926:    03 27             		 r3 = [sp+28]
 2002928:    93 e8 00 02       	if (r3 != r2) {
 200292c:    41 20             		r1 = 0
                               	}
 200292e:    50 ee 83 20       	r2 = b[r8+3] (u)
 2002932:    50 ee 82 30       	r3 = b[r8+2] (u)
 2002936:    a3 e1 20 24       	r3 <= insert(r2, p:8, l:8)
 200293a:    42 e0 81 58       	r2 = 22657 <firmware/src/diag.c+0x5880 : 5880 >
 200293e:    93 e8 00 02       	if (r3 != r2) {
 2002942:    40 20             		r0 = 0
                               	}
 2002944:    90 19             	r0 &= r1
 2002946:    01 e1 24 80       	r1 = r8 + 36
 200294a:    1a 41             	r2 = b[r1+1] (u)
 200294c:    1b 40             	r3 = b[r1+0] (u)
 200294e:    a3 f1 20 24       	r3 <= insert(r2, p:8, l:8)  #
 2002952:    1c 42             		 r4 = b[r1+2] (u)
 2002954:    a3 f1 20 48       	r3 <= insert(r4, p:16, l:8)  #
 2002958:    19 43             		 r1 = b[r1+3] (u)
 200295a:    a3 e1 20 1c       	r3 <= insert(r1, p:24, l:8)
 200295e:    41 21             	r1 = 1
 2002960:    23 ec a0 0b       	if (r3 > 81920) {
 2002964:    41 20             		r1 = 0
                               	}
 2002966:    52 28             	r2 = 72
 2002968:    43 20             	r3 = 0
 200296a:    03 f8 0e 20       	if (r3 == 16) goto 28 <fm1_cstart+0xBDC : 200298a >
 200296e:    b4 e0 30 48       	r4 = r3 + r8
 2002972:    c5 ff 33 2e 00 02 	r5 = 33566259 <ota_reply_identity.ID+0x15 : 2002e32 >
 2002978:    d8 ee 30 55       	r5 = b[r3+r5] (u)
 200297c:    d8 ee 40 42       	r4 = b[r4+r2] (u)
 2002980:    c3 21             	r3 += 1
 2002982:    05 e8 f2 41       	if (r4 == r5) goto -28 <fm1_cstart+0xBBC : 200296a >
 2002986:    43 20             	r3 = 0
 2002988:    04 81             	goto 2 <fm1_cstart+0xBDE : 200298c >
 200298a:    13 16             	r3 = r1
 200298c:    15 39             	r5 = -7
 200298e:    2c 91             	r4 = r2 + 17
 2002990:    14 fc 04 10       	if (r4 > 136) goto 8 <fm1_cstart+0xBEE : 200299c >
 2002994:    54 e1 01 30       	r4 = r3 ^ 0x1
 2002998:    c2 21             	r2 += 1
 200299a:    f4 46             	if (r4 != 0) goto -52 <fm1_cstart+0xBBA : 2002968 >
 200299c:    90 f1 00 13       	r1 = r0 | r3  #
 20029a0:    06 29             		 r6 = [sp+36]
 20029a2:    81 f8 bb 02       	if (r1 != 1) goto 374 <fm1_cstart+0xD6E : 2002b1c >
 20029a6:    85 16             	r5 = r8
 20029a8:    10 50             	if (r0 == 0) goto 96 <fm1_cstart+0xC5C : 2002a0a >
 20029aa:    40 22             	r0 = 2
 20029ac:    41 20             	r1 = 0
 20029ae:    44 20             	r4 = 0
 20029b0:    bf ea 81 f8       	call -3838 <ota_show : 2001ab6 >
 20029b4:    b4 e0 40 09       	r0 = r4 + r9
 20029b8:    42 e0 00 02       	r2 = 512 <firmware/src/diag.c+0x200 : 200 >
 20029bc:    51 16             	r1 = r5
 20029be:    bf ea 94 f8       	call -3800 <ota_read : 2001aea >
 20029c2:    15 3c             	r5 = -4
 20029c4:    80 f8 aa 00       	if (r0 != 0) goto 340 <fm1_cstart+0xD6E : 2002b1c >
 20029c8:    42 e0 00 02       	r2 = 512 <firmware/src/diag.c+0x200 : 200 >
 20029cc:    40 16             	r0 = r4
 20029ce:    c1 ff 84 94 c0 01 	r1 = 29398148 <ota_stage.mine : 1c09484 >
 20029d4:    bf ea 4d f6       	call -4966 <ota_fread : 2001672 >
 20029d8:    80 f8 a0 00       	if (r0 != 0) goto 320 <fm1_cstart+0xD6E : 2002b1c >
 20029dc:    40 20             	r0 = 0
 20029de:    00 ff 00 02 0d 00 	if (r0 == 512) goto 26 <fm1_cstart+0xC50 : 20029fe >
 20029e4:    c1 ff 84 94 c0 01 	r1 = 29398148 <ota_stage.mine : 1c09484 >
 20029ea:    d8 ee 00 11       	r1 = b[r0+r1] (u)
 20029ee:    82 16             	r2 = r8
 20029f0:    d8 ee 00 22       	r2 = b[r0+r2] (u)
 20029f4:    c0 21             	r0 += 1
 20029f6:    15 3b             	r5 = -5
 20029f8:    01 e8 f1 21       	if (r2 == r1) goto -30 <fm1_cstart+0xC30 : 20029de >
 20029fc:    44 8f             	goto 286 <fm1_cstart+0xD6E : 2002b1c >
 20029fe:    04 e1 00 42       	r4 = r4 + 512
 2002a02:    85 16             	r5 = r8
 2002a04:    23 ff 80 4c d5 ff 	if (r4 < 16384) goto -86 <fm1_cstart+0xC06 : 20029b4 >
 2002a0a:    40 23             	r0 = 3
 2002a0c:    41 20             	r1 = 0
 2002a0e:    bf ea 52 f8       	call -3932 <ota_show : 2001ab6 >
 2002a12:    42 e0 00 02       	r2 = 512 <firmware/src/diag.c+0x200 : 200 >
 2002a16:    60 16             	r0 = r6
 2002a18:    51 16             	r1 = r5
 2002a1a:    bf ea 66 f8       	call -3892 <ota_read : 2001aea >
 2002a1e:    15 3a             	r5 = -6
 2002a20:    b0 5d             	if (r0 != 0) goto 250 <fm1_cstart+0xD6E : 2002b1c >
 2002a22:    80 16             	r0 = r8
 2002a24:    01 16             	r1 = r0
 2002a26:    18 43             	r0 = b[r1+3] (u)
 2002a28:    1d 42             	r5 = b[r1+2] (u)
 2002a2a:    a5 e1 20 04       	r5 <= insert(r0, p:8, l:8)
 2002a2e:    44 20             	r4 = 0
 2002a30:    e0 e0 60 4a       	r0 = r4 + 0xE0000
 2002a34:    bf ea 40 f6       	call -4992 <ota_erase : 20016b8 >
 2002a38:    90 5b             	if (r0 != 0) goto 118 <fm1_cstart+0xD02 : 2002ab0 >
 2002a3a:    14 e1 00 40       	r4 = r4 + 4096
 2002a3e:    23 ff a0 4c f6 ff 	if (r4 < 20480) goto -20 <fm1_cstart+0xC82 : 2002a30 >
 2002a44:    85 26             	[sp+24] = r5
 2002a46:    01 27             	r1 = [sp+28]
 2002a48:    11 55             	if (r1 == 0) goto 106 <fm1_cstart+0xD06 : 2002ab4 >
 2002a4a:    00 e1 20 60       	r0 = r6 + 32
 2002a4e:    c1 d4             	r9 = 0  #
 2002a50:    80 29             		 [sp+36] = r0
 2002a52:    44 20             	r4 = 0
 2002a54:    00 29             	r0 = [sp+36]
 2002a56:    90 18             	r0 += r9
 2002a58:    b4 e0 12 89       	r8 = r1 - r9
 2002a5c:    38 e9 00 02       	if (r8 >= 512) {
 2002a60:    48 e0 00 02       		r8 = 512
                               	} <firmware/src/diag.c+0x200 : 200 >
 2002a64:    c5 ff 84 92 c0 01 	r5 = 29397636 <ota_stage.b : 1c09284 >
 2002a6a:    51 16             	r1 = r5
 2002a6c:    82 16             	r2 = r8
 2002a6e:    bf ea 3c f8       	call -3976 <ota_read : 2001aea >
 2002a72:    a0 4e             	if (r0 != 0) goto 156 <fm1_cstart+0xD62 : 2002b10 >
 2002a74:    50 16             	r0 = r5
 2002a76:    81 16             	r1 = r8
 2002a78:    42 16             	r2 = r4
 2002a7a:    bf ea ce f8       	call -3684 <ota_crc16 : 2001c1a >
 2002a7e:    04 16             	r4 = r0
 2002a80:    c0 ff 20 00 0e 00 	r0 = 917536 <firmware/src/diag.c+0xE0020 : e0020 >
 2002a86:    90 18             	r0 += r9
 2002a88:    c1 ff 84 92 c0 01 	r1 = 29397636 <ota_stage.b : 1c09284 >
 2002a8e:    82 16             	r2 = r8
 2002a90:    bf ea da f8       	call -3660 <ota_prog : 2001c48 >
 2002a94:    90 5f             	if (r0 != 0) goto 126 <fm1_cstart+0xD66 : 2002b14 >
 2002a96:    89 d8             	r9 += r8  #
 2002a98:    02 28             		 r2 = [sp+32]
 2002a9a:    01 27             	r1 = [sp+28]
 2002a9c:    09 ec da 11       	if (r1 > r9) goto -76 <fm1_cstart+0xCA6 : 2002a54 >
 2002aa0:    04 8b             	goto 22 <fm1_cstart+0xD0A : 2002ab8 >
 2002aa2:    15 3d             	r5 = -3
 2002aa4:    14 9b             	goto 118 <fm1_cstart+0xD6E : 2002b1c >
 2002aa6:    c7 ff 40 c0 c7 01 	r7 = 29868096 <bootguard : 1c7c040 >
 2002aac:    15 39             	r5 = -7
 2002aae:    14 96             	goto 108 <fm1_cstart+0xD6E : 2002b1c >
 2002ab0:    15 38             	r5 = -8
 2002ab2:    14 94             	goto 104 <fm1_cstart+0xD6E : 2002b1c >
 2002ab4:    44 20             	r4 = 0
 2002ab6:    02 28             	r2 = [sp+32]
 2002ab8:    15 35             	r5 = -11
 2002aba:    c7 ff 40 c0 c7 01 	r7 = 29868096 <bootguard : 1c7c040 >
 2002ac0:    00 26             	r0 = [sp+24]
 2002ac2:    80 e8 2b 40       	if (r4 != r0) goto 86 <fm1_cstart+0xD6E : 2002b1c >
 2002ac6:    00 ff 00 10 dd fc 	if (r1 == 0) goto -1606 <fm1_cstart+0x6D8 : 2002486 >
 2002acc:    44 20             	r4 = 0
 2002ace:    c0 14             	r8 = 0
 2002ad0:    c0 ff 20 00 0e 00 	r0 = 917536 <firmware/src/diag.c+0xE0020 : e0020 >
 2002ad6:    80 18             	r0 += r8
 2002ad8:    b4 e0 12 98       	r9 = r1 - r8
 2002adc:    39 e9 00 02       	if (r9 >= 512) {
 2002ae0:    49 e0 00 02       		r9 = 512
                               	} <firmware/src/diag.c+0x200 : 200 >
 2002ae4:    c5 ff 84 92 c0 01 	r5 = 29397636 <ota_stage.b : 1c09284 >
 2002aea:    51 16             	r1 = r5
 2002aec:    92 16             	r2 = r9
 2002aee:    bf ea c0 f5       	call -5248 <ota_fread : 2001672 >
 2002af2:    01 ff 00 00 38 fd 	if (r0 != 0) goto -1424 <fm1_cstart+0x7BA : 2002568 >
 2002af8:    50 16             	r0 = r5
 2002afa:    91 16             	r1 = r9
 2002afc:    42 16             	r2 = r4
 2002afe:    bf ea 8c f8       	call -3816 <ota_crc16 : 2001c1a >
 2002b02:    98 d8             	r8 += r9  #
 2002b04:    02 28             		 r2 = [sp+32]
 2002b06:    04 d6             	r4 = r0  #
 2002b08:    01 27             		 r1 = [sp+28]
 2002b0a:    08 ec e1 11       	if (r1 > r8) goto -62 <fm1_cstart+0xD22 : 2002ad0 >
 2002b0e:    56 9c             	goto -1672 <fm1_cstart+0x6DA : 2002488 >
 2002b10:    15 37             	r5 = -9
 2002b12:    04 81             	goto 2 <fm1_cstart+0xD68 : 2002b16 >
 2002b14:    15 36             	r5 = -10
 2002b16:    c7 ff 40 c0 c7 01 	r7 = 29868096 <bootguard : 1c7c040 >
 2002b1c:    bf ea eb f5       	call -5162 <ota_unstage : 20016f6 >
 2002b20:    40 29             	r0 = 9
 2002b22:    51 16             	r1 = r5
 2002b24:    bf ea c7 f7       	call -4210 <ota_show : 2001ab6 >
 2002b28:    c8 ff 30 98 c0 01 	r8 = 29399088 <ota_session.parm : 1c09830 >
 2002b2e:    49 e0 40 01       	r9 = 320 <firmware/src/diag.c+0x140 : 140 >
 2002b32:    bf ea fa f5       	call -5132 <status : 200172a >
 2002b36:    40 e0 9c 01       	r0 = 412 <firmware/src/diag.c+0x19C : 19c >
 2002b3a:    d8 ee d0 00       	r0 = b[r13+r0] (u)
 2002b3e:    00 ff 00 00 ea fb 	if (r0 == 0) goto -2092 <fm1_cstart+0x56A : 2002318 >
 2002b44:    bf ea 9b f6       	call -4810 <recovery : 200187e >
 2002b48:    f7 9f             	goto -2 <fm1_cstart+0xD9A : 2002b48 >
 2002b4a:    40 25             	r0 = 5
 2002b4c:    41 20             	r1 = 0
 2002b4e:    44 20             	r4 = 0
 2002b50:    bf ea b1 f7       	call -4254 <ota_show : 2001ab6 >
 2002b54:    40 f0 80 01       	r0 = 384  # <firmware/src/diag.c+0x180 : 180 >
 2002b58:    f4 62             		 [r7+8] = r4
 2002b5a:    41 21             	r1 = 1
 2002b5c:    d8 ee d1 10       	b[r13+r0] = r1
 2002b60:    90 16             	r0 = r9
 2002b62:    d8 ee d1 40       	b[r13+r0] = r4
 2002b66:    60 e0 8c 0b       	r0 = 0x11800
 2002b6a:    60 f0 a2 0a       	r0 = 0x51000  #
 2002b6e:    84 60             		 [r0+0] = r4
 2002b70:    40 ea 0c 00       	[r0+0] = 0xC
 2002b74:    40 3e             	r0 = 30
 2002b76:    60 e0 84 3b       	r3 = 0x10800
 2002b7a:    c4 ff 40 e2 ee 01 	r4 = 32432704 <bootguard+0x272200 : 1eee240 >
 2002b80:    31 61             	r1 = [r3+4] 
 2002b82:    32 61             	r2 = [r3+4] 
 2002b84:    2a 1e             	r2 = r2 - r1
 2002b86:    a2 a6             	r2 = r2 >> 6
 2002b88:    a2 f9 fb ef       	if (r2 < 375) goto -10 <fm1_cstart+0xDD4 : 2002b82 >
 2002b8c:    00 ea f8 ff       	if (--r0 != 0) goto -16 <fm1_cstart+0xDD2 : 2002b80 >
 2002b90:    60 00             	cli
 2002b92:    40 60             	r0 = [r4+0] 
 2002b94:    20 ea 01 00       	if ((r0 & 0x1) == 0) {
 2002b98:    40 ea e7 40       		[r4+0] = 0xE7
                               	}
 2002b9c:    40 20             	r0 = 0
 2002b9e:    01 e1 00 41       	r1 = r4 + 256
 2002ba2:    90 62             	[r1+8] = r0
 2002ba4:    c1 ff 88 fd c7 01 	r1 = 29883784 <bootguard+0x3D48 : 1c7fd88 >
 2002baa:    d8 ee 00 28       	r2 = b[r0+r8] (u)
 2002bae:    d8 ee 01 21       	b[r0+r1] = r2
 2002bb2:    c0 21             	r0 += 1
 2002bb4:    80 f8 f9 e1       	if (r0 != 112) goto -14 <fm1_cstart+0xDFC : 2002baa >
 2002bb8:    60 e0 80 0b       	r0 = 0x10000
 2002bbc:    00 ef 10 00       	[r0+0] |= 0x10
 2002bc0:    f7 9f             	goto -2 <fm1_cstart+0xE12 : 2002bc0 >


fm1_probe:
 2002bc2:    d8 e8 fe 00       	[--sp] = {r7-r1}
 2002bc6:    c1 ff 78 56 34 12 	r1 = 305419896 <_data_load+0x10341B98 : 12345678 >
 2002bcc:    81 60             	[r0+0] = r1
 2002bce:    11 3f             	r1 = -1
 2002bd0:    42 22             	r2 = 2
 2002bd2:    91 1c             	r1 = r1 + r2
 2002bd4:    81 61             	[r0+4] = r1
 2002bd6:    41 23             	r1 = 3
 2002bd8:    42 25             	r2 = 5
 2002bda:    91 1e             	r1 = r1 - r2
 2002bdc:    81 62             	[r0+8] = r1
 2002bde:    c1 ff 5a 5a a5 a5 	r1 = 2779077210 <_data_load+0xA3A51F7A : a5a55a5a >
 2002be4:    c2 ff 78 56 34 12 	r2 = 305419896 <_data_load+0x10341B98 : 12345678 >
 2002bea:    29 19             	r1 ^= r2
 2002bec:    81 63             	[r0+12] = r1
 2002bee:    c1 ff 5a 5a a5 a5 	r1 = 2779077210 <_data_load+0xA3A51F7A : a5a55a5a >
 2002bf4:    a1 19             	r1 &= r2
 2002bf6:    81 64             	[r0+16] = r1
 2002bf8:    c1 ff 5a 5a a5 a5 	r1 = 2779077210 <_data_load+0xA3A51F7A : a5a55a5a >
 2002bfe:    21 19             	r1 |= r2
 2002c00:    81 65             	[r0+20] = r1
 2002c02:    a9 19             	r1 = ~r2
 2002c04:    81 66             	[r0+24] = r1
 2002c06:    21 a4             	r1 = r2 << 4
 2002c08:    81 67             	[r0+28] = r1
 2002c0a:    a1 a4             	r1 = r2 >> 4
 2002c0c:    81 68             	[r0+32] = r1
 2002c0e:    01 60             	r1 = [r0+0] 
 2002c10:    19 87             	r1 = r1 + 7
 2002c12:    81 69             	[r0+36] = r1
 2002c14:    41 20             	r1 = 0
 2002c16:    43 2a             	r3 = 10
 2002c18:    99 1c             	r1 = r1 + r3
 2002c1a:    fb 3f             	r3 += -1
 2002c1c:    f3 5d             	if (r3 != 0) goto -6 <fm1_probe+0x56 : 2002c18 >
 2002c1e:    81 6a             	[r0+40] = r1
 2002c20:    c4 ff df 9b 57 13 	r4 = 324508639 <_data_load+0x115760FE : 13579bde >
 2002c26:    64 04             	[--sp] = {r4}
 2002c28:    44 20             	r4 = 0
 2002c2a:    44 04             	{r4} = [sp++]
 2002c2c:    84 6b             	[r0+44] = r4
 2002c2e:    d4 e8 fe 00       	{r7-r1} = [sp++]
 2002c32:    80 00             	rts


hexfont:
 2002c34:	 1f 11 11 11 1f 04 0c 04         ........
 2002c3c:	 04 0e 1e 01 0e 10 1f 1e         ........
 2002c44:	 01 0e 01 1e 11 11 1f 01         ........
 2002c4c:	 01 1f 10 1e 01 1e 0f 10         ........
 2002c54:	 1e 11 0e 1f 01 02 04 04         ........
 2002c5c:	 0e 11 0e 11 0e 0e 11 0f         ........
 2002c64:	 01 1e 0e 11 1f 11 11 1e         ........
 2002c6c:	 11 1e 11 1e 0f 10 10 10         ........
 2002c74:	 0f 1e 11 11 11 1e 1f 10         ........
 2002c7c:	 1e 10 1f 1f 10 1e 10 10         ........


FM1_LED_BIT:
 2002c84:	 00 09 0a 06 09 00               ......


FM1_LED_PORT:
 2002c8a:	 ff 00 00 07 07 ff               ......


FM1_KEYMAP:
 2002c90:	 ff ff ff ff ff ff ff ff         ........
 2002c98:	 ff ff ff 05 0b 04 0a 03         ........
 2002ca0:	 09 02 08 ff ff ff 22 23         ......"#
 2002ca8:	 24 25 26 28 27 0d 07 06         $%&('...
 2002cb0:	 0c 17 18 19 1a 1b 1c 1d         ........
 2002cb8:	 1e 1f 20 21 00 01 0f 0e         .. !....
 2002cc0:	 11 10 13 12 14 15 16 ff         ........
 2002cc8:	 ff ff ff ff ff ff ff ff         ........
 2002cd0:	 ff ff                           ..


FM1_ENC:
 2002cd2:	 00 00 01 00 02 00 03 00         ........
 2002cda:	 08 01 09 01 08 00 09 00         ........
 2002ce2:	 06 00 07 00 04 00 05 00         ........
 2002cea:	 00 05 01 05                     ....


ep0_service.zero2:
 2002cee:	 00 00                           ..


DEV_DESC:
 2002cf0:	 12 01 00 02 ef 02 01 40         .......@
 2002cf8:	 09 12 01 00 01 03 01 02         ........
 2002d00:	 00 01                           ..


CFG_DESC:
 2002d02:	 09 02 af 00 04 01 00 80         ........
 2002d0a:	 32 08 0b 00 02 01 01 00         2.......
 2002d12:	 00 09 04 00 00 00 01 01         ........
 2002d1a:	 00 00 09 24 01 00 01 09         ...$....
 2002d22:	 00 01 01 09 04 01 00 02         ........
 2002d2a:	 01 03 00 00 07 24 01 00         .....$..
 2002d32:	 01 41 00 06 24 02 01 01         .A..$...
 2002d3a:	 00 06 24 02 02 02 00 09         ..$.....
 2002d42:	 24 03 01 03 01 02 01 00         $.......
 2002d4a:	 09 24 03 02 04 01 01 01         .$......
 2002d52:	 00 09 05 01 02 40 00 00         .....@..
 2002d5a:	 00 00 05 25 01 01 01 09         ...%....
 2002d62:	 05 81 02 40 00 00 00 00         ...@....
 2002d6a:	 05 25 01 01 03 08 0b 02         .%......
 2002d72:	 02 02 02 01 00 09 04 02         ........
 2002d7a:	 00 01 02 02 01 00 05 24         .......$
 2002d82:	 00 10 01 05 24 01 00 03         ....$...
 2002d8a:	 04 24 02 02 05 24 06 02         .$...$..
 2002d92:	 03 07 05 82 03 08 00 10         ........
 2002d9a:	 09 04 03 00 02 0a 00 00         ........
 2002da2:	 00 07 05 03 02 40 00 00         .....@..
 2002daa:	 07 05 83 02 40 00 00            ....@..


STR0:
 2002db1:	 04 03 09 04                     ....


STR1:
 2002db5:	 2a 03 48 00 fc 00 67 00         *.H...g.
 2002dbd:	 65 00 6c 00 74 00 6f 00         e.l.t.o.
 2002dc5:	 6e 00 20 00 49 00 6e 00         n. .I.n.
 2002dcd:	 73 00 74 00 72 00 75 00         s.t.r.u.
 2002dd5:	 6d 00 65 00 6e 00 74 00         m.e.n.t.
 2002ddd:	 73 00                           s.


STR2:
 2002ddf:	 14 03 46 00 4d 00 2d 00         ..F.M.-.
 2002de7:	 31 00 20 00 44 00 69 00         1. .D.i.
 2002def:	 61 00 67 00                     a.g.


sysex_byte.UBOOT_KEY:
 2002df3:	 f0 22 24 35 7d f7               ."$5}.


LCD_SEQ:
 2002df9:	 01 00 00 01 96 11 00 00         ........
 2002e01:	 01 78 3a 01 55 36 01 00         .x:.U6..
 2002e09:	 21 00 13 00                     !...


fm1_enter_uboot.k:
 2002e0d:	 75 73 62 5f 75 70 64 61         usb_upda
 2002e15:	 74 65 5f 6d 6f 64 65 00         te_mode.


ota_reply_identity.ID:
 2002e1d:	 46 4d 2d 31 5f 39 38 30         FM-1_980
 2002e25:	 00 6f 74 61 2d 46 4d 2d         .ota-FM-
 2002e2d:	 31 5f 30 31 35 00 46 45         1_015.FE
 2002e35:	 4c 55 43 43 41 2d 4c 4f         LUCCA-LO
 2002e3d:	 41 44 45 52 2d 31 00 73         ADER-1.s
 2002e45:	 75 63 63 65 73 73 00 46         uccess.F
 2002e4d:	 4d 2d 31 20 44 49 41 47         M-1 DIAG
 2002e55:	 20 31 3a 20 70 72 6f 62          1: prob
 2002e5d:	 65 20 69 6e 66 6f 20 75         e info u
 2002e65:	 62 6f 6f 74 0d 0a 00 70         boot...p
 2002e6d:	 72 6f 62 65 00 69 6e 66         robe.inf
 2002e75:	 6f 00 46 4d 2d 31 20 44         o.FM-1 D
 2002e7d:	 49 41 47 20 31 20 46 4d         IAG 1 FM
 2002e85:	 2d 31 5f 39 38 30 0d 0a         -1_980..
 2002e8d:	 70 72 6f 62 65 5f 73 68         probe_sh
 2002e95:	 61 32 35 36 20 30 35 63         a256 05c
 2002e9d:	 31 63 62 66 65 31 37 33         1cbfe173
 2002ea5:	 66 66 35 35 62 38 39 62         ff55b89b
 2002ead:	 36 66 62 63 36 62 32 36         6fbc6b26
 2002eb5:	 63 39 61 61 61 32 38 37         c9aaa287
 2002ebd:	 38 34 65 32 64 32 33 39         84e2d239
 2002ec5:	 33 33 64 37 38 37 31 63         33d7871c
 2002ecd:	 38 36 38 63 63 62 39 36         868ccb96
 2002ed5:	 32 36 65 61 37 0d 0a 66         26ea7..f
 2002edd:	 6c 61 73 68 20 00 75 62         lash .ub
 2002ee5:	 6f 6f 74 00 45 52 52 4f         oot.ERRO
 2002eed:	 52 3a 20 75 73 65 20 70         R: use p
 2002ef5:	 72 6f 62 65 2c 20 69 6e         robe, in
 2002efd:	 66 6f 2c 20 6f 72 20 75         fo, or u
 2002f05:	 62 6f 6f 74 0d 0a 00 46         boot...F
 2002f0d:	 4d 31 50 52 4f 42 45 20         M1PROBE 
 2002f15:	 31 20 30 35 63 31 63 62         1 05c1cb
 2002f1d:	 66 65 31 37 33 66 66 35         fe173ff5
 2002f25:	 35 62 38 39 62 36 66 62         5b89b6fb
 2002f2d:	 63 36 62 32 36 63 39 61         c6b26c9a
 2002f35:	 61 61 32 38 37 38 34 65         aa28784e
 2002f3d:	 32 64 32 33 39 33 33 64         2d23933d
 2002f45:	 37 38 37 31 63 38 36 38         7871c868
 2002f4d:	 63 63 62 39 36 32 36 65         ccb9626e
 2002f55:	 61 37 0d 0a 00 57 20 00         a7...W .
 2002f5d:	 46 4d 31 50 52 4f 42 45         FM1PROBE
 2002f65:	 20 45 4e 44 0d 0a 00 30          END...0
 2002f6d:	 31 32 33 34 35 36 37 38         12345678
 2002f75:	 39 41 42 43 44 45 46 00         9ABCDEF.


fm1_input_init.LEDP:
 2002f7d:	 07 06 07 09 00 09 00 0a         ........


ota_stage_head.NAME:
 2002f85:	 4c 4f 41 44 45 52 2e 42         LOADER.B
 2002f8d:	 49 4e 00 00 00 00 00 00         IN......
 2002f95:	 00 00 00                        ...

Disassembly of section .ram_text:
fl_jedec_ram:
 1c00000:    78 04             	[--sp] = {rets, r8-r4}
 1c00002:    e2 9e             	sp += -8
 1c00004:    c0 ff 08 e0 ee 01 	r0 = 32432136 <bootguard+0x271FC8 : 1eee008 >
 1c0000a:    01 60             	r1 = [r0+0] 
 1c0000c:    51 e8 fd 71       	if ((r1 & 16384) == 0) goto -6 <fl_jedec_ram+0xA : 1c0000a >
 1c00010:    c1 ff 00 02 04 00 	r1 = 262656 <firmware/src/diag.c+0x40200 : 40200 >
 1c00016:    60 f0 8e 3b       	r3 = 0x11C00  #
 1c0001a:    12 60             		 r2 = [r1+0] 
 1c0001c:    a0 a8             	r0 = r2 >> 8
 1c0001e:    60 f1 0e 00       	r0 = r0 & 0xE  #
 1c00022:    34 60             		 r4 = [r3+0] 
 1c00024:    45 e1 01 00       	r5 = r0 | 0x1
 1c00028:    40 20             	r0 = 0
 1c0002a:    05 f8 8d 0e       	if (r5 == 7) goto 282 <fl_jedec_ram+0x148 : 1c00148 >
 1c0002e:    20 00             	csync
 1c00030:    10 60             	r0 = [r1+0] 
 1c00032:    80 fd fd 01       	ifs (r0 < 0) goto -6 <fl_jedec_ram+0x30 : 1c00030 >
 1c00036:    45 20             	r5 = 0
 1c00038:    95 60             	[r1+0] = r5
 1c0003a:    c8 ff 1c 10 05 00 	r8 = 331804 <firmware/src/diag.c+0x5101C : 5101c >
 1c00040:    c0 ef 20 80       	[r8+0] &= 0xFFFFFFDF
 1c00044:    45 f0 29 10       	r5 = 4137  # <firmware/src/diag.c+0x1028 : 1028 >
 1c00048:    b5 60             		 [r3+0] = r5
 1c0004a:    b5 60             	[r3+0] = r5
 1c0004c:    20 00             	csync
 1c0004e:    35 e1 a4 80       	r5 = r8 + -3932
 1c00052:    c2 ef 01 50       	[r5+8] &= 0xFFFFFFFE
 1c00056:    c0 ef 01 50       	[r5+0] &= 0xFFFFFFFE
 1c0005a:    46 2a             	r6 = 10
 1c0005c:    86 20             	[sp] = r6
 1c0005e:    06 20             	r6 = [sp]
 1c00060:    37 e1 ff 6f       	r7 = r6 + -1
 1c00064:    87 20             	[sp] = r7
 1c00066:    f6 5b             	if (r6 != 0) goto -10 <fl_jedec_ram+0x5E : 1c0005e >
 1c00068:    00 ef 08 30       	[r3+0] |= 0x8
 1c0006c:    c0 ef 80 3d       	[r3+0] &= 0xFFFFEFFF
 1c00070:    42 ea 9f 30       	[r3+8] = 0x9F
 1c00074:    20 00             	csync
 1c00076:    c6 ff 80 0f 05 fd 	r6 = 4244967296 <_data_load+0xFB04D4A0 : fd050f80 >
 1c0007c:    37 60             	r7 = [r3+0] 
 1c0007e:    ff 17             	r7 = r7.l (s)
 1c00080:    87 fd 02 00       	ifs (r7 < 0) goto 4 <fl_jedec_ram+0x88 : 1c00088 >
 1c00084:    c6 21             	r6 += 1
 1c00086:    f6 5a             	if (r6 != 0) goto -12 <fl_jedec_ram+0x7C : 1c0007c >
 1c00088:    00 ef 80 3c       	[r3+0] |= 0x4000
 1c0008c:    c0 ef 08 30       	[r3+0] &= 0xFFFFFFF7
 1c00090:    00 ef 08 30       	[r3+0] |= 0x8
 1c00094:    00 ef 80 3d       	[r3+0] |= 0x1000
 1c00098:    42 ea ff 30       	[r3+8] = 0xFF
 1c0009c:    20 00             	csync
 1c0009e:    c6 ff 80 0f 05 fd 	r6 = 4244967296 <_data_load+0xFB04D4A0 : fd050f80 >
 1c000a4:    37 60             	r7 = [r3+0] 
 1c000a6:    ff 17             	r7 = r7.l (s)
 1c000a8:    87 fd 02 00       	ifs (r7 < 0) goto 4 <fl_jedec_ram+0xB0 : 1c000b0 >
 1c000ac:    c6 21             	r6 += 1
 1c000ae:    f6 5a             	if (r6 != 0) goto -12 <fl_jedec_ram+0xA4 : 1c000a4 >
 1c000b0:    00 ef 80 3c       	[r3+0] |= 0x4000
 1c000b4:    36 62             	r6 = [r3+8] 
 1c000b6:    c0 ef 08 30       	[r3+0] &= 0xFFFFFFF7
 1c000ba:    00 ef 08 30       	[r3+0] |= 0x8
 1c000be:    00 ef 80 3d       	[r3+0] |= 0x1000
 1c000c2:    42 ea ff 30       	[r3+8] = 0xFF
 1c000c6:    20 00             	csync
 1c000c8:    66 b0             	r6 = r6 << 16
 1c000ca:    66 e1 7f 68       	r6 = r6 & 0xFF0000
 1c000ce:    c7 ff 80 0f 05 fd 	r7 = 4244967296 <_data_load+0xFB04D4A0 : fd050f80 >
 1c000d4:    30 60             	r0 = [r3+0] 
 1c000d6:    88 17             	r0 = r0.l (s)
 1c000d8:    80 fd 02 00       	ifs (r0 < 0) goto 4 <fl_jedec_ram+0xE0 : 1c000e0 >
 1c000dc:    c7 21             	r7 += 1
 1c000de:    f7 5a             	if (r7 != 0) goto -12 <fl_jedec_ram+0xD4 : 1c000d4 >
 1c000e0:    00 ef 80 3c       	[r3+0] |= 0x4000
 1c000e4:    30 62             	r0 = [r3+8] 
 1c000e6:    c0 ef 08 30       	[r3+0] &= 0xFFFFFFF7
 1c000ea:    00 ef 08 30       	[r3+0] |= 0x8
 1c000ee:    00 ef 80 3d       	[r3+0] |= 0x1000
 1c000f2:    42 ea ff 30       	[r3+8] = 0xFF
 1c000f6:    00 a8             	r0 = r0 << 8
 1c000f8:    20 00             	csync
 1c000fa:    80 17             	r0 = r0.l (u)
 1c000fc:    06 19             	r6 |= r0
 1c000fe:    c7 ff 80 0f 05 fd 	r7 = 4244967296 <_data_load+0xFB04D4A0 : fd050f80 >
 1c00104:    30 60             	r0 = [r3+0] 
 1c00106:    88 17             	r0 = r0.l (s)
 1c00108:    80 fd 02 00       	ifs (r0 < 0) goto 4 <fl_jedec_ram+0x110 : 1c00110 >
 1c0010c:    c7 21             	r7 += 1
 1c0010e:    f7 5a             	if (r7 != 0) goto -12 <fl_jedec_ram+0x104 : 1c00104 >
 1c00110:    00 ef 80 3c       	[r3+0] |= 0x4000
 1c00114:    30 62             	r0 = [r3+8] 
 1c00116:    c0 ef 08 30       	[r3+0] &= 0xFFFFFFF7
 1c0011a:    c2 ef 01 50       	[r5+8] &= 0xFFFFFFFE
 1c0011e:    00 ef 01 50       	[r5+0] |= 0x1
 1c00122:    45 2a             	r5 = 10
 1c00124:    05 d7             	r5 = r0.b0 (u)  #
 1c00126:    85 21             		 [sp+4] = r5
 1c00128:    00 21             	r0 = [sp+4]
 1c0012a:    37 e1 ff 0f       	r7 = r0 + -1
 1c0012e:    87 21             	[sp+4] = r7
 1c00130:    f0 5b             	if (r0 != 0) goto -10 <fl_jedec_ram+0x128 : 1c00128 >
 1c00132:    b4 60             	[r3+0] = r4
 1c00134:    00 ef 20 80       	[r8+0] |= 0x20
 1c00138:    20 00             	csync
 1c0013a:    90 e1 60 05       	r0 = r6 | r5
 1c0013e:    13 60             	r3 = [r1+0] 
 1c00140:    83 fd fd 01       	ifs (r3 < 0) goto -6 <fl_jedec_ram+0x13E : 1c0013e >
 1c00144:    92 60             	[r1+0] = r2
 1c00146:    20 00             	csync
 1c00148:    02 82             	sp += 8
 1c0014a:    58 04             	{pc, r8-r4} = [sp++]


fl_status_ram:
 1c0014c:    78 04             	[--sp] = {rets, r8-r4}
 1c0014e:    e2 9c             	sp += -16
 1c00150:    c0 ff 08 e0 ee 01 	r0 = 32432136 <bootguard+0x271FC8 : 1eee008 >
 1c00156:    01 60             	r1 = [r0+0] 
 1c00158:    51 e8 fd 71       	if ((r1 & 16384) == 0) goto -6 <fl_status_ram+0xA : 1c00156 >
 1c0015c:    c1 ff 00 02 04 00 	r1 = 262656 <firmware/src/diag.c+0x40200 : 40200 >
 1c00162:    60 f0 8e 3b       	r3 = 0x11C00  #
 1c00166:    12 60             		 r2 = [r1+0] 
 1c00168:    a0 a8             	r0 = r2 >> 8
 1c0016a:    60 f1 0e 00       	r0 = r0 & 0xE  #
 1c0016e:    34 60             		 r4 = [r3+0] 
 1c00170:    45 e1 01 00       	r5 = r0 | 0x1
 1c00174:    10 3f             	r0 = -1
 1c00176:    05 f8 9d 0e       	if (r5 == 7) goto 314 <fl_status_ram+0x168 : 1c002b4 >
 1c0017a:    20 00             	csync
 1c0017c:    10 60             	r0 = [r1+0] 
 1c0017e:    80 fd fd 01       	ifs (r0 < 0) goto -6 <fl_status_ram+0x30 : 1c0017c >
 1c00182:    45 20             	r5 = 0
 1c00184:    95 60             	[r1+0] = r5
 1c00186:    c8 ff 1c 10 05 00 	r8 = 331804 <firmware/src/diag.c+0x5101C : 5101c >
 1c0018c:    c0 ef 20 80       	[r8+0] &= 0xFFFFFFDF
 1c00190:    45 f0 29 10       	r5 = 4137  # <firmware/src/diag.c+0x1028 : 1028 >
 1c00194:    b5 60             		 [r3+0] = r5
 1c00196:    b5 60             	[r3+0] = r5
 1c00198:    20 00             	csync
 1c0019a:    35 e1 a4 80       	r5 = r8 + -3932
 1c0019e:    c2 ef 01 50       	[r5+8] &= 0xFFFFFFFE
 1c001a2:    c0 ef 01 50       	[r5+0] &= 0xFFFFFFFE
 1c001a6:    46 2a             	r6 = 10
 1c001a8:    86 20             	[sp] = r6
 1c001aa:    06 20             	r6 = [sp]
 1c001ac:    37 e1 ff 6f       	r7 = r6 + -1
 1c001b0:    87 20             	[sp] = r7
 1c001b2:    f6 5b             	if (r6 != 0) goto -10 <fl_status_ram+0x5E : 1c001aa >
 1c001b4:    00 ef 08 30       	[r3+0] |= 0x8
 1c001b8:    c0 ef 80 3d       	[r3+0] &= 0xFFFFEFFF
 1c001bc:    42 ea 05 30       	[r3+8] = 0x5
 1c001c0:    20 00             	csync
 1c001c2:    c6 ff 80 0f 05 fd 	r6 = 4244967296 <_data_load+0xFB04D4A0 : fd050f80 >
 1c001c8:    37 60             	r7 = [r3+0] 
 1c001ca:    ff 17             	r7 = r7.l (s)
 1c001cc:    87 fd 02 00       	ifs (r7 < 0) goto 4 <fl_status_ram+0x88 : 1c001d4 >
 1c001d0:    c6 21             	r6 += 1
 1c001d2:    f6 5a             	if (r6 != 0) goto -12 <fl_status_ram+0x7C : 1c001c8 >
 1c001d4:    00 ef 80 3c       	[r3+0] |= 0x4000
 1c001d8:    c0 ef 08 30       	[r3+0] &= 0xFFFFFFF7
 1c001dc:    00 ef 08 30       	[r3+0] |= 0x8
 1c001e0:    00 ef 80 3d       	[r3+0] |= 0x1000
 1c001e4:    42 ea ff 30       	[r3+8] = 0xFF
 1c001e8:    20 00             	csync
 1c001ea:    c6 ff 80 0f 05 fd 	r6 = 4244967296 <_data_load+0xFB04D4A0 : fd050f80 >
 1c001f0:    37 60             	r7 = [r3+0] 
 1c001f2:    ff 17             	r7 = r7.l (s)
 1c001f4:    87 fd 02 00       	ifs (r7 < 0) goto 4 <fl_status_ram+0xB0 : 1c001fc >
 1c001f8:    c6 21             	r6 += 1
 1c001fa:    f6 5a             	if (r6 != 0) goto -12 <fl_status_ram+0xA4 : 1c001f0 >
 1c001fc:    00 ef 80 3c       	[r3+0] |= 0x4000
 1c00200:    36 62             	r6 = [r3+8] 
 1c00202:    c0 ef 08 30       	[r3+0] &= 0xFFFFFFF7
 1c00206:    c2 ef 01 50       	[r5+8] &= 0xFFFFFFFE
 1c0020a:    00 ef 01 50       	[r5+0] |= 0x1
 1c0020e:    47 2a             	r7 = 10
 1c00210:    87 21             	[sp+4] = r7
 1c00212:    07 21             	r7 = [sp+4]
 1c00214:    30 e1 ff 7f       	r0 = r7 + -1
 1c00218:    80 21             	[sp+4] = r0
 1c0021a:    f7 5b             	if (r7 != 0) goto -10 <fl_status_ram+0xC6 : 1c00212 >
 1c0021c:    c2 ef 01 50       	[r5+8] &= 0xFFFFFFFE
 1c00220:    c0 ef 01 50       	[r5+0] &= 0xFFFFFFFE
 1c00224:    40 2a             	r0 = 10
 1c00226:    80 22             	[sp+8] = r0
 1c00228:    00 22             	r0 = [sp+8]
 1c0022a:    37 e1 ff 0f       	r7 = r0 + -1
 1c0022e:    87 22             	[sp+8] = r7
 1c00230:    f0 5b             	if (r0 != 0) goto -10 <fl_status_ram+0xDC : 1c00228 >
 1c00232:    00 ef 08 30       	[r3+0] |= 0x8
 1c00236:    c0 ef 80 3d       	[r3+0] &= 0xFFFFEFFF
 1c0023a:    42 ea 35 30       	[r3+8] = 0x35
 1c0023e:    20 00             	csync
 1c00240:    66 17             	r6 = r6.b0 (u)
 1c00242:    c7 ff 80 0f 05 fd 	r7 = 4244967296 <_data_load+0xFB04D4A0 : fd050f80 >
 1c00248:    30 60             	r0 = [r3+0] 
 1c0024a:    88 17             	r0 = r0.l (s)
 1c0024c:    80 fd 02 00       	ifs (r0 < 0) goto 4 <fl_status_ram+0x108 : 1c00254 >
 1c00250:    c7 21             	r7 += 1
 1c00252:    f7 5a             	if (r7 != 0) goto -12 <fl_status_ram+0xFC : 1c00248 >
 1c00254:    00 ef 80 3c       	[r3+0] |= 0x4000
 1c00258:    c0 ef 08 30       	[r3+0] &= 0xFFFFFFF7
 1c0025c:    00 ef 08 30       	[r3+0] |= 0x8
 1c00260:    00 ef 80 3d       	[r3+0] |= 0x1000
 1c00264:    42 ea ff 30       	[r3+8] = 0xFF
 1c00268:    20 00             	csync
 1c0026a:    c7 ff 80 0f 05 fd 	r7 = 4244967296 <_data_load+0xFB04D4A0 : fd050f80 >
 1c00270:    30 60             	r0 = [r3+0] 
 1c00272:    88 17             	r0 = r0.l (s)
 1c00274:    80 fd 02 00       	ifs (r0 < 0) goto 4 <fl_status_ram+0x130 : 1c0027c >
 1c00278:    c7 21             	r7 += 1
 1c0027a:    f7 5a             	if (r7 != 0) goto -12 <fl_status_ram+0x124 : 1c00270 >
 1c0027c:    00 ef 80 3c       	[r3+0] |= 0x4000
 1c00280:    37 62             	r7 = [r3+8] 
 1c00282:    c0 ef 08 30       	[r3+0] &= 0xFFFFFFF7
 1c00286:    c2 ef 01 50       	[r5+8] &= 0xFFFFFFFE
 1c0028a:    00 ef 01 50       	[r5+0] |= 0x1
 1c0028e:    40 2a             	r0 = 10
 1c00290:    80 23             	[sp+12] = r0
 1c00292:    00 23             	r0 = [sp+12]
 1c00294:    35 e1 ff 0f       	r5 = r0 + -1
 1c00298:    85 23             	[sp+12] = r5
 1c0029a:    f0 5b             	if (r0 != 0) goto -10 <fl_status_ram+0x146 : 1c00292 >
 1c0029c:    b4 60             	[r3+0] = r4
 1c0029e:    00 ef 20 80       	[r8+0] |= 0x20
 1c002a2:    20 00             	csync
 1c002a4:    70 a8             	r0 = r7 << 8
 1c002a6:    80 17             	r0 = r0.l (u)
 1c002a8:    13 60             	r3 = [r1+0] 
 1c002aa:    83 fd fd 01       	ifs (r3 < 0) goto -6 <fl_status_ram+0x15C : 1c002a8 >
 1c002ae:    92 60             	[r1+0] = r2
 1c002b0:    20 00             	csync
 1c002b2:    60 19             	r0 |= r6
 1c002b4:    02 84             	sp += 16
 1c002b6:    58 04             	{pc, r8-r4} = [sp++]


fl_erase4k_ram:
 1c002b8:    7f 04             	[--sp] = {rets, r15-r4}
 1c002ba:    e2 98             	sp += -32
 1c002bc:    f2 e0 17 0a       	r2 = r0 - 0x97000
 1c002c0:    28 ff 92 2a 05 00 	if (r2 > 299008) goto 10 <fl_erase4k_ram+0x18 : 1c002d0 >
 1c002c6:    a2 e0 60 0a       	r2 = 0xE0000 - r0
 1c002ca:    08 ff ff 2f 0a 00 	if (r2 > 4095) goto 20 <fl_erase4k_ram+0x2C : 1c002e4 >
 1c002d0:    f2 e0 7c 0a       	r2 = r0 - 0xFC000
 1c002d4:    28 ff 40 2d 0b 00 	if (r2 > 12288) goto 22 <fl_erase4k_ram+0x38 : 1c002f0 >
 1c002da:    a2 e0 7f 0a       	r2 = 0xFF000 - r0
 1c002de:    09 ff ff 2f 06 00 	if (r2 <= 4095) goto 12 <fl_erase4k_ram+0x38 : 1c002f0 >
 1c002e4:    43 e0 ff 0f       	r3 = 4095 <firmware/src/diag.c+0xFFE : ffe >
 1c002e8:    12 3f             	r2 = -1
 1c002ea:    30 fb 8a 01       	if ((r0 & r3) != 0) goto 788 <fl_erase4k_ram+0x34A : 1c00602 >
 1c002ee:    04 8f             	goto 30 <fl_erase4k_ram+0x56 : 1c0030e >
 1c002f0:    43 e0 ff 0f       	r3 = 4095 <firmware/src/diag.c+0xFFE : ffe >
 1c002f4:    12 3f             	r2 = -1
 1c002f6:    30 fb 84 01       	if ((r0 & r3) != 0) goto 776 <fl_erase4k_ram+0x34A : 1c00602 >
 1c002fa:    f3 e0 60 0a       	r3 = r0 - 0xE0000
 1c002fe:    28 ff a0 3c 7f 01 	if (r3 > 20480) goto 766 <fl_erase4k_ram+0x34A : 1c00602 >
 1c00304:    a3 e0 65 0a       	r3 = 0xE5000 - r0
 1c00308:    09 ff ff 3f 7a 01 	if (r3 <= 4095) goto 756 <fl_erase4k_ram+0x34A : 1c00602 >
 1c0030e:    c6 ff 08 e0 ee 01 	r6 = 32432136 <bootguard+0x271FC8 : 1eee008 >
 1c00314:    62 60             	r2 = [r6+0] 
 1c00316:    52 e8 fd 71       	if ((r2 & 16384) == 0) goto -6 <fl_erase4k_ram+0x5C : 1c00314 >
 1c0031a:    ce ff 00 02 04 00 	r14 = 262656 <firmware/src/diag.c+0x40200 : 40200 >
 1c00320:    d0 ec e0 a0       	r10 = [r14+0]
 1c00324:    60 e0 8e 5b       	r5 = 0x11C00
 1c00328:    d0 ec 50 90       	r9 = [r5+0]
 1c0032c:    c0 e1 a8 28       	r2 = r10 >> 8
 1c00330:    62 e1 0e 20       	r2 = r2 & 0xE
 1c00334:    44 e1 01 20       	r4 = r2 | 0x1
 1c00338:    12 3e             	r2 = -2
 1c0033a:    00 ff 07 40 61 01 	if (r4 == 7) goto 706 <fl_erase4k_ram+0x34A : 1c00602 >
 1c00340:    20 00             	csync
 1c00342:    d0 ec e0 20       	r2 = [r14+0]
 1c00346:    82 fd fc 01       	ifs (r2 < 0) goto -8 <fl_erase4k_ram+0x8A : 1c00342 >
 1c0034a:    42 20             	r2 = 0
 1c0034c:    d0 ec e1 20       	[r14+0] = r2
 1c00350:    c8 ff 1c 10 05 00 	r8 = 331804 <firmware/src/diag.c+0x5101C : 5101c >
 1c00356:    c0 ef 20 80       	[r8+0] &= 0xFFFFFFDF
 1c0035a:    42 f0 29 10       	r2 = 4137  # <firmware/src/diag.c+0x1028 : 1028 >
 1c0035e:    d2 60             		 [r5+0] = r2
 1c00360:    d2 60             	[r5+0] = r2
 1c00362:    20 00             	csync
 1c00364:    3d e1 a4 80       	r13 = r8 + -3932
 1c00368:    c2 ef 01 d0       	[r13+8] &= 0xFFFFFFFE
 1c0036c:    c0 ef 01 d0       	[r13+0] &= 0xFFFFFFFE
 1c00370:    42 2a             	r2 = 10
 1c00372:    82 20             	[sp] = r2
 1c00374:    02 20             	r2 = [sp]
 1c00376:    34 e1 ff 2f       	r4 = r2 + -1
 1c0037a:    84 20             	[sp] = r4
 1c0037c:    f2 5b             	if (r2 != 0) goto -10 <fl_erase4k_ram+0xBC : 1c00374 >
 1c0037e:    00 ef 08 50       	[r5+0] |= 0x8
 1c00382:    c0 ef 80 5d       	[r5+0] &= 0xFFFFEFFF
 1c00386:    42 ea 06 50       	[r5+8] = 0x6
 1c0038a:    20 00             	csync
 1c0038c:    c2 ff 80 0f 05 fd 	r2 = 4244967296 <_data_load+0xFB04D4A0 : fd050f80 >
 1c00392:    54 60             	r4 = [r5+0] 
 1c00394:    cc 17             	r4 = r4.l (s)
 1c00396:    84 fd 02 00       	ifs (r4 < 0) goto 4 <fl_erase4k_ram+0xE6 : 1c0039e >
 1c0039a:    c2 21             	r2 += 1
 1c0039c:    f2 5a             	if (r2 != 0) goto -12 <fl_erase4k_ram+0xDA : 1c00392 >
 1c0039e:    00 ef 80 5c       	[r5+0] |= 0x4000
 1c003a2:    c0 ef 08 50       	[r5+0] &= 0xFFFFFFF7
 1c003a6:    c2 ef 01 d0       	[r13+8] &= 0xFFFFFFFE
 1c003aa:    00 ef 01 d0       	[r13+0] |= 0x1
 1c003ae:    42 2a             	r2 = 10
 1c003b0:    82 21             	[sp+4] = r2
 1c003b2:    02 21             	r2 = [sp+4]
 1c003b4:    34 e1 ff 2f       	r4 = r2 + -1
 1c003b8:    84 21             	[sp+4] = r4
 1c003ba:    f2 5b             	if (r2 != 0) goto -10 <fl_erase4k_ram+0xFA : 1c003b2 >
 1c003bc:    c2 ef 01 d0       	[r13+8] &= 0xFFFFFFFE
 1c003c0:    c0 ef 01 d0       	[r13+0] &= 0xFFFFFFFE
 1c003c4:    42 2a             	r2 = 10
 1c003c6:    82 22             	[sp+8] = r2
 1c003c8:    02 22             	r2 = [sp+8]
 1c003ca:    34 e1 ff 2f       	r4 = r2 + -1
 1c003ce:    84 22             	[sp+8] = r4
 1c003d0:    f2 5b             	if (r2 != 0) goto -10 <fl_erase4k_ram+0x110 : 1c003c8 >
 1c003d2:    00 ef 08 50       	[r5+0] |= 0x8
 1c003d6:    c0 ef 80 5d       	[r5+0] &= 0xFFFFEFFF
 1c003da:    42 ea 05 50       	[r5+8] = 0x5
 1c003de:    20 00             	csync
 1c003e0:    c2 ff 80 0f 05 fd 	r2 = 4244967296 <_data_load+0xFB04D4A0 : fd050f80 >
 1c003e6:    54 60             	r4 = [r5+0] 
 1c003e8:    cc 17             	r4 = r4.l (s)
 1c003ea:    84 fd 02 00       	ifs (r4 < 0) goto 4 <fl_erase4k_ram+0x13A : 1c003f2 >
 1c003ee:    c2 21             	r2 += 1
 1c003f0:    f2 5a             	if (r2 != 0) goto -12 <fl_erase4k_ram+0x12E : 1c003e6 >
 1c003f2:    00 ef 80 5c       	[r5+0] |= 0x4000
 1c003f6:    c0 ef 08 50       	[r5+0] &= 0xFFFFFFF7
 1c003fa:    00 ef 08 50       	[r5+0] |= 0x8
 1c003fe:    00 ef 80 5d       	[r5+0] |= 0x1000
 1c00402:    42 ea ff 50       	[r5+8] = 0xFF
 1c00406:    20 00             	csync
 1c00408:    c2 ff 80 0f 05 fd 	r2 = 4244967296 <_data_load+0xFB04D4A0 : fd050f80 >
 1c0040e:    54 60             	r4 = [r5+0] 
 1c00410:    cc 17             	r4 = r4.l (s)
 1c00412:    84 fd 02 00       	ifs (r4 < 0) goto 4 <fl_erase4k_ram+0x162 : 1c0041a >
 1c00416:    c2 21             	r2 += 1
 1c00418:    f2 5a             	if (r2 != 0) goto -12 <fl_erase4k_ram+0x156 : 1c0040e >
 1c0041a:    00 ef 80 5c       	[r5+0] |= 0x4000
 1c0041e:    54 62             	r4 = [r5+8] 
 1c00420:    c0 ef 08 50       	[r5+0] &= 0xFFFFFFF7
 1c00424:    c2 ef 01 d0       	[r13+8] &= 0xFFFFFFFE
 1c00428:    00 ef 01 d0       	[r13+0] |= 0x1
 1c0042c:    42 2a             	r2 = 10
 1c0042e:    82 23             	[sp+12] = r2
 1c00430:    02 23             	r2 = [sp+12]
 1c00432:    37 e1 ff 2f       	r7 = r2 + -1
 1c00436:    87 23             	[sp+12] = r7
 1c00438:    f2 5b             	if (r2 != 0) goto -10 <fl_erase4k_ram+0x178 : 1c00430 >
 1c0043a:    12 3d             	r2 = -3
 1c0043c:    54 e8 d5 08       	if ((r4 & 2) == 0) goto 426 <fl_erase4k_ram+0x332 : 1c005ea >
 1c00440:    c2 ef 01 d0       	[r13+8] &= 0xFFFFFFFE
 1c00444:    c0 ef 01 d0       	[r13+0] &= 0xFFFFFFFE
 1c00448:    42 2a             	r2 = 10
 1c0044a:    82 24             	[sp+16] = r2
 1c0044c:    02 24             	r2 = [sp+16]
 1c0044e:    34 e1 ff 2f       	r4 = r2 + -1
 1c00452:    84 24             	[sp+16] = r4
 1c00454:    f2 5b             	if (r2 != 0) goto -10 <fl_erase4k_ram+0x194 : 1c0044c >
 1c00456:    00 ef 08 50       	[r5+0] |= 0x8
 1c0045a:    c0 ef 80 5d       	[r5+0] &= 0xFFFFEFFF
 1c0045e:    42 ea 20 50       	[r5+8] = 0x20
 1c00462:    20 00             	csync
 1c00464:    c2 ff 80 0f 05 fd 	r2 = 4244967296 <_data_load+0xFB04D4A0 : fd050f80 >
 1c0046a:    54 60             	r4 = [r5+0] 
 1c0046c:    cc 17             	r4 = r4.l (s)
 1c0046e:    84 fd 02 00       	ifs (r4 < 0) goto 4 <fl_erase4k_ram+0x1BE : 1c00476 >
 1c00472:    c2 21             	r2 += 1
 1c00474:    f2 5a             	if (r2 != 0) goto -12 <fl_erase4k_ram+0x1B2 : 1c0046a >
 1c00476:    00 ef 80 5c       	[r5+0] |= 0x4000
 1c0047a:    c0 ef 08 50       	[r5+0] &= 0xFFFFFFF7
 1c0047e:    00 ef 08 50       	[r5+0] |= 0x8
 1c00482:    c0 ef 80 5d       	[r5+0] &= 0xFFFFEFFF
 1c00486:    b2 e1 20 08       	r2 = uextra(r0, p:16, l:8)
 1c0048a:    d2 62             	[r5+8] = r2
 1c0048c:    20 00             	csync
 1c0048e:    c2 ff 80 0f 05 fd 	r2 = 4244967296 <_data_load+0xFB04D4A0 : fd050f80 >
 1c00494:    54 60             	r4 = [r5+0] 
 1c00496:    cc 17             	r4 = r4.l (s)
 1c00498:    84 fd 02 00       	ifs (r4 < 0) goto 4 <fl_erase4k_ram+0x1E8 : 1c004a0 >
 1c0049c:    c2 21             	r2 += 1
 1c0049e:    f2 5a             	if (r2 != 0) goto -12 <fl_erase4k_ram+0x1DC : 1c00494 >
 1c004a0:    00 ef 80 5c       	[r5+0] |= 0x4000
 1c004a4:    c0 ef 08 50       	[r5+0] &= 0xFFFFFFF7
 1c004a8:    00 ef 08 50       	[r5+0] |= 0x8
 1c004ac:    c0 ef 80 5d       	[r5+0] &= 0xFFFFEFFF
 1c004b0:    b2 e1 20 04       	r2 = uextra(r0, p:8, l:8)
 1c004b4:    d2 62             	[r5+8] = r2
 1c004b6:    20 00             	csync
 1c004b8:    c2 ff 80 0f 05 fd 	r2 = 4244967296 <_data_load+0xFB04D4A0 : fd050f80 >
 1c004be:    54 60             	r4 = [r5+0] 
 1c004c0:    cc 17             	r4 = r4.l (s)
 1c004c2:    84 fd 02 00       	ifs (r4 < 0) goto 4 <fl_erase4k_ram+0x212 : 1c004ca >
 1c004c6:    c2 21             	r2 += 1
 1c004c8:    f2 5a             	if (r2 != 0) goto -12 <fl_erase4k_ram+0x206 : 1c004be >
 1c004ca:    00 ef 80 5c       	[r5+0] |= 0x4000
 1c004ce:    c0 ef 08 50       	[r5+0] &= 0xFFFFFFF7
 1c004d2:    00 ef 08 50       	[r5+0] |= 0x8
 1c004d6:    c0 ef 80 5d       	[r5+0] &= 0xFFFFEFFF
 1c004da:    02 17             	r2 = r0.b0 (u)
 1c004dc:    d2 62             	[r5+8] = r2
 1c004de:    20 00             	csync
 1c004e0:    c2 ff 80 0f 05 fd 	r2 = 4244967296 <_data_load+0xFB04D4A0 : fd050f80 >
 1c004e6:    54 60             	r4 = [r5+0] 
 1c004e8:    cc 17             	r4 = r4.l (s)
 1c004ea:    84 fd 02 00       	ifs (r4 < 0) goto 4 <fl_erase4k_ram+0x23A : 1c004f2 >
 1c004ee:    c2 21             	r2 += 1
 1c004f0:    f2 5a             	if (r2 != 0) goto -12 <fl_erase4k_ram+0x22E : 1c004e6 >
 1c004f2:    00 ef 80 5c       	[r5+0] |= 0x4000
 1c004f6:    c0 ef 08 50       	[r5+0] &= 0xFFFFFFF7
 1c004fa:    c2 ef 01 d0       	[r13+8] &= 0xFFFFFFFE
 1c004fe:    00 ef 01 d0       	[r13+0] |= 0x1
 1c00502:    42 2a             	r2 = 10
 1c00504:    82 25             	[sp+20] = r2
 1c00506:    02 25             	r2 = [sp+20]
 1c00508:    34 e1 ff 2f       	r4 = r2 + -1
 1c0050c:    84 25             	[sp+20] = r4
 1c0050e:    f2 5b             	if (r2 != 0) goto -10 <fl_erase4k_ram+0x24E : 1c00506 >
 1c00510:    c2 ff 00 c0 ff 01 	r2 = 33538048 <bootguard+0x37FFC0 : 1ffc000 >
 1c00516:    02 18             	r2 += r0
 1c00518:    64 60             	r4 = [r6+0] 
 1c0051a:    54 e8 fd 71       	if ((r4 & 16384) == 0) goto -6 <fl_erase4k_ram+0x260 : 1c00518 >
 1c0051e:    c4 ff 00 d0 ff 01 	r4 = 33542144 <bootguard+0x380FC0 : 1ffd000 >
 1c00524:    40 18             	r0 += r4
 1c00526:    72 e1 1f 20       	r2 = r2 & 0xFFFFFFE0
 1c0052a:    00 e9 09 20       	if (r2 >= r0) goto 18 <fl_erase4k_ram+0x288 : 1c00540 >
 1c0052e:    20 00             	csync
 1c00530:    32 02             	flushinv [r2]
 1c00532:    20 00             	csync
 1c00534:    64 60             	r4 = [r6+0] 
 1c00536:    54 e8 fd 71       	if ((r4 & 16384) == 0) goto -6 <fl_erase4k_ram+0x27C : 1c00534 >
 1c0053a:    ca 20             	r2 += 32
 1c0053c:    80 e9 f7 21       	if (r2 < r0) goto -18 <fl_erase4k_ram+0x276 : 1c0052e >
 1c00540:    2c e1 04 5c       	r12 = r5 + -5116
 1c00544:    d0 ec c0 20       	r2 = [r12+0]
 1c00548:    4f e0 0a 00       	r15 = 10 <firmware/src/diag.c+0xA : a >
 1c0054c:    c4 ff 80 0f 05 fd 	r4 = 4244967296 <_data_load+0xFB04D4A0 : fd050f80 >
 1c00552:    cb ff 18 1b b7 00 	r11 = 12000024 <firmware/src/diag.c+0xB71B18 : b71b18 >
 1c00558:    d0 ec c0 00       	r0 = [r12+0]
 1c0055c:    c2 ef 01 d0       	[r13+8] &= 0xFFFFFFFE
 1c00560:    c0 ef 01 d0       	[r13+0] &= 0xFFFFFFFE
 1c00564:    d4 e9 19 f0       	[sp+24] = r15
 1c00568:    07 26             	r7 = [sp+24]
 1c0056a:    33 e1 ff 7f       	r3 = r7 + -1
 1c0056e:    83 26             	[sp+24] = r3
 1c00570:    f7 5b             	if (r7 != 0) goto -10 <fl_erase4k_ram+0x2B0 : 1c00568 >
 1c00572:    00 ef 08 50       	[r5+0] |= 0x8
 1c00576:    c0 ef 80 5d       	[r5+0] &= 0xFFFFEFFF
 1c0057a:    42 ea 05 50       	[r5+8] = 0x5
 1c0057e:    20 00             	csync
 1c00580:    80 1e             	r0 = r0 - r2
 1c00582:    47 16             	r7 = r4
 1c00584:    53 60             	r3 = [r5+0] 
 1c00586:    bb 17             	r3 = r3.l (s)
 1c00588:    83 fd 02 00       	ifs (r3 < 0) goto 4 <fl_erase4k_ram+0x2D8 : 1c00590 >
 1c0058c:    c7 21             	r7 += 1
 1c0058e:    f7 5a             	if (r7 != 0) goto -12 <fl_erase4k_ram+0x2CC : 1c00584 >
 1c00590:    00 ef 80 5c       	[r5+0] |= 0x4000
 1c00594:    c0 ef 08 50       	[r5+0] &= 0xFFFFFFF7
 1c00598:    00 ef 08 50       	[r5+0] |= 0x8
 1c0059c:    00 ef 80 5d       	[r5+0] |= 0x1000
 1c005a0:    42 ea ff 50       	[r5+8] = 0xFF
 1c005a4:    20 00             	csync
 1c005a6:    47 16             	r7 = r4
 1c005a8:    53 60             	r3 = [r5+0] 
 1c005aa:    bb 17             	r3 = r3.l (s)
 1c005ac:    83 fd 02 00       	ifs (r3 < 0) goto 4 <fl_erase4k_ram+0x2FC : 1c005b4 >
 1c005b0:    c7 21             	r7 += 1
 1c005b2:    f7 5a             	if (r7 != 0) goto -12 <fl_erase4k_ram+0x2F0 : 1c005a8 >
 1c005b4:    00 ef 80 5c       	[r5+0] |= 0x4000
 1c005b8:    57 62             	r7 = [r5+8] 
 1c005ba:    c0 ef 08 50       	[r5+0] &= 0xFFFFFFF7
 1c005be:    c2 ef 01 d0       	[r13+8] &= 0xFFFFFFFE
 1c005c2:    00 ef 01 d0       	[r13+0] |= 0x1
 1c005c6:    d4 e9 1d f0       	[sp+28] = r15
 1c005ca:    03 27             	r3 = [sp+28]
 1c005cc:    36 e1 ff 3f       	r6 = r3 + -1
 1c005d0:    86 27             	[sp+28] = r6
 1c005d2:    f3 5b             	if (r3 != 0) goto -10 <fl_erase4k_ram+0x312 : 1c005ca >
 1c005d4:    57 e8 04 00       	if ((r7 & 1) == 0) goto 8 <fl_erase4k_ram+0x328 : 1c005e0 >
 1c005d8:    8b e9 be 01       	if (r0 < r11) goto -132 <fl_erase4k_ram+0x2A0 : 1c00558 >
 1c005dc:    12 3c             	r2 = -4
 1c005de:    04 81             	goto 2 <fl_erase4k_ram+0x32A : 1c005e2 >
 1c005e0:    42 20             	r2 = 0
 1c005e2:    43 38             	r3 = 24
 1c005e4:    f4 e1 00 03       	r0 = r0 / r3 (u)
 1c005e8:    90 60             	[r1+0] = r0
 1c005ea:    d0 ec 51 90       	[r5+0] = r9
 1c005ee:    00 ef 20 80       	[r8+0] |= 0x20
 1c005f2:    20 00             	csync
 1c005f4:    d0 ec e0 00       	r0 = [r14+0]
 1c005f8:    80 fd fc 01       	ifs (r0 < 0) goto -8 <fl_erase4k_ram+0x33C : 1c005f4 >
 1c005fc:    d0 ec e1 a0       	[r14+0] = r10
 1c00600:    20 00             	csync
 1c00602:    20 16             	r0 = r2
 1c00604:    02 88             	sp += 32
 1c00606:    5f 04             	{pc, r15-r4} = [sp++]


fl_prog_ram:
 1c00608:    7f 04             	[--sp] = {rets, r15-r4}
 1c0060a:    e2 98             	sp += -32
 1c0060c:    f4 e0 17 0a       	r4 = r0 - 0x97000
 1c00610:    28 ff 92 4a 04 00 	if (r4 > 299008) goto 8 <fl_prog_ram+0x16 : 1c0061e >
 1c00616:    a4 e0 60 0a       	r4 = 0xE0000 - r0
 1c0061a:    02 e9 0a 40       	if (r4 >= r2) goto 20 <fl_prog_ram+0x2A : 1c00632 >
 1c0061e:    f4 e0 7c 0a       	r4 = r0 - 0xFC000
 1c00622:    28 ff 40 4d 97 01 	if (r4 > 12288) goto 814 <fl_prog_ram+0x34E : 1c00956 >
 1c00628:    a4 e0 7f 0a       	r4 = 0xFF000 - r0
 1c0062c:    43 ff 00 42 92 01 	if (r4 < r2) goto 804 <fl_prog_ram+0x34E : 1c00956 >
 1c00632:    35 e1 ff 2f       	r5 = r2 + -1
 1c00636:    14 3f             	r4 = -1
 1c00638:    08 ff ff 50 ad 01 	if (r5 > 255) goto 858 <fl_prog_ram+0x390 : 1c00998 >
 1c0063e:    bc e1 20 00       	r12 = uextra(r0, p:0, l:8)
 1c00642:    b4 e0 c0 52       	r5 = r12 + r2
 1c00646:    08 ff 00 51 a6 01 	if (r5 > 256) goto 844 <fl_prog_ram+0x390 : 1c00998 >
 1c0064c:    cf ff 08 e0 ee 01 	r15 = 32432136 <bootguard+0x271FC8 : 1eee008 >
 1c00652:    d0 ec f0 40       	r4 = [r15+0]
 1c00656:    54 e8 fc 71       	if ((r4 & 16384) == 0) goto -8 <fl_prog_ram+0x4A : 1c00652 >
 1c0065a:    cd ff 00 02 04 00 	r13 = 262656 <firmware/src/diag.c+0x40200 : 40200 >
 1c00660:    d0 ec d0 a0       	r10 = [r13+0]
 1c00664:    60 e0 8e 7b       	r7 = 0x11C00
 1c00668:    d0 ec 70 80       	r8 = [r7+0]
 1c0066c:    c0 e1 a8 48       	r4 = r10 >> 8
 1c00670:    64 e1 0e 40       	r4 = r4 & 0xE
 1c00674:    45 e1 01 40       	r5 = r4 | 0x1
 1c00678:    14 3e             	r4 = -2
 1c0067a:    00 ff 07 50 8c 01 	if (r5 == 7) goto 792 <fl_prog_ram+0x390 : 1c00998 >
 1c00680:    20 00             	csync
 1c00682:    d0 ec d0 40       	r4 = [r13+0]
 1c00686:    84 fd fc 01       	ifs (r4 < 0) goto -8 <fl_prog_ram+0x7A : 1c00682 >
 1c0068a:    44 20             	r4 = 0
 1c0068c:    d0 ec d1 40       	[r13+0] = r4
 1c00690:    c9 ff 1c 10 05 00 	r9 = 331804 <firmware/src/diag.c+0x5101C : 5101c >
 1c00696:    c0 ef 20 90       	[r9+0] &= 0xFFFFFFDF
 1c0069a:    44 f0 29 10       	r4 = 4137  # <firmware/src/diag.c+0x1028 : 1028 >
 1c0069e:    f4 60             		 [r7+0] = r4
 1c006a0:    f4 60             	[r7+0] = r4
 1c006a2:    20 00             	csync
 1c006a4:    3b e1 a4 90       	r11 = r9 + -3932
 1c006a8:    c2 ef 01 b0       	[r11+8] &= 0xFFFFFFFE
 1c006ac:    c0 ef 01 b0       	[r11+0] &= 0xFFFFFFFE
 1c006b0:    44 2a             	r4 = 10
 1c006b2:    84 20             	[sp] = r4
 1c006b4:    04 20             	r4 = [sp]
 1c006b6:    35 e1 ff 4f       	r5 = r4 + -1
 1c006ba:    85 20             	[sp] = r5
 1c006bc:    f4 5b             	if (r4 != 0) goto -10 <fl_prog_ram+0xAC : 1c006b4 >
 1c006be:    00 ef 08 70       	[r7+0] |= 0x8
 1c006c2:    c0 ef 80 7d       	[r7+0] &= 0xFFFFEFFF
 1c006c6:    42 ea 06 70       	[r7+8] = 0x6
 1c006ca:    20 00             	csync
 1c006cc:    c4 ff 80 0f 05 fd 	r4 = 4244967296 <_data_load+0xFB04D4A0 : fd050f80 >
 1c006d2:    75 60             	r5 = [r7+0] 
 1c006d4:    dd 17             	r5 = r5.l (s)
 1c006d6:    85 fd 02 00       	ifs (r5 < 0) goto 4 <fl_prog_ram+0xD6 : 1c006de >
 1c006da:    c4 21             	r4 += 1
 1c006dc:    f4 5a             	if (r4 != 0) goto -12 <fl_prog_ram+0xCA : 1c006d2 >
 1c006de:    00 ef 80 7c       	[r7+0] |= 0x4000
 1c006e2:    c0 ef 08 70       	[r7+0] &= 0xFFFFFFF7
 1c006e6:    c2 ef 01 b0       	[r11+8] &= 0xFFFFFFFE
 1c006ea:    00 ef 01 b0       	[r11+0] |= 0x1
 1c006ee:    44 2a             	r4 = 10
 1c006f0:    84 21             	[sp+4] = r4
 1c006f2:    04 21             	r4 = [sp+4]
 1c006f4:    35 e1 ff 4f       	r5 = r4 + -1
 1c006f8:    85 21             	[sp+4] = r5
 1c006fa:    f4 5b             	if (r4 != 0) goto -10 <fl_prog_ram+0xEA : 1c006f2 >
 1c006fc:    c2 ef 01 b0       	[r11+8] &= 0xFFFFFFFE
 1c00700:    c0 ef 01 b0       	[r11+0] &= 0xFFFFFFFE
 1c00704:    44 2a             	r4 = 10
 1c00706:    84 22             	[sp+8] = r4
 1c00708:    04 22             	r4 = [sp+8]
 1c0070a:    35 e1 ff 4f       	r5 = r4 + -1
 1c0070e:    85 22             	[sp+8] = r5
 1c00710:    f4 5b             	if (r4 != 0) goto -10 <fl_prog_ram+0x100 : 1c00708 >
 1c00712:    00 ef 08 70       	[r7+0] |= 0x8
 1c00716:    c0 ef 80 7d       	[r7+0] &= 0xFFFFEFFF
 1c0071a:    42 ea 05 70       	[r7+8] = 0x5
 1c0071e:    20 00             	csync
 1c00720:    c4 ff 80 0f 05 fd 	r4 = 4244967296 <_data_load+0xFB04D4A0 : fd050f80 >
 1c00726:    75 60             	r5 = [r7+0] 
 1c00728:    dd 17             	r5 = r5.l (s)
 1c0072a:    85 fd 02 00       	ifs (r5 < 0) goto 4 <fl_prog_ram+0x12A : 1c00732 >
 1c0072e:    c4 21             	r4 += 1
 1c00730:    f4 5a             	if (r4 != 0) goto -12 <fl_prog_ram+0x11E : 1c00726 >
 1c00732:    00 ef 80 7c       	[r7+0] |= 0x4000
 1c00736:    c0 ef 08 70       	[r7+0] &= 0xFFFFFFF7
 1c0073a:    00 ef 08 70       	[r7+0] |= 0x8
 1c0073e:    00 ef 80 7d       	[r7+0] |= 0x1000
 1c00742:    42 ea ff 70       	[r7+8] = 0xFF
 1c00746:    20 00             	csync
 1c00748:    c4 ff 80 0f 05 fd 	r4 = 4244967296 <_data_load+0xFB04D4A0 : fd050f80 >
 1c0074e:    75 60             	r5 = [r7+0] 
 1c00750:    dd 17             	r5 = r5.l (s)
 1c00752:    85 fd 02 00       	ifs (r5 < 0) goto 4 <fl_prog_ram+0x152 : 1c0075a >
 1c00756:    c4 21             	r4 += 1
 1c00758:    f4 5a             	if (r4 != 0) goto -12 <fl_prog_ram+0x146 : 1c0074e >
 1c0075a:    00 ef 80 7c       	[r7+0] |= 0x4000
 1c0075e:    d0 ec 78 e0       	r14 = [r7+8]
 1c00762:    c0 ef 08 70       	[r7+0] &= 0xFFFFFFF7
 1c00766:    c2 ef 01 b0       	[r11+8] &= 0xFFFFFFFE
 1c0076a:    00 ef 01 b0       	[r11+0] |= 0x1
 1c0076e:    44 2a             	r4 = 10
 1c00770:    84 23             	[sp+12] = r4
 1c00772:    04 23             	r4 = [sp+12]
 1c00774:    35 e1 ff 4f       	r5 = r4 + -1
 1c00778:    85 23             	[sp+12] = r5
 1c0077a:    f4 5b             	if (r4 != 0) goto -10 <fl_prog_ram+0x16A : 1c00772 >
 1c0077c:    14 3d             	r4 = -3
 1c0077e:    5e e8 ff 08       	if ((r14 & 2) == 0) goto 510 <fl_prog_ram+0x378 : 1c00980 >
 1c00782:    c2 ef 01 b0       	[r11+8] &= 0xFFFFFFFE
 1c00786:    c0 ef 01 b0       	[r11+0] &= 0xFFFFFFFE
 1c0078a:    44 2a             	r4 = 10
 1c0078c:    84 24             	[sp+16] = r4
 1c0078e:    04 24             	r4 = [sp+16]
 1c00790:    35 e1 ff 4f       	r5 = r4 + -1
 1c00794:    85 24             	[sp+16] = r5
 1c00796:    f4 5b             	if (r4 != 0) goto -10 <fl_prog_ram+0x186 : 1c0078e >
 1c00798:    00 ef 08 70       	[r7+0] |= 0x8
 1c0079c:    c0 ef 80 7d       	[r7+0] &= 0xFFFFEFFF
 1c007a0:    42 ea 02 70       	[r7+8] = 0x2
 1c007a4:    20 00             	csync
 1c007a6:    c4 ff 80 0f 05 fd 	r4 = 4244967296 <_data_load+0xFB04D4A0 : fd050f80 >
 1c007ac:    75 60             	r5 = [r7+0] 
 1c007ae:    dd 17             	r5 = r5.l (s)
 1c007b0:    85 fd 02 00       	ifs (r5 < 0) goto 4 <fl_prog_ram+0x1B0 : 1c007b8 >
 1c007b4:    c4 21             	r4 += 1
 1c007b6:    f4 5a             	if (r4 != 0) goto -12 <fl_prog_ram+0x1A4 : 1c007ac >
 1c007b8:    00 ef 80 7c       	[r7+0] |= 0x4000
 1c007bc:    c0 ef 08 70       	[r7+0] &= 0xFFFFFFF7
 1c007c0:    00 ef 08 70       	[r7+0] |= 0x8
 1c007c4:    c0 ef 80 7d       	[r7+0] &= 0xFFFFEFFF
 1c007c8:    b4 e1 20 08       	r4 = uextra(r0, p:16, l:8)
 1c007cc:    f4 62             	[r7+8] = r4
 1c007ce:    20 00             	csync
 1c007d0:    c4 ff 80 0f 05 fd 	r4 = 4244967296 <_data_load+0xFB04D4A0 : fd050f80 >
 1c007d6:    75 60             	r5 = [r7+0] 
 1c007d8:    dd 17             	r5 = r5.l (s)
 1c007da:    85 fd 02 00       	ifs (r5 < 0) goto 4 <fl_prog_ram+0x1DA : 1c007e2 >
 1c007de:    c4 21             	r4 += 1
 1c007e0:    f4 5a             	if (r4 != 0) goto -12 <fl_prog_ram+0x1CE : 1c007d6 >
 1c007e2:    00 ef 80 7c       	[r7+0] |= 0x4000
 1c007e6:    c0 ef 08 70       	[r7+0] &= 0xFFFFFFF7
 1c007ea:    00 ef 08 70       	[r7+0] |= 0x8
 1c007ee:    c0 ef 80 7d       	[r7+0] &= 0xFFFFEFFF
 1c007f2:    b4 e1 20 04       	r4 = uextra(r0, p:8, l:8)
 1c007f6:    f4 62             	[r7+8] = r4
 1c007f8:    20 00             	csync
 1c007fa:    c4 ff 80 0f 05 fd 	r4 = 4244967296 <_data_load+0xFB04D4A0 : fd050f80 >
 1c00800:    75 60             	r5 = [r7+0] 
 1c00802:    dd 17             	r5 = r5.l (s)
 1c00804:    85 fd 02 00       	ifs (r5 < 0) goto 4 <fl_prog_ram+0x204 : 1c0080c >
 1c00808:    c4 21             	r4 += 1
 1c0080a:    f4 5a             	if (r4 != 0) goto -12 <fl_prog_ram+0x1F8 : 1c00800 >
 1c0080c:    00 ef 80 7c       	[r7+0] |= 0x4000
 1c00810:    c0 ef 08 70       	[r7+0] &= 0xFFFFFFF7
 1c00814:    00 ef 08 70       	[r7+0] |= 0x8
 1c00818:    c0 ef 80 7d       	[r7+0] &= 0xFFFFEFFF
 1c0081c:    d0 ec 79 c0       	[r7+8] = r12
 1c00820:    20 00             	csync
 1c00822:    c4 ff 80 0f 05 fd 	r4 = 4244967296 <_data_load+0xFB04D4A0 : fd050f80 >
 1c00828:    75 60             	r5 = [r7+0] 
 1c0082a:    dd 17             	r5 = r5.l (s)
 1c0082c:    85 fd 02 00       	ifs (r5 < 0) goto 4 <fl_prog_ram+0x22C : 1c00834 >
 1c00830:    c4 21             	r4 += 1
 1c00832:    f4 5a             	if (r4 != 0) goto -12 <fl_prog_ram+0x220 : 1c00828 >
 1c00834:    00 ef 80 7c       	[r7+0] |= 0x4000
 1c00838:    c0 ef 08 70       	[r7+0] &= 0xFFFFFFF7
 1c0083c:    02 5a             	if (r2 == 0) goto 52 <fl_prog_ram+0x26A : 1c00872 >
 1c0083e:    44 20             	r4 = 0
 1c00840:    cc ff 80 0f 05 fd 	r12 = 4244967296 <_data_load+0xFB04D4A0 : fd050f80 >
 1c00846:    d8 ee 10 54       	r5 = b[r1+r4] (u)
 1c0084a:    00 ef 08 70       	[r7+0] |= 0x8
 1c0084e:    c0 ef 80 7d       	[r7+0] &= 0xFFFFEFFF
 1c00852:    f5 62             	[r7+8] = r5
 1c00854:    20 00             	csync
 1c00856:    c5 16             	r5 = r12
 1c00858:    76 60             	r6 = [r7+0] 
 1c0085a:    ee 17             	r6 = r6.l (s)
 1c0085c:    86 fd 02 00       	ifs (r6 < 0) goto 4 <fl_prog_ram+0x25C : 1c00864 >
 1c00860:    c5 21             	r5 += 1
 1c00862:    f5 5a             	if (r5 != 0) goto -12 <fl_prog_ram+0x250 : 1c00858 >
 1c00864:    00 ef 80 7c       	[r7+0] |= 0x4000
 1c00868:    c0 ef 08 70       	[r7+0] &= 0xFFFFFFF7
 1c0086c:    c4 21             	r4 += 1
 1c0086e:    82 e8 ea 41       	if (r4 != r2) goto -44 <fl_prog_ram+0x23E : 1c00846 >
 1c00872:    c2 ef 01 b0       	[r11+8] &= 0xFFFFFFFE
 1c00876:    00 ef 01 b0       	[r11+0] |= 0x1
 1c0087a:    41 2a             	r1 = 10
 1c0087c:    81 25             	[sp+20] = r1
 1c0087e:    01 25             	r1 = [sp+20]
 1c00880:    34 e1 ff 1f       	r4 = r1 + -1
 1c00884:    84 25             	[sp+20] = r4
 1c00886:    f1 5b             	if (r1 != 0) goto -10 <fl_prog_ram+0x276 : 1c0087e >
 1c00888:    c1 ff 00 c0 ff 01 	r1 = 33538048 <bootguard+0x37FFC0 : 1ffc000 >
 1c0088e:    01 18             	r1 += r0
 1c00890:    d0 ec f0 00       	r0 = [r15+0]
 1c00894:    50 e8 fc 71       	if ((r0 & 16384) == 0) goto -8 <fl_prog_ram+0x288 : 1c00890 >
 1c00898:    90 1c             	r0 = r1 + r2
 1c0089a:    71 e1 1f 10       	r1 = r1 & 0xFFFFFFE0
 1c0089e:    00 e9 0a 10       	if (r1 >= r0) goto 20 <fl_prog_ram+0x2AE : 1c008b6 >
 1c008a2:    20 00             	csync
 1c008a4:    31 02             	flushinv [r1]
 1c008a6:    20 00             	csync
 1c008a8:    d0 ec f0 20       	r2 = [r15+0]
 1c008ac:    52 e8 fc 71       	if ((r2 & 16384) == 0) goto -8 <fl_prog_ram+0x2A0 : 1c008a8 >
 1c008b0:    c9 20             	r1 += 32
 1c008b2:    80 e9 f6 11       	if (r1 < r0) goto -20 <fl_prog_ram+0x29A : 1c008a2 >
 1c008b6:    2e e1 04 7c       	r14 = r7 + -5116
 1c008ba:    d0 ec e0 10       	r1 = [r14+0]
 1c008be:    4f e0 0a 00       	r15 = 10 <firmware/src/diag.c+0xA : a >
 1c008c2:    c4 ff 80 0f 05 fd 	r4 = 4244967296 <_data_load+0xFB04D4A0 : fd050f80 >
 1c008c8:    cc ff 98 a9 03 00 	r12 = 240024 <firmware/src/diag.c+0x3A998 : 3a998 >
 1c008ce:    d0 ec e0 50       	r5 = [r14+0]
 1c008d2:    c2 ef 01 b0       	[r11+8] &= 0xFFFFFFFE
 1c008d6:    c0 ef 01 b0       	[r11+0] &= 0xFFFFFFFE
 1c008da:    d4 e9 19 f0       	[sp+24] = r15
 1c008de:    06 26             	r6 = [sp+24]
 1c008e0:    30 e1 ff 6f       	r0 = r6 + -1
 1c008e4:    80 26             	[sp+24] = r0
 1c008e6:    f6 5b             	if (r6 != 0) goto -10 <fl_prog_ram+0x2D6 : 1c008de >
 1c008e8:    00 ef 08 70       	[r7+0] |= 0x8
 1c008ec:    c0 ef 80 7d       	[r7+0] &= 0xFFFFEFFF
 1c008f0:    42 ea 05 70       	[r7+8] = 0x5
 1c008f4:    20 00             	csync
 1c008f6:    5e 1e             	r6 = r5 - r1
 1c008f8:    45 16             	r5 = r4
 1c008fa:    70 60             	r0 = [r7+0] 
 1c008fc:    88 17             	r0 = r0.l (s)
 1c008fe:    80 fd 02 00       	ifs (r0 < 0) goto 4 <fl_prog_ram+0x2FE : 1c00906 >
 1c00902:    c5 21             	r5 += 1
 1c00904:    f5 5a             	if (r5 != 0) goto -12 <fl_prog_ram+0x2F2 : 1c008fa >
 1c00906:    00 ef 80 7c       	[r7+0] |= 0x4000
 1c0090a:    c0 ef 08 70       	[r7+0] &= 0xFFFFFFF7
 1c0090e:    00 ef 08 70       	[r7+0] |= 0x8
 1c00912:    00 ef 80 7d       	[r7+0] |= 0x1000
 1c00916:    42 ea ff 70       	[r7+8] = 0xFF
 1c0091a:    20 00             	csync
 1c0091c:    45 16             	r5 = r4
 1c0091e:    70 60             	r0 = [r7+0] 
 1c00920:    88 17             	r0 = r0.l (s)
 1c00922:    80 fd 02 00       	ifs (r0 < 0) goto 4 <fl_prog_ram+0x322 : 1c0092a >
 1c00926:    c5 21             	r5 += 1
 1c00928:    f5 5a             	if (r5 != 0) goto -12 <fl_prog_ram+0x316 : 1c0091e >
 1c0092a:    00 ef 80 7c       	[r7+0] |= 0x4000
 1c0092e:    75 62             	r5 = [r7+8] 
 1c00930:    c0 ef 08 70       	[r7+0] &= 0xFFFFFFF7
 1c00934:    c2 ef 01 b0       	[r11+8] &= 0xFFFFFFFE
 1c00938:    00 ef 01 b0       	[r11+0] |= 0x1
 1c0093c:    d4 e9 1d f0       	[sp+28] = r15
 1c00940:    00 27             	r0 = [sp+28]
 1c00942:    32 e1 ff 0f       	r2 = r0 + -1
 1c00946:    82 27             	[sp+28] = r2
 1c00948:    f0 5b             	if (r0 != 0) goto -10 <fl_prog_ram+0x338 : 1c00940 >
 1c0094a:    55 e8 14 00       	if ((r5 & 1) == 0) goto 40 <fl_prog_ram+0x36E : 1c00976 >
 1c0094e:    8c e9 be 61       	if (r6 < r12) goto -132 <fl_prog_ram+0x2C6 : 1c008ce >
 1c00952:    14 3c             	r4 = -4
 1c00954:    04 91             	goto 34 <fl_prog_ram+0x370 : 1c00978 >
 1c00956:    f5 e0 60 0a       	r5 = r0 - 0xE0000
 1c0095a:    14 3f             	r4 = -1
 1c0095c:    28 ff a0 5c 1b 00 	if (r5 > 20480) goto 54 <fl_prog_ram+0x390 : 1c00998 >
 1c00962:    22 fc 19 00       	if (r2 > 256) goto 50 <fl_prog_ram+0x390 : 1c00998 >
 1c00966:    a5 e0 65 0a       	r5 = 0xE5000 - r0
 1c0096a:    36 e1 ff 2f       	r6 = r2 + -1
 1c0096e:    43 ff 00 65 65 fe 	if (r6 < r5) goto -822 <fl_prog_ram+0x36 : 1c0063e >
 1c00974:    04 91             	goto 34 <fl_prog_ram+0x390 : 1c00998 >
 1c00976:    44 20             	r4 = 0
 1c00978:    40 38             	r0 = 24
 1c0097a:    f4 e1 60 00       	r0 = r6 / r0 (u)
 1c0097e:    b0 60             	[r3+0] = r0
 1c00980:    d0 ec 71 80       	[r7+0] = r8
 1c00984:    00 ef 20 90       	[r9+0] |= 0x20
 1c00988:    20 00             	csync
 1c0098a:    d0 ec d0 00       	r0 = [r13+0]
 1c0098e:    80 fd fc 01       	ifs (r0 < 0) goto -8 <fl_prog_ram+0x382 : 1c0098a >
 1c00992:    d0 ec d1 a0       	[r13+0] = r10
 1c00996:    20 00             	csync
 1c00998:    40 16             	r0 = r4
 1c0099a:    02 88             	sp += 32
 1c0099c:    5f 04             	{pc, r15-r4} = [sp++]


fl_read_ram:
 1c0099e:    7b 04             	[--sp] = {rets, r11-r4}
 1c009a0:    e2 9e             	sp += -8
 1c009a2:    c3 ff 08 e0 ee 01 	r3 = 32432136 <bootguard+0x271FC8 : 1eee008 >
 1c009a8:    34 60             	r4 = [r3+0] 
 1c009aa:    54 e8 fd 71       	if ((r4 & 16384) == 0) goto -6 <fl_read_ram+0xA : 1c009a8 >
 1c009ae:    c4 ff 00 02 04 00 	r4 = 262656 <firmware/src/diag.c+0x40200 : 40200 >
 1c009b4:    d0 ec 40 b0       	r11 = [r4+0]
 1c009b8:    60 e0 8e 6b       	r6 = 0x11C00
 1c009bc:    d0 ec 60 a0       	r10 = [r6+0]
 1c009c0:    c0 e1 b8 38       	r3 = r11 >> 8
 1c009c4:    63 e1 0e 30       	r3 = r3 & 0xE
 1c009c8:    47 e1 01 30       	r7 = r3 | 0x1
 1c009cc:    13 3e             	r3 = -2
 1c009ce:    07 f8 b7 0e       	if (r7 == 7) goto 366 <fl_read_ram+0x1A2 : 1c00b40 >
 1c009d2:    20 00             	csync
 1c009d4:    43 60             	r3 = [r4+0] 
 1c009d6:    83 fd fd 01       	ifs (r3 < 0) goto -6 <fl_read_ram+0x36 : 1c009d4 >
 1c009da:    43 20             	r3 = 0
 1c009dc:    c3 60             	[r4+0] = r3
 1c009de:    c8 ff 1c 10 05 00 	r8 = 331804 <firmware/src/diag.c+0x5101C : 5101c >
 1c009e4:    c0 ef 20 80       	[r8+0] &= 0xFFFFFFDF
 1c009e8:    43 f0 29 10       	r3 = 4137  # <firmware/src/diag.c+0x1028 : 1028 >
 1c009ec:    e3 60             		 [r6+0] = r3
 1c009ee:    e3 60             	[r6+0] = r3
 1c009f0:    20 00             	csync
 1c009f2:    39 e1 a4 80       	r9 = r8 + -3932
 1c009f6:    c2 ef 01 90       	[r9+8] &= 0xFFFFFFFE
 1c009fa:    c0 ef 01 90       	[r9+0] &= 0xFFFFFFFE
 1c009fe:    43 2a             	r3 = 10
 1c00a00:    83 20             	[sp] = r3
 1c00a02:    03 20             	r3 = [sp]
 1c00a04:    37 e1 ff 3f       	r7 = r3 + -1
 1c00a08:    87 20             	[sp] = r7
 1c00a0a:    f3 5b             	if (r3 != 0) goto -10 <fl_read_ram+0x64 : 1c00a02 >
 1c00a0c:    00 ef 08 60       	[r6+0] |= 0x8
 1c00a10:    c0 ef 80 6d       	[r6+0] &= 0xFFFFEFFF
 1c00a14:    42 ea 0b 60       	[r6+8] = 0xB
 1c00a18:    20 00             	csync
 1c00a1a:    c3 ff 80 0f 05 fd 	r3 = 4244967296 <_data_load+0xFB04D4A0 : fd050f80 >
 1c00a20:    67 60             	r7 = [r6+0] 
 1c00a22:    ff 17             	r7 = r7.l (s)
 1c00a24:    87 fd 02 00       	ifs (r7 < 0) goto 4 <fl_read_ram+0x8E : 1c00a2c >
 1c00a28:    c3 21             	r3 += 1
 1c00a2a:    f3 5a             	if (r3 != 0) goto -12 <fl_read_ram+0x82 : 1c00a20 >
 1c00a2c:    00 ef 80 6c       	[r6+0] |= 0x4000
 1c00a30:    c0 ef 08 60       	[r6+0] &= 0xFFFFFFF7
 1c00a34:    00 ef 08 60       	[r6+0] |= 0x8
 1c00a38:    c0 ef 80 6d       	[r6+0] &= 0xFFFFEFFF
 1c00a3c:    b3 e1 20 08       	r3 = uextra(r0, p:16, l:8)
 1c00a40:    e3 62             	[r6+8] = r3
 1c00a42:    20 00             	csync
 1c00a44:    c3 ff 80 0f 05 fd 	r3 = 4244967296 <_data_load+0xFB04D4A0 : fd050f80 >
 1c00a4a:    67 60             	r7 = [r6+0] 
 1c00a4c:    ff 17             	r7 = r7.l (s)
 1c00a4e:    87 fd 02 00       	ifs (r7 < 0) goto 4 <fl_read_ram+0xB8 : 1c00a56 >
 1c00a52:    c3 21             	r3 += 1
 1c00a54:    f3 5a             	if (r3 != 0) goto -12 <fl_read_ram+0xAC : 1c00a4a >
 1c00a56:    00 ef 80 6c       	[r6+0] |= 0x4000
 1c00a5a:    c0 ef 08 60       	[r6+0] &= 0xFFFFFFF7
 1c00a5e:    00 ef 08 60       	[r6+0] |= 0x8
 1c00a62:    c0 ef 80 6d       	[r6+0] &= 0xFFFFEFFF
 1c00a66:    b3 e1 20 04       	r3 = uextra(r0, p:8, l:8)
 1c00a6a:    e3 62             	[r6+8] = r3
 1c00a6c:    20 00             	csync
 1c00a6e:    c3 ff 80 0f 05 fd 	r3 = 4244967296 <_data_load+0xFB04D4A0 : fd050f80 >
 1c00a74:    67 60             	r7 = [r6+0] 
 1c00a76:    ff 17             	r7 = r7.l (s)
 1c00a78:    87 fd 02 00       	ifs (r7 < 0) goto 4 <fl_read_ram+0xE2 : 1c00a80 >
 1c00a7c:    c3 21             	r3 += 1
 1c00a7e:    f3 5a             	if (r3 != 0) goto -12 <fl_read_ram+0xD6 : 1c00a74 >
 1c00a80:    00 ef 80 6c       	[r6+0] |= 0x4000
 1c00a84:    c0 ef 08 60       	[r6+0] &= 0xFFFFFFF7
 1c00a88:    00 ef 08 60       	[r6+0] |= 0x8
 1c00a8c:    c0 ef 80 6d       	[r6+0] &= 0xFFFFEFFF
 1c00a90:    00 17             	r0 = r0.b0 (u)
 1c00a92:    e0 62             	[r6+8] = r0
 1c00a94:    20 00             	csync
 1c00a96:    c0 ff 80 0f 05 fd 	r0 = 4244967296 <_data_load+0xFB04D4A0 : fd050f80 >
 1c00a9c:    63 60             	r3 = [r6+0] 
 1c00a9e:    bb 17             	r3 = r3.l (s)
 1c00aa0:    83 fd 02 00       	ifs (r3 < 0) goto 4 <fl_read_ram+0x10A : 1c00aa8 >
 1c00aa4:    c0 21             	r0 += 1
 1c00aa6:    f0 5a             	if (r0 != 0) goto -12 <fl_read_ram+0xFE : 1c00a9c >
 1c00aa8:    00 ef 80 6c       	[r6+0] |= 0x4000
 1c00aac:    c0 ef 08 60       	[r6+0] &= 0xFFFFFFF7
 1c00ab0:    00 ef 08 60       	[r6+0] |= 0x8
 1c00ab4:    c0 ef 80 6d       	[r6+0] &= 0xFFFFEFFF
 1c00ab8:    42 ea ff 60       	[r6+8] = 0xFF
 1c00abc:    20 00             	csync
 1c00abe:    c0 ff 80 0f 05 fd 	r0 = 4244967296 <_data_load+0xFB04D4A0 : fd050f80 >
 1c00ac4:    63 60             	r3 = [r6+0] 
 1c00ac6:    bb 17             	r3 = r3.l (s)
 1c00ac8:    83 fd 02 00       	ifs (r3 < 0) goto 4 <fl_read_ram+0x132 : 1c00ad0 >
 1c00acc:    c0 21             	r0 += 1
 1c00ace:    f0 5a             	if (r0 != 0) goto -12 <fl_read_ram+0x126 : 1c00ac4 >
 1c00ad0:    00 ef 80 6c       	[r6+0] |= 0x4000
 1c00ad4:    c0 ef 08 60       	[r6+0] &= 0xFFFFFFF7
 1c00ad8:    02 5c             	if (r2 == 0) goto 56 <fl_read_ram+0x174 : 1c00b12 >
 1c00ada:    40 20             	r0 = 0
 1c00adc:    c7 ff 80 0f 05 fd 	r7 = 4244967296 <_data_load+0xFB04D4A0 : fd050f80 >
 1c00ae2:    00 ef 08 60       	[r6+0] |= 0x8
 1c00ae6:    00 ef 80 6d       	[r6+0] |= 0x1000
 1c00aea:    42 ea ff 60       	[r6+8] = 0xFF
 1c00aee:    20 00             	csync
 1c00af0:    73 16             	r3 = r7
 1c00af2:    65 60             	r5 = [r6+0] 
 1c00af4:    dd 17             	r5 = r5.l (s)
 1c00af6:    85 fd 02 00       	ifs (r5 < 0) goto 4 <fl_read_ram+0x160 : 1c00afe >
 1c00afa:    c3 21             	r3 += 1
 1c00afc:    f3 5a             	if (r3 != 0) goto -12 <fl_read_ram+0x154 : 1c00af2 >
 1c00afe:    00 ef 80 6c       	[r6+0] |= 0x4000
 1c00b02:    63 62             	r3 = [r6+8] 
 1c00b04:    c0 ef 08 60       	[r6+0] &= 0xFFFFFFF7
 1c00b08:    d8 ee 11 30       	b[r1+r0] = r3
 1c00b0c:    c0 21             	r0 += 1
 1c00b0e:    82 e8 e8 01       	if (r0 != r2) goto -48 <fl_read_ram+0x144 : 1c00ae2 >
 1c00b12:    c2 ef 01 90       	[r9+8] &= 0xFFFFFFFE
 1c00b16:    00 ef 01 90       	[r9+0] |= 0x1
 1c00b1a:    40 2a             	r0 = 10
 1c00b1c:    80 21             	[sp+4] = r0
 1c00b1e:    00 21             	r0 = [sp+4]
 1c00b20:    31 e1 ff 0f       	r1 = r0 + -1
 1c00b24:    81 21             	[sp+4] = r1
 1c00b26:    f0 5b             	if (r0 != 0) goto -10 <fl_read_ram+0x180 : 1c00b1e >
 1c00b28:    d0 ec 61 a0       	[r6+0] = r10
 1c00b2c:    00 ef 20 80       	[r8+0] |= 0x20
 1c00b30:    20 00             	csync
 1c00b32:    40 60             	r0 = [r4+0] 
 1c00b34:    80 fd fd 01       	ifs (r0 < 0) goto -6 <fl_read_ram+0x194 : 1c00b32 >
 1c00b38:    d0 ec 41 b0       	[r4+0] = r11
 1c00b3c:    20 00             	csync
 1c00b3e:    43 20             	r3 = 0
 1c00b40:    30 16             	r0 = r3
 1c00b42:    02 82             	sp += 8
 1c00b44:    5b 04             	{pc, r11-r4} = [sp++]
 1c00b46:    00 00             	nop

