
build/display/firmware.elf:	file format ELF32-pi32v2

Disassembly of section .text:
_start:
 2000120:    04 81             	goto 2 <_start+0x4 : 2000124 >
 2000122:    80 00             	rts
 2000124:    64 e0 00 1b       	r1 = icfg
 2000128:    64 e0 00 25       	r2 = psr
 200012c:    60 00             	cli
 200012e:    c3 ff 00 7f c0 01 	r3 = 29392640 <_rt_end+0x73B8 : 1c07f00 >
 2000134:    b1 68             	[r3+32] = r1
 2000136:    b2 69             	[r3+36] = r2
 2000138:    b0 6a             	[r3+40] = r0
 200013a:    64 e0 00 1e       	r1 = sp
 200013e:    b1 6b             	[r3+44] = r1
 2000140:    64 e0 00 1d       	r1 = ssp
 2000144:    b1 6c             	[r3+48] = r1
 2000146:    ee ff 00 a0 c7 01 	sp = 29859840
 200014c:    ed ff 00 c0 c7 01 	ssp = 29868032
 2000152:    80 ea 1b 0e       	call 7222 <fm1_cstart : 2001d8c >
 2000156:    f7 9f             	goto -2 <_start+0x36 : 2000156 >


fm1_fatal_stubs:
 2000158:    c8 04             	[--sp] = {rets}
 200015a:    80 ea 7d 01       	call 762 <fm1_fatal_common : 2000458 >
 200015e:    c8 04             	[--sp] = {rets}
 2000160:    80 ea 7a 01       	call 756 <fm1_fatal_common : 2000458 >
 2000164:    c8 04             	[--sp] = {rets}
 2000166:    80 ea 77 01       	call 750 <fm1_fatal_common : 2000458 >
 200016a:    c8 04             	[--sp] = {rets}
 200016c:    80 ea 74 01       	call 744 <fm1_fatal_common : 2000458 >
 2000170:    c8 04             	[--sp] = {rets}
 2000172:    80 ea 71 01       	call 738 <fm1_fatal_common : 2000458 >
 2000176:    c8 04             	[--sp] = {rets}
 2000178:    80 ea 6e 01       	call 732 <fm1_fatal_common : 2000458 >
 200017c:    c8 04             	[--sp] = {rets}
 200017e:    80 ea 6b 01       	call 726 <fm1_fatal_common : 2000458 >
 2000182:    c8 04             	[--sp] = {rets}
 2000184:    80 ea 68 01       	call 720 <fm1_fatal_common : 2000458 >
 2000188:    c8 04             	[--sp] = {rets}
 200018a:    80 ea 65 01       	call 714 <fm1_fatal_common : 2000458 >
 200018e:    c8 04             	[--sp] = {rets}
 2000190:    80 ea 62 01       	call 708 <fm1_fatal_common : 2000458 >
 2000194:    c8 04             	[--sp] = {rets}
 2000196:    80 ea 5f 01       	call 702 <fm1_fatal_common : 2000458 >
 200019a:    c8 04             	[--sp] = {rets}
 200019c:    80 ea 5c 01       	call 696 <fm1_fatal_common : 2000458 >
 20001a0:    c8 04             	[--sp] = {rets}
 20001a2:    80 ea 59 01       	call 690 <fm1_fatal_common : 2000458 >
 20001a6:    c8 04             	[--sp] = {rets}
 20001a8:    80 ea 56 01       	call 684 <fm1_fatal_common : 2000458 >
 20001ac:    c8 04             	[--sp] = {rets}
 20001ae:    80 ea 53 01       	call 678 <fm1_fatal_common : 2000458 >
 20001b2:    c8 04             	[--sp] = {rets}
 20001b4:    80 ea 50 01       	call 672 <fm1_fatal_common : 2000458 >
 20001b8:    c8 04             	[--sp] = {rets}
 20001ba:    80 ea 4d 01       	call 666 <fm1_fatal_common : 2000458 >
 20001be:    c8 04             	[--sp] = {rets}
 20001c0:    80 ea 4a 01       	call 660 <fm1_fatal_common : 2000458 >
 20001c4:    c8 04             	[--sp] = {rets}
 20001c6:    80 ea 47 01       	call 654 <fm1_fatal_common : 2000458 >
 20001ca:    c8 04             	[--sp] = {rets}
 20001cc:    80 ea 44 01       	call 648 <fm1_fatal_common : 2000458 >
 20001d0:    c8 04             	[--sp] = {rets}
 20001d2:    80 ea 41 01       	call 642 <fm1_fatal_common : 2000458 >
 20001d6:    c8 04             	[--sp] = {rets}
 20001d8:    80 ea 3e 01       	call 636 <fm1_fatal_common : 2000458 >
 20001dc:    c8 04             	[--sp] = {rets}
 20001de:    80 ea 3b 01       	call 630 <fm1_fatal_common : 2000458 >
 20001e2:    c8 04             	[--sp] = {rets}
 20001e4:    80 ea 38 01       	call 624 <fm1_fatal_common : 2000458 >
 20001e8:    c8 04             	[--sp] = {rets}
 20001ea:    80 ea 35 01       	call 618 <fm1_fatal_common : 2000458 >
 20001ee:    c8 04             	[--sp] = {rets}
 20001f0:    80 ea 32 01       	call 612 <fm1_fatal_common : 2000458 >
 20001f4:    c8 04             	[--sp] = {rets}
 20001f6:    80 ea 2f 01       	call 606 <fm1_fatal_common : 2000458 >
 20001fa:    c8 04             	[--sp] = {rets}
 20001fc:    80 ea 2c 01       	call 600 <fm1_fatal_common : 2000458 >
 2000200:    c8 04             	[--sp] = {rets}
 2000202:    80 ea 29 01       	call 594 <fm1_fatal_common : 2000458 >
 2000206:    c8 04             	[--sp] = {rets}
 2000208:    80 ea 26 01       	call 588 <fm1_fatal_common : 2000458 >
 200020c:    c8 04             	[--sp] = {rets}
 200020e:    80 ea 23 01       	call 582 <fm1_fatal_common : 2000458 >
 2000212:    c8 04             	[--sp] = {rets}
 2000214:    80 ea 20 01       	call 576 <fm1_fatal_common : 2000458 >
 2000218:    c8 04             	[--sp] = {rets}
 200021a:    80 ea 1d 01       	call 570 <fm1_fatal_common : 2000458 >
 200021e:    c8 04             	[--sp] = {rets}
 2000220:    80 ea 1a 01       	call 564 <fm1_fatal_common : 2000458 >
 2000224:    c8 04             	[--sp] = {rets}
 2000226:    80 ea 17 01       	call 558 <fm1_fatal_common : 2000458 >
 200022a:    c8 04             	[--sp] = {rets}
 200022c:    80 ea 14 01       	call 552 <fm1_fatal_common : 2000458 >
 2000230:    c8 04             	[--sp] = {rets}
 2000232:    80 ea 11 01       	call 546 <fm1_fatal_common : 2000458 >
 2000236:    c8 04             	[--sp] = {rets}
 2000238:    80 ea 0e 01       	call 540 <fm1_fatal_common : 2000458 >
 200023c:    c8 04             	[--sp] = {rets}
 200023e:    80 ea 0b 01       	call 534 <fm1_fatal_common : 2000458 >
 2000242:    c8 04             	[--sp] = {rets}
 2000244:    80 ea 08 01       	call 528 <fm1_fatal_common : 2000458 >
 2000248:    c8 04             	[--sp] = {rets}
 200024a:    80 ea 05 01       	call 522 <fm1_fatal_common : 2000458 >
 200024e:    c8 04             	[--sp] = {rets}
 2000250:    80 ea 02 01       	call 516 <fm1_fatal_common : 2000458 >
 2000254:    c8 04             	[--sp] = {rets}
 2000256:    80 ea ff 00       	call 510 <fm1_fatal_common : 2000458 >
 200025a:    c8 04             	[--sp] = {rets}
 200025c:    80 ea fc 00       	call 504 <fm1_fatal_common : 2000458 >
 2000260:    c8 04             	[--sp] = {rets}
 2000262:    80 ea f9 00       	call 498 <fm1_fatal_common : 2000458 >
 2000266:    c8 04             	[--sp] = {rets}
 2000268:    80 ea f6 00       	call 492 <fm1_fatal_common : 2000458 >
 200026c:    c8 04             	[--sp] = {rets}
 200026e:    80 ea f3 00       	call 486 <fm1_fatal_common : 2000458 >
 2000272:    c8 04             	[--sp] = {rets}
 2000274:    80 ea f0 00       	call 480 <fm1_fatal_common : 2000458 >
 2000278:    c8 04             	[--sp] = {rets}
 200027a:    80 ea ed 00       	call 474 <fm1_fatal_common : 2000458 >
 200027e:    c8 04             	[--sp] = {rets}
 2000280:    80 ea ea 00       	call 468 <fm1_fatal_common : 2000458 >
 2000284:    c8 04             	[--sp] = {rets}
 2000286:    80 ea e7 00       	call 462 <fm1_fatal_common : 2000458 >
 200028a:    c8 04             	[--sp] = {rets}
 200028c:    80 ea e4 00       	call 456 <fm1_fatal_common : 2000458 >
 2000290:    c8 04             	[--sp] = {rets}
 2000292:    80 ea e1 00       	call 450 <fm1_fatal_common : 2000458 >
 2000296:    c8 04             	[--sp] = {rets}
 2000298:    80 ea de 00       	call 444 <fm1_fatal_common : 2000458 >
 200029c:    c8 04             	[--sp] = {rets}
 200029e:    80 ea db 00       	call 438 <fm1_fatal_common : 2000458 >
 20002a2:    c8 04             	[--sp] = {rets}
 20002a4:    80 ea d8 00       	call 432 <fm1_fatal_common : 2000458 >
 20002a8:    c8 04             	[--sp] = {rets}
 20002aa:    80 ea d5 00       	call 426 <fm1_fatal_common : 2000458 >
 20002ae:    c8 04             	[--sp] = {rets}
 20002b0:    80 ea d2 00       	call 420 <fm1_fatal_common : 2000458 >
 20002b4:    c8 04             	[--sp] = {rets}
 20002b6:    80 ea cf 00       	call 414 <fm1_fatal_common : 2000458 >
 20002ba:    c8 04             	[--sp] = {rets}
 20002bc:    80 ea cc 00       	call 408 <fm1_fatal_common : 2000458 >
 20002c0:    c8 04             	[--sp] = {rets}
 20002c2:    80 ea c9 00       	call 402 <fm1_fatal_common : 2000458 >
 20002c6:    c8 04             	[--sp] = {rets}
 20002c8:    80 ea c6 00       	call 396 <fm1_fatal_common : 2000458 >
 20002cc:    c8 04             	[--sp] = {rets}
 20002ce:    80 ea c3 00       	call 390 <fm1_fatal_common : 2000458 >
 20002d2:    c8 04             	[--sp] = {rets}
 20002d4:    80 ea c0 00       	call 384 <fm1_fatal_common : 2000458 >
 20002d8:    c8 04             	[--sp] = {rets}
 20002da:    80 ea bd 00       	call 378 <fm1_fatal_common : 2000458 >
 20002de:    c8 04             	[--sp] = {rets}
 20002e0:    80 ea ba 00       	call 372 <fm1_fatal_common : 2000458 >
 20002e4:    c8 04             	[--sp] = {rets}
 20002e6:    80 ea b7 00       	call 366 <fm1_fatal_common : 2000458 >
 20002ea:    c8 04             	[--sp] = {rets}
 20002ec:    80 ea b4 00       	call 360 <fm1_fatal_common : 2000458 >
 20002f0:    c8 04             	[--sp] = {rets}
 20002f2:    80 ea b1 00       	call 354 <fm1_fatal_common : 2000458 >
 20002f6:    c8 04             	[--sp] = {rets}
 20002f8:    80 ea ae 00       	call 348 <fm1_fatal_common : 2000458 >
 20002fc:    c8 04             	[--sp] = {rets}
 20002fe:    80 ea ab 00       	call 342 <fm1_fatal_common : 2000458 >
 2000302:    c8 04             	[--sp] = {rets}
 2000304:    80 ea a8 00       	call 336 <fm1_fatal_common : 2000458 >
 2000308:    c8 04             	[--sp] = {rets}
 200030a:    80 ea a5 00       	call 330 <fm1_fatal_common : 2000458 >
 200030e:    c8 04             	[--sp] = {rets}
 2000310:    80 ea a2 00       	call 324 <fm1_fatal_common : 2000458 >
 2000314:    c8 04             	[--sp] = {rets}
 2000316:    80 ea 9f 00       	call 318 <fm1_fatal_common : 2000458 >
 200031a:    c8 04             	[--sp] = {rets}
 200031c:    80 ea 9c 00       	call 312 <fm1_fatal_common : 2000458 >
 2000320:    c8 04             	[--sp] = {rets}
 2000322:    80 ea 99 00       	call 306 <fm1_fatal_common : 2000458 >
 2000326:    c8 04             	[--sp] = {rets}
 2000328:    80 ea 96 00       	call 300 <fm1_fatal_common : 2000458 >
 200032c:    c8 04             	[--sp] = {rets}
 200032e:    80 ea 93 00       	call 294 <fm1_fatal_common : 2000458 >
 2000332:    c8 04             	[--sp] = {rets}
 2000334:    80 ea 90 00       	call 288 <fm1_fatal_common : 2000458 >
 2000338:    c8 04             	[--sp] = {rets}
 200033a:    80 ea 8d 00       	call 282 <fm1_fatal_common : 2000458 >
 200033e:    c8 04             	[--sp] = {rets}
 2000340:    80 ea 8a 00       	call 276 <fm1_fatal_common : 2000458 >
 2000344:    c8 04             	[--sp] = {rets}
 2000346:    80 ea 87 00       	call 270 <fm1_fatal_common : 2000458 >
 200034a:    c8 04             	[--sp] = {rets}
 200034c:    80 ea 84 00       	call 264 <fm1_fatal_common : 2000458 >
 2000350:    c8 04             	[--sp] = {rets}
 2000352:    80 ea 81 00       	call 258 <fm1_fatal_common : 2000458 >
 2000356:    c8 04             	[--sp] = {rets}
 2000358:    80 ea 7e 00       	call 252 <fm1_fatal_common : 2000458 >
 200035c:    c8 04             	[--sp] = {rets}
 200035e:    80 ea 7b 00       	call 246 <fm1_fatal_common : 2000458 >
 2000362:    c8 04             	[--sp] = {rets}
 2000364:    80 ea 78 00       	call 240 <fm1_fatal_common : 2000458 >
 2000368:    c8 04             	[--sp] = {rets}
 200036a:    80 ea 75 00       	call 234 <fm1_fatal_common : 2000458 >
 200036e:    c8 04             	[--sp] = {rets}
 2000370:    80 ea 72 00       	call 228 <fm1_fatal_common : 2000458 >
 2000374:    c8 04             	[--sp] = {rets}
 2000376:    80 ea 6f 00       	call 222 <fm1_fatal_common : 2000458 >
 200037a:    c8 04             	[--sp] = {rets}
 200037c:    80 ea 6c 00       	call 216 <fm1_fatal_common : 2000458 >
 2000380:    c8 04             	[--sp] = {rets}
 2000382:    80 ea 69 00       	call 210 <fm1_fatal_common : 2000458 >
 2000386:    c8 04             	[--sp] = {rets}
 2000388:    80 ea 66 00       	call 204 <fm1_fatal_common : 2000458 >
 200038c:    c8 04             	[--sp] = {rets}
 200038e:    80 ea 63 00       	call 198 <fm1_fatal_common : 2000458 >
 2000392:    c8 04             	[--sp] = {rets}
 2000394:    80 ea 60 00       	call 192 <fm1_fatal_common : 2000458 >
 2000398:    c8 04             	[--sp] = {rets}
 200039a:    80 ea 5d 00       	call 186 <fm1_fatal_common : 2000458 >
 200039e:    c8 04             	[--sp] = {rets}
 20003a0:    80 ea 5a 00       	call 180 <fm1_fatal_common : 2000458 >
 20003a4:    c8 04             	[--sp] = {rets}
 20003a6:    80 ea 57 00       	call 174 <fm1_fatal_common : 2000458 >
 20003aa:    c8 04             	[--sp] = {rets}
 20003ac:    80 ea 54 00       	call 168 <fm1_fatal_common : 2000458 >
 20003b0:    c8 04             	[--sp] = {rets}
 20003b2:    80 ea 51 00       	call 162 <fm1_fatal_common : 2000458 >
 20003b6:    c8 04             	[--sp] = {rets}
 20003b8:    80 ea 4e 00       	call 156 <fm1_fatal_common : 2000458 >
 20003bc:    c8 04             	[--sp] = {rets}
 20003be:    80 ea 4b 00       	call 150 <fm1_fatal_common : 2000458 >
 20003c2:    c8 04             	[--sp] = {rets}
 20003c4:    80 ea 48 00       	call 144 <fm1_fatal_common : 2000458 >
 20003c8:    c8 04             	[--sp] = {rets}
 20003ca:    80 ea 45 00       	call 138 <fm1_fatal_common : 2000458 >
 20003ce:    c8 04             	[--sp] = {rets}
 20003d0:    80 ea 42 00       	call 132 <fm1_fatal_common : 2000458 >
 20003d4:    c8 04             	[--sp] = {rets}
 20003d6:    80 ea 3f 00       	call 126 <fm1_fatal_common : 2000458 >
 20003da:    c8 04             	[--sp] = {rets}
 20003dc:    80 ea 3c 00       	call 120 <fm1_fatal_common : 2000458 >
 20003e0:    c8 04             	[--sp] = {rets}
 20003e2:    80 ea 39 00       	call 114 <fm1_fatal_common : 2000458 >
 20003e6:    c8 04             	[--sp] = {rets}
 20003e8:    80 ea 36 00       	call 108 <fm1_fatal_common : 2000458 >
 20003ec:    c8 04             	[--sp] = {rets}
 20003ee:    80 ea 33 00       	call 102 <fm1_fatal_common : 2000458 >
 20003f2:    c8 04             	[--sp] = {rets}
 20003f4:    80 ea 30 00       	call 96 <fm1_fatal_common : 2000458 >
 20003f8:    c8 04             	[--sp] = {rets}
 20003fa:    80 ea 2d 00       	call 90 <fm1_fatal_common : 2000458 >
 20003fe:    c8 04             	[--sp] = {rets}
 2000400:    80 ea 2a 00       	call 84 <fm1_fatal_common : 2000458 >
 2000404:    c8 04             	[--sp] = {rets}
 2000406:    80 ea 27 00       	call 78 <fm1_fatal_common : 2000458 >
 200040a:    c8 04             	[--sp] = {rets}
 200040c:    80 ea 24 00       	call 72 <fm1_fatal_common : 2000458 >
 2000410:    c8 04             	[--sp] = {rets}
 2000412:    80 ea 21 00       	call 66 <fm1_fatal_common : 2000458 >
 2000416:    c8 04             	[--sp] = {rets}
 2000418:    80 ea 1e 00       	call 60 <fm1_fatal_common : 2000458 >
 200041c:    c8 04             	[--sp] = {rets}
 200041e:    80 ea 1b 00       	call 54 <fm1_fatal_common : 2000458 >
 2000422:    c8 04             	[--sp] = {rets}
 2000424:    80 ea 18 00       	call 48 <fm1_fatal_common : 2000458 >
 2000428:    c8 04             	[--sp] = {rets}
 200042a:    80 ea 15 00       	call 42 <fm1_fatal_common : 2000458 >
 200042e:    c8 04             	[--sp] = {rets}
 2000430:    80 ea 12 00       	call 36 <fm1_fatal_common : 2000458 >
 2000434:    c8 04             	[--sp] = {rets}
 2000436:    80 ea 0f 00       	call 30 <fm1_fatal_common : 2000458 >
 200043a:    c8 04             	[--sp] = {rets}
 200043c:    80 ea 0c 00       	call 24 <fm1_fatal_common : 2000458 >
 2000440:    c8 04             	[--sp] = {rets}
 2000442:    80 ea 09 00       	call 18 <fm1_fatal_common : 2000458 >
 2000446:    c8 04             	[--sp] = {rets}
 2000448:    80 ea 06 00       	call 12 <fm1_fatal_common : 2000458 >
 200044c:    c8 04             	[--sp] = {rets}
 200044e:    80 ea 03 00       	call 6 <fm1_fatal_common : 2000458 >
 2000452:    c8 04             	[--sp] = {rets}
 2000454:    80 ea 00 00       	call 0 <fm1_fatal_common : 2000458 >


fm1_fatal_common:
 2000458:    70 e8 00 00       	trigger
 200045c:    58 e9 2f 78       	[--sp] = {sp, ssp, usp, icfg, psr, rets, retx, rete, reti}
 2000460:    d8 e8 ff ff       	[--sp] = {r15-r0}
 2000464:    64 e0 00 0e       	r0 = sp
 2000468:    80 ea 3d 01       	call 634 <fm1_fault_c : 20006e6 >
 200046c:    f7 9f             	goto -2 <fm1_fatal_common+0x14 : 200046c >


isr_timer5:
 200046e:    e9 04             	[--sp] = {psr, rets, reti}
 2000470:    60 04             	[--sp] = {r3-r0}
 2000472:    80 ea d8 02       	call 1456 <fm1_timer5_irq : 2000a26 >
 2000476:    40 04             	{r3-r0} = [sp++]
 2000478:    a9 04             	{psr, rets, reti} = [sp++]
 200047a:    20 00             	csync
 200047c:    81 00             	rti


fm1_lcd_wait:
 200047e:    41 20             	r1 = 0
 2000480:    c0 ff 00 1d 01 00 	r0 = 72960 <row+0x11CFC : 11d00 >
 2000486:    c2 ff 00 09 3d 00 	r2 = 4000000 <row+0x3D08FC : 3d0900 >
 200048c:    03 60             	r3 = [r0+0] 
 200048e:    bb 17             	r3 = r3.l (s)
 2000490:    83 fd 0a 00       	ifs (r3 < 0) goto 20 <fm1_lcd_wait+0x2A : 20004a8 >
 2000494:    c1 21             	r1 += 1
 2000496:    82 e9 f9 11       	if (r1 < r2) goto -14 <fm1_lcd_wait+0xE : 200048c >
 200049a:    11 e8 00 42       	if (r1 == r2) {
 200049e:    c1 ff 28 80 c0 01 		r1 = 29392936 <fm1_lcd_timeouts : 1c08028 >
 20004a4:    c0 eb 01 10       		[r1+0] += 1
                               	}
 20004a8:    00 ef 80 0c       	[r0+0] |= 0x4000
 20004ac:    80 00             	rts


lcd_sync:
 20004ae:    74 04             	[--sp] = {rets, r4}
 20004b0:    c4 ff 24 80 c0 01 	r4 = 29392932 <lcd_busy : 1c08024 >
 20004b6:    48 40             	r0 = b[r4+0] (u)
 20004b8:    00 49             	if (r0 == 0) goto 18 <lcd_sync+0x1E : 20004cc >
 20004ba:    bf ea e0 ff       	call -64 <fm1_lcd_wait : 200047e >
 20004be:    c0 ff 80 00 05 00 	r0 = 327808 <row+0x5007C : 50080 >
 20004c4:    00 ef 80 00       	[r0+0] |= 0x80
 20004c8:    40 20             	r0 = 0
 20004ca:    c8 40             	b[r4+0] = r0
 20004cc:    54 04             	{pc, r4} = [sp++]


lcd_cmd:
 20004ce:    75 04             	[--sp] = {rets, r5, r4}
 20004d0:    04 16             	r4 = r0
 20004d2:    bf ea ec ff       	call -40 <lcd_sync : 20004ae >
 20004d6:    c5 ff 80 00 05 00 	r5 = 327808 <row+0x5007C : 50080 >
 20004dc:    c0 ef 80 5f       	[r5+0] &= 0xFFFFFEFF
 20004e0:    c0 ef 80 50       	[r5+0] &= 0xFFFFFF7F
 20004e4:    c0 ff 00 1d 01 00 	r0 = 72960 <row+0x11CFC : 11d00 >
 20004ea:    00 ef 80 0c       	[r0+0] |= 0x4000
 20004ee:    84 62             	[r0+8] = r4
 20004f0:    bf ea c5 ff       	call -118 <fm1_lcd_wait : 200047e >
 20004f4:    00 ef 80 50       	[r5+0] |= 0x80
 20004f8:    55 04             	{pc, r5, r4} = [sp++]


lcd_data:
 20004fa:    75 04             	[--sp] = {rets, r5, r4}
 20004fc:    14 16             	r4 = r1
 20004fe:    05 16             	r5 = r0
 2000500:    04 55             	if (r4 == 0) goto 42 <lcd_data+0x32 : 200052c >
 2000502:    bf ea d4 ff       	call -88 <lcd_sync : 20004ae >
 2000506:    c0 ff 80 00 05 00 	r0 = 327808 <row+0x5007C : 50080 >
 200050c:    00 ef 80 0f       	[r0+0] |= 0x100
 2000510:    c0 ef 80 00       	[r0+0] &= 0xFFFFFF7F
 2000514:    c0 ff 00 1d 01 00 	r0 = 72960 <row+0x11CFC : 11d00 >
 200051a:    00 ef 80 0c       	[r0+0] |= 0x4000
 200051e:    85 63             	[r0+12] = r5
 2000520:    84 64             	[r0+16] = r4
 2000522:    c0 ff 24 80 c0 01 	r0 = 29392932 <lcd_busy : 1c08024 >
 2000528:    41 21             	r1 = 1
 200052a:    89 40             	b[r0+0] = r1
 200052c:    55 04             	{pc, r5, r4} = [sp++]


lcd_fill:
 200052e:    7b 04             	[--sp] = {rets, r11-r4}
 2000530:    18 16             	r8 = r1
 2000532:    06 16             	r6 = r0
 2000534:    11 fc 5d de       	if (r1 > 239) goto 186 <lcd_fill+0xC4 : 20005f2 >
 2000538:    16 fc 5b de       	if (r6 > 239) goto 182 <lcd_fill+0xC4 : 20005f2 >
 200053c:    22 5a             	if (r2 == 0) goto 180 <lcd_fill+0xC4 : 20005f2 >
 200053e:    23 59             	if (r3 == 0) goto 178 <lcd_fill+0xC4 : 20005f2 >
 2000540:    00 29             	r0 = [sp+36]
 2000542:    70 e0 00 00       	r0 = rev8(r0)
 2000546:    87 b0             	r7 = r0 >> 16
 2000548:    a0 1d             	r0 = r2 + r6
 200054a:    a9 e0 f0 60       	r9 = 0xF0 - r6
 200054e:    b0 ec f0 00       	if (r0 <= 240) {
 2000552:    29 16             		r9 = r2
                               	}
 2000554:    78 30             	r0 = 240
 2000556:    f4 e1 00 09       	r0 = r0 / r9 (u)
 200055a:    f0 e1 00 59       	r5 = r0 * r9
 200055e:    ab e0 f0 50       	r11 = 0xF0 - r5
 2000562:    38 1c             	r0 = r3 + r1
 2000564:    aa e0 f0 10       	r10 = 0xF0 - r1
 2000568:    b0 ec f0 00       	if (r0 <= 240) {
 200056c:    3a 16             		r10 = r3
                               	}
 200056e:    bf ea 9e ff       	call -196 <lcd_sync : 20004ae >
 2000572:    c4 ff 30 9b c0 01 	r4 = 29399856 <lcd_fillbuf : 1c09b30 >
 2000578:    05 46             	if (r5 == 0) goto 12 <lcd_fill+0x58 : 2000586 >
 200057a:    30 e1 10 bf       	r0 = r11 + -240
 200057e:    41 16             	r1 = r4
 2000580:    c0 21             	r0 += 1
 2000582:    97 06             	h[r1++=2] = r7
 2000584:    f0 5d             	if (r0 != 0) goto -6 <lcd_fill+0x52 : 2000580 >
 2000586:    bf ea 92 ff       	call -220 <lcd_sync : 20004ae >
 200058a:    e0 a8             	r0 = r6 >> 8
 200058c:    c7 ff 90 96 c0 01 	r7 = 29398672 <fm1__tick_col : 1c09690 >
 2000592:    5a ee 7e 0b       	b[++r7=190] = r0
 2000596:    b4 f0 60 09       	r0 = r6 + r9  #
 200059a:    fe 41             		 b[r7+1] = r6
 200059c:    f8 3f             	r0 += -1
 200059e:    81 a8             	r1 = r0 >> 8
 20005a0:    f9 42             	b[r7+2] = r1
 20005a2:    f8 43             	b[r7+3] = r0
 20005a4:    48 2a             	r0 = 42
 20005a6:    bf ea 92 ff       	call -220 <lcd_cmd : 20004ce >
 20005aa:    41 24             	r1 = 4
 20005ac:    70 16             	r0 = r7
 20005ae:    bf ea a4 ff       	call -184 <lcd_data : 20004fa >
 20005b2:    c0 e1 88 08       	r0 = r8 >> 8
 20005b6:    b4 f0 80 0a       	r0 = r8 + r10  #
 20005ba:    f8 44             		 b[r7+4] = r0
 20005bc:    52 ee 75 80       	b[r7+5] = r8
 20005c0:    f8 3f             	r0 += -1
 20005c2:    81 a8             	r1 = r0 >> 8
 20005c4:    f9 46             	b[r7+6] = r1
 20005c6:    f8 47             	b[r7+7] = r0
 20005c8:    48 2b             	r0 = 43
 20005ca:    bf ea 80 ff       	call -256 <lcd_cmd : 20004ce >
 20005ce:    78 84             	r0 = r7 + 4
 20005d0:    41 24             	r1 = 4
 20005d2:    bf ea 92 ff       	call -220 <lcd_data : 20004fa >
 20005d6:    48 2c             	r0 = 44
 20005d8:    bf ea 79 ff       	call -270 <lcd_cmd : 20004ce >
 20005dc:    f0 e1 a0 69       	r6 = r10 * r9
 20005e0:    06 48             	if (r6 == 0) goto 16 <lcd_fill+0xC4 : 20005f2 >
 20005e2:    35 e4 50 56       	r5 = umin(r5, r6)
 20005e6:    51 a1             	r1 = r5 << 1
 20005e8:    40 16             	r0 = r4
 20005ea:    bf ea 86 ff       	call -244 <lcd_data : 20004fa >
 20005ee:    6e 1f             	r6 = r6 - r5
 20005f0:    f6 58             	if (r6 != 0) goto -16 <lcd_fill+0xB4 : 20005e2 >
 20005f2:    5b 04             	{pc, r11-r4} = [sp++]


screen_hex:
 20005f4:    7f 04             	[--sp] = {rets, r15-r4}
 20005f6:    e2 9f             	sp += -4
 20005f8:    18 16             	r8 = r1
 20005fa:    0b 16             	r11 = r0
 20005fc:    c1 14             	r9 = 0
 20005fe:    4c e0 14 00       	r12 = 20 <row+0x10 : 14 >
 2000602:    ca ff cc 34 00 02 	r10 = 33567948 <hexfont : 20034cc >
 2000608:    4f e0 10 00       	r15 = 16 <row+0xC : 10 >
 200060c:    c0 e1 92 00       	r0 = r9 << 2
 2000610:    a0 e0 1c 00       	r0 = 0x1C - r0
 2000614:    c8 e1 82 00       	r0 = r8 >> r0
 2000618:    6d e1 0f 00       	r13 = r0 & 0xF
 200061c:    c6 14             	r14 = 0
 200061e:    e0 e1 05 d0       	r0 = r13 * 0x5
 2000622:    e0 18             	r0 += r14
 2000624:    d8 ee 00 4a       	r4 = b[r0+r10] (u)
 2000628:    c0 e1 e2 00       	r0 = r14 << 2
 200062c:    b4 e0 00 6b       	r6 = r0 + r11
 2000630:    45 20             	r5 = 0
 2000632:    c7 16             	r7 = r12
 2000634:    c8 e1 f2 15       	r1 = r15 >> r5
 2000638:    10 3f             	r0 = -1
 200063a:    14 ea 00 01       	if ((r4 & r1) == 0) {
 200063e:    40 20             		r0 = 0
                               	}
 2000640:    80 17             	r0 = r0.l (u)
 2000642:    42 24             	r2 = 4
 2000644:    43 24             	r3 = 4
 2000646:    70 d6             	r0 = r7  #
 2000648:    80 20             		 [sp] = r0
 200064a:    61 16             	r1 = r6
 200064c:    bf ea 6f ff       	call -290 <lcd_fill : 200052e >
 2000650:    c5 21             	r5 += 1
 2000652:    c7 24             	r7 += 4
 2000654:    85 f8 ee 0b       	if (r5 != 5) goto -36 <screen_hex+0x40 : 2000634 >
 2000658:    0e e1 01 e0       	r14 = r14 + 1
 200065c:    8e f8 df 0b       	if (r14 != 5) goto -66 <screen_hex+0x2A : 200061e >
 2000660:    09 e1 01 90       	r9 = r9 + 1
 2000664:    0c e1 19 c0       	r12 = r12 + 25
 2000668:    89 f8 d0 11       	if (r9 != 8) goto -96 <screen_hex+0x18 : 200060c >
 200066c:    02 81             	sp += 4
 200066e:    5f 04             	{pc, r15-r4} = [sp++]


fm1__p33_xfer:
 2000670:    c1 ff 08 3e 01 00 	r1 = 81416 <row+0x13E04 : 13e08 >
 2000676:    90 61             	[r1+4] = r0
 2000678:    00 ef 10 10       	[r1+0] |= 0x10
 200067c:    10 60             	r0 = [r1+0] 
 200067e:    c0 ff 60 79 fe ff 	r0 = 4294867296 <_data_load+0xFDFE35B4 : fffe7960 >
 2000684:    12 60             	r2 = [r1+0] 
 2000686:    52 e8 07 08       	if ((r2 & 2) == 0) goto 14 <fm1__p33_xfer+0x28 : 2000698 >
 200068a:    c0 21             	r0 += 1
 200068c:    f0 5b             	if (r0 != 0) goto -10 <fm1__p33_xfer+0x14 : 2000684 >
 200068e:    c0 ff 2c 80 c0 01 	r0 = 29392940 <fm1_p33_timeouts : 1c0802c >
 2000694:    c0 eb 01 00       	[r0+0] += 1
 2000698:    10 61             	r0 = [r1+4] 
 200069a:    00 17             	r0 = r0.b0 (u)
 200069c:    80 00             	rts


fm1__p33_op:
 200069e:    76 04             	[--sp] = {rets, r6-r4}
 20006a0:    c5 ff 08 3e 01 00 	r5 = 81416 <row+0x13E04 : 13e08 >
 20006a6:    23 d6             	r3 = r2  #
 20006a8:    56 60             		 r6 = [r5+0] 
 20006aa:    14 16             	r4 = r1
 20006ac:    24 ea 00 ec       	if ((r4 & 0x8000) == 0) {
 20006b0:    71 e1 80 6f       		r1 = r6 & 0xFFFFFEFF
 20006b4:    d1 60             		[r5+0] = r1
 20006b6:    51 60             		r1 = [r5+0] 
 20006b8:    31 20             		r1 |= 1
                               	} else {
 20006ba:    41 e0 01 01       		r1 = 257 <row+0xFC : 100 >
 20006be:    61 19             		r1 |= r6
                               	}
 20006c0:    b1 f1 08 44       	r1 = uextra(r4, p:8, l:2)  #
 20006c4:    d1 60             		 [r5+0] = r1
 20006c6:    a1 e1 ec 02       	r1 <= insert(r0, p:5, l:27)
 20006ca:    10 17             	r0 = r1.b0 (u)
 20006cc:    bf ea d0 ff       	call -96 <fm1__p33_xfer : 2000670 >
 20006d0:    40 17             	r0 = r4.b0 (u)
 20006d2:    bf ea cd ff       	call -102 <fm1__p33_xfer : 2000670 >
 20006d6:    30 16             	r0 = r3
 20006d8:    bf ea ca ff       	call -108 <fm1__p33_xfer : 2000670 >
 20006dc:    40 e0 fe fe       	r0 = -258 <_data_load+0xFFFFFFFFFDFFBB52 : fffffffffffffefe >
 20006e0:    64 e8 02 50       	[r5+0] &= r0
 20006e4:    56 04             	{pc, r6-r4} = [sp++]


fm1_fault_c:
 20006e6:    e2 9f             	sp += -4
 20006e8:    c4 ff 00 c0 c7 01 	r4 = 29868032 <fm1_crash : 1c7c000 >
 20006ee:    d0 ec 4c 83       	r8 = [r4+60]
 20006f2:    04 eb 22 00       	{r5, r1} = [r4+]
 20006f6:    60 00             	cli
 20006f8:    c3 ff 20 80 c0 01 	r3 = 29392928 <fm1_fault_c.in_fault : 1c08020 >
 20006fe:    36 60             	r6 = [r3+0] 
 2000700:    6f 81             	r7 = r6 + 1
 2000702:    b7 60             	[r3+0] = r7
 2000704:    06 44             	if (r6 == 0) goto 8 <fm1_fault_c+0x28 : 200070e >
 2000706:    60 e0 80 3b       	r3 = 0x10000
 200070a:    00 ef 10 30       	[r3+0] |= 0x10
 200070e:    c9 ff 48 53 52 43 	r9 = 1129468744 <_data_load+0x41520F9C : 43525348 >
 2000714:    c5 21             	r5 += 1
 2000716:    d0 ec 41 90       	[r4+0] = r9
 200071a:    91 e8 00 09       	if (r1 != r9) {
 200071e:    45 21             		r5 = 1
                               	}
 2000720:    c5 61             	[r4+4] = r5
 2000722:    d0 20             	r0 += 64
 2000724:    05 63             	r5 = [r0+12] 
 2000726:    c6 ff 58 01 00 02 	r6 = 33554776 <fm1_fatal_stubs : 2000158 >
 200072c:    d5 1f             	r5 = r5 - r6
 200072e:    46 26             	r6 = 6
 2000730:    f4 e1 50 56       	r5 = r5 / r6 (u)
 2000734:    fd 3f             	r5 += -1
 2000736:    c5 62             	[r4+8] = r5
 2000738:    05 60             	r5 = [r0+0] 
 200073a:    c5 63             	[r4+12] = r5
 200073c:    05 69             	r5 = [r0+36] 
 200073e:    c5 64             	[r4+16] = r5
 2000740:    c5 ff d4 f0 ee 01 	r5 = 32436436 <bootguard+0x273094 : 1eef0d4 >
 2000746:    55 60             	r5 = [r5+0] 
 2000748:    c5 65             	[r4+20] = r5
 200074a:    c5 ff 44 e2 ee 01 	r5 = 32432708 <bootguard+0x272204 : 1eee244 >
 2000750:    55 60             	r5 = [r5+0] 
 2000752:    c5 66             	[r4+24] = r5
 2000754:    05 68             	r5 = [r0+32] 
 2000756:    c5 67             	[r4+28] = r5
 2000758:    05 64             	r5 = [r0+16] 
 200075a:    c5 68             	[r4+32] = r5
 200075c:    00 65             	r0 = [r0+20] 
 200075e:    c0 69             	[r4+36] = r0
 2000760:    c5 ff 04 08 01 00 	r5 = 67588 <row+0x10800 : 10804 >
 2000766:    46 f0 c0 5d       	r6 = 24000  # <row+0x5DBC : 5dc0 >
 200076a:    50 60             		 r0 = [r5+0] 
 200076c:    f4 e1 00 66       	r6 = r0 / r6 (u)
 2000770:    c6 6a             	[r4+40] = r6
 2000772:    46 20             	r6 = 0
 2000774:    c7 ff 71 bc 7b 00 	r7 = 8109169 <row+0x7BBC6C : 7bbc70 >
 200077a:    d8 ec 6a 27       	r2 = [r6+r7<<2]
 200077e:    63 1d             	r3 = r6 + r4
 2000780:    c6 24             	r6 += 4
 2000782:    b2 6b             	[r3+44] = r2
 2000784:    86 f8 f9 21       	if (r6 != 16) goto -14 <fm1_fault_c+0x94 : 200077a >
 2000788:    02 e1 01 80       	r2 = r8 + 1
 200078c:    91 e8 00 09       	if (r1 != r9) {
 2000790:    42 21             		r2 = 1
                               	}
 2000792:    c1 ff 00 a2 4a 04 	r1 = 72000000 <_data_load+0x24A5E54 : 44aa200 >
 2000798:    10 e9 00 01       	if (r0 >= r1) {
 200079c:    42 20             		r2 = 0
                               	}
 200079e:    60 f0 97 0b       	r0 = 0x12E00  #
 20007a2:    c2 6f             		 [r4+60] = r2
 20007a4:    09 60             	r1 = h[r0+0] (u)
 20007a6:    b9 2b             	r1 &= 4294965247
 20007a8:    60 f0 78 6c       	r6 = 0xF800  #
 20007ac:    89 60             		 h[r0+0] = r1
 20007ae:    80 d4             	r1_r0 = 0  #
 20007b0:    86 20             		 [sp] = r6
 20007b2:    7a 30             	r2 = 240
 20007b4:    7b 30             	r3 = 240
 20007b6:    bf ea ba fe       	call -652 <lcd_fill : 200052e >
 20007ba:    41 62             	r1 = [r4+8] 
 20007bc:    48 28             	r0 = 40
 20007be:    bf ea 19 ff       	call -462 <screen_hex : 20005f4 >
 20007c2:    41 63             	r1 = [r4+12] 
 20007c4:    50 30             	r0 = 80
 20007c6:    bf ea 15 ff       	call -470 <screen_hex : 20005f4 >
 20007ca:    41 65             	r1 = [r4+20] 
 20007cc:    58 38             	r0 = 120
 20007ce:    bf ea 11 ff       	call -478 <screen_hex : 20005f4 >
 20007d2:    40 e0 a0 0f       	r0 = 4000 <row+0xF9C : fa0 >
 20007d6:    51 60             	r1 = [r5+0] 
 20007d8:    52 60             	r2 = [r5+0] 
 20007da:    2a 1e             	r2 = r2 - r1
 20007dc:    a2 a6             	r2 = r2 >> 6
 20007de:    a2 f9 fb ef       	if (r2 < 375) goto -10 <fm1_fault_c+0xF2 : 20007d8 >
 20007e2:    00 ea f8 ff       	if (--r0 != 0) goto -16 <fm1_fault_c+0xF0 : 20007d6 >
 20007e6:    60 00             	cli
 20007e8:    40 21             	r0 = 1
 20007ea:    69 20             	r1 = 160
 20007ec:    42 30             	r2 = 16
 20007ee:    bf ea 56 ff       	call -340 <fm1__p33_op : 200069e >
 20007f2:    f7 9f             	goto -2 <fm1_fault_c+0x10C : 20007f2 >


memset:
 20007f4:    02 44             	if (r2 == 0) goto 8 <memset+0xA : 20007fe >
 20007f6:    03 16             	r3 = r0
 20007f8:    b1 07             	b[r3++=1] = r1
 20007fa:    02 ea fd ff       	if (--r2 != 0) goto -6 <memset+0x4 : 20007f8 >
 20007fe:    80 00             	rts


memcpy:
 2000800:    74 04             	[--sp] = {rets, r4}
 2000802:    02 45             	if (r2 == 0) goto 10 <memcpy+0xE : 200080e >
 2000804:    03 16             	r3 = r0
 2000806:    14 07             	r4 = b[r1++=1] (u)
 2000808:    b4 07             	b[r3++=1] = r4
 200080a:    02 ea fc ff       	if (--r2 != 0) goto -8 <memcpy+0x6 : 2000806 >
 200080e:    54 04             	{pc, r4} = [sp++]


memcmp:
 2000810:    75 04             	[--sp] = {rets, r5, r4}
 2000812:    03 16             	r3 = r0
 2000814:    40 20             	r0 = 0
 2000816:    02 46             	if (r2 == 0) goto 12 <memcmp+0x14 : 2000824 >
 2000818:    14 07             	r4 = b[r1++=1] (u)
 200081a:    35 07             	r5 = b[r3++=1] (u)
 200081c:    84 e8 03 50       	if (r5 != r4) goto 6 <memcmp+0x16 : 2000826 >
 2000820:    02 ea fa ff       	if (--r2 != 0) goto -12 <memcmp+0x8 : 2000818 >
 2000824:    55 04             	{pc, r5, r4} = [sp++]
 2000826:    50 1f             	r0 = r5 - r4
 2000828:    55 04             	{pc, r5, r4} = [sp++]


fm1__led_lines:
 200082a:    77 04             	[--sp] = {rets, r7-r4}
 200082c:    41 21             	r1 = 1
 200082e:    c2 ff 22 35 00 02 	r2 = 33568034 <FM1_LED_PORT : 2003522 >
 2000834:    c3 ff 1c 35 00 02 	r3 = 33568028 <FM1_LED_BIT : 200351c >
 200083a:    44 21             	r4 = 1
 200083c:    d8 ee 40 53       	r5 = b[r4+r3] (u)
 2000840:    d8 ee 42 62       	r6 = b[r4+r2] (s)
 2000844:    94 e1 02 74       	r7 = r0 & (1 << r4)
 2000848:    c8 e1 10 55       	r5 = r1 << r5
 200084c:    66 a6             	r6 = r6 << 6
 200084e:    e6 e0 a0 6a       	r6 = r6 + 0x50000
 2000852:    37 e8 00 10       	if (r7 == 0) {
 2000856:    64 e8 03 65       		[r6+0] &= ~r5
                               	} else {
 200085a:    64 e8 00 65       		[r6+0] |= r5
                               	}
 200085e:    c4 21             	r4 += 1
 2000860:    84 f8 ec 0b       	if (r4 != 5) goto -40 <fm1__led_lines+0x12 : 200083c >
 2000864:    57 04             	{pc, r7-r4} = [sp++]


fm1__sr_word:
 2000866:    76 04             	[--sp] = {rets, r6-r4}
 2000868:    42 20             	r2 = 0
 200086a:    60 e0 00 3c       	r3 = 0x8000
 200086e:    60 e0 a0 1a       	r1 = 0x50000
 2000872:    c8 f1 32 62       	r6 = r3 >> r2  #
 2000876:    14 60             		 r4 = [r1+0] 
 2000878:    75 e1 10 40       	r5 = r4 & 0xFFFFFFEF
 200087c:    34 24             	r4 |= 16
 200087e:    16 ea 00 00       	if ((r6 & r0) == 0) {
 2000882:    54 16             		r4 = r5
                               	}
 2000884:    94 60             	[r1+0] = r4
 2000886:    00 ef 08 10       	[r1+0] |= 0x8
 200088a:    c0 ef 08 10       	[r1+0] &= 0xFFFFFFF7
 200088e:    c2 21             	r2 += 1
 2000890:    82 f8 ef 21       	if (r2 != 16) goto -34 <fm1__sr_word+0xC : 2000872 >
 2000894:    00 ef 02 10       	[r1+0] |= 0x2
 2000898:    c0 ef 02 10       	[r1+0] &= 0xFFFFFFFD
 200089c:    56 04             	{pc, r6-r4} = [sp++]


sie_rd:
 200089e:    74 04             	[--sp] = {rets, r4}
 20008a0:    60 e0 8c 2b       	r2 = 0x11800
 20008a4:    01 d6             	r1 = r0  #
 20008a6:    23 60             		 r3 = [r2+0] 
 20008a8:    40 20             	r0 = 0
 20008aa:    53 e8 24 10       	if ((r3 & 4) == 0) goto 72 <sie_rd+0x58 : 20008f6 >
 20008ae:    11 a8             	r1 = r1 << 8
 20008b0:    c3 ff 00 bf ff 00 	r3 = 16760576 <row+0xFFBEFC : ffbf00 >
 20008b6:    b1 19             	r1 &= r3
 20008b8:    31 2e             	r1 |= 16384
 20008ba:    a1 61             	[r2+4] = r1
 20008bc:    20 00             	csync
 20008be:    43 e0 e0 b1       	r3 = -20000 <_data_load+0xFFFFFFFFFDFF6E34 : ffffffffffffb1e0 >
 20008c2:    c1 ff 90 96 c0 01 	r1 = 29398672 <fm1__tick_col : 1c09690 >
 20008c8:    24 61             	r4 = [r2+4] 
 20008ca:    cc 17             	r4 = r4.l (s)
 20008cc:    84 fd 0f 00       	ifs (r4 < 0) goto 30 <sie_rd+0x50 : 20008ee >
 20008d0:    c3 21             	r3 += 1
 20008d2:    f3 5a             	if (r3 != 0) goto -12 <sie_rd+0x2A : 20008c8 >
 20008d4:    d1 ec 1c 26       	r2 = [r1+364]
 20008d8:    c2 21             	r2 += 1
 20008da:    d1 ec 1d 26       	[r1+364] = r2
 20008de:    32 e9 33 80       	if (r2 >= 51) {
 20008e2:    42 e0 48 01       		r2 = 328 <row+0x144 : 148 >
 20008e6:    d8 ee 11 02       		b[r1+r2] = r0
 20008ea:    54 04             		{pc, r4} = [sp++]
                               	}
 20008ec:    54 04             	{pc, r4} = [sp++]
 20008ee:    d1 ec 1d 06       	[r1+364] = r0
 20008f2:    20 61             	r0 = [r2+4] 
 20008f4:    00 17             	r0 = r0.b0 (u)
 20008f6:    54 04             	{pc, r4} = [sp++]


sie_wr:
 20008f8:    60 e0 8c 2b       	r2 = 0x11800
 20008fc:    23 60             	r3 = [r2+0] 
 20008fe:    53 e8 20 10       	if ((r3 & 4) == 0) goto 64 <sie_wr+0x4A : 2000942 >
 2000902:    00 a8             	r0 = r0 << 8
 2000904:    c3 ff 00 ff ff 00 	r3 = 16776960 <row+0xFFFEFC : ffff00 >
 200090a:    b0 19             	r0 &= r3
 200090c:    11 17             	r1 = r1.b0 (u)
 200090e:    10 19             	r0 |= r1
 2000910:    a0 61             	[r2+4] = r0
 2000912:    20 00             	csync
 2000914:    41 e0 e0 b1       	r1 = -20000 <_data_load+0xFFFFFFFFFDFF6E34 : ffffffffffffb1e0 >
 2000918:    c0 ff 90 96 c0 01 	r0 = 29398672 <fm1__tick_col : 1c09690 >
 200091e:    23 61             	r3 = [r2+4] 
 2000920:    bb 17             	r3 = r3.l (s)
 2000922:    83 fd 0f 00       	ifs (r3 < 0) goto 30 <sie_wr+0x4C : 2000944 >
 2000926:    c1 21             	r1 += 1
 2000928:    f1 5a             	if (r1 != 0) goto -12 <sie_wr+0x26 : 200091e >
 200092a:    d1 ec 0c 16       	r1 = [r0+364]
 200092e:    c1 21             	r1 += 1
 2000930:    d1 ec 0d 16       	[r0+364] = r1
 2000934:    31 e9 33 80       	if (r1 >= 51) {
 2000938:    41 e0 48 01       		r1 = 328 <row+0x144 : 148 >
 200093c:    42 20             		r2 = 0
 200093e:    d8 ee 01 21       		b[r0+r1] = r2
                               	}
 2000942:    80 00             	rts
 2000944:    41 20             	r1 = 0
 2000946:    d1 ec 0d 16       	[r0+364] = r1
 200094a:    80 00             	rts


e0_chunk:
 200094c:    76 04             	[--sp] = {rets, r6-r4}
 200094e:    c4 ff 90 96 c0 01 	r4 = 29398672 <fm1__tick_col : 1c09690 >
 2000954:    51 ed 44 05       	r0 = h[r4+340] (u)
 2000958:    01 16             	r1 = r0
 200095a:    30 e9 40 00       	if (r0 >= 64) {
 200095e:    51 20             		r1 = 64
                               	}
 2000960:    c2 ff 30 80 c0 01 	r2 = 29392944 <ep0buf : 1c08030 >
 2000966:    01 4a             	if (r1 == 0) goto 20 <e0_chunk+0x30 : 200097c >
 2000968:    d1 ec 40 35       	r3 = [r4+336]
 200096c:    45 20             	r5 = 0
 200096e:    d8 ee 30 65       	r6 = b[r3+r5] (u)
 2000972:    d8 ee 51 62       	b[r5+r2] = r6
 2000976:    c5 21             	r5 += 1
 2000978:    81 e9 f9 51       	if (r5 < r1) goto -14 <e0_chunk+0x22 : 200096e >
 200097c:    20 00             	csync
 200097e:    c3 ff 08 18 01 00 	r3 = 71688 <row+0x11804 : 11808 >
 2000984:    b2 64             	[r3+16] = r2
 2000986:    02 f1 50 41       	r2 = r4 + 336  #
 200098a:    b1 60             		 [r3+0] = r1
 200098c:    68 e8 00 21       	[r2+0] += r1
 2000990:    2b 62             	r3 = h[r2+4] (u)
 2000992:    39 1e             	r1 = r3 - r1
 2000994:    91 d7             	r1 = r1.l (u)  #
 2000996:    a9 62             		 h[r2+4] = r1
 2000998:    45 20             	r5 = 0
 200099a:    81 4d             	if (r1 != 0) goto 26 <e0_chunk+0x6A : 20009b6 >
 200099c:    42 21             	r2 = 1
 200099e:    43 21             	r3 = 1
 20009a0:    30 e9 40 00       	if (r0 >= 64) {
 20009a4:    43 20             		r3 = 0
                               	}
 20009a6:    45 e0 4d 01       	r5 = 333 <row+0x148 : 14c >
 20009aa:    d8 ee 40 55       	r5 = b[r4+r5] (u)
 20009ae:    05 41             	if (r5 == 0) goto 2 <e0_chunk+0x66 : 20009b2 >
 20009b0:    42 20             	r2 = 0
 20009b2:    90 e1 30 52       	r5 = r3 | r2
 20009b6:    80 f9 06 80       	if (r0 < 64) goto 12 <e0_chunk+0x7A : 20009c6 >
 20009ba:    81 45             	if (r1 != 0) goto 10 <e0_chunk+0x7A : 20009c6 >
 20009bc:    40 e0 4d 01       	r0 = 333 <row+0x148 : 14c >
 20009c0:    41 20             	r1 = 0
 20009c2:    d8 ee 41 10       	b[r4+r0] = r1
 20009c6:    40 2e             	r0 = 14
 20009c8:    41 20             	r1 = 0
 20009ca:    bf ea 95 ff       	call -214 <sie_wr : 20008f8 >
 20009ce:    41 2a             	r1 = 10
 20009d0:    85 41             	if (r5 != 0) goto 2 <e0_chunk+0x88 : 20009d4 >
 20009d2:    41 22             	r1 = 2
 20009d4:    40 31             	r0 = 17
 20009d6:    bf ea 8f ff       	call -226 <sie_wr : 20008f8 >
 20009da:    05 45             	if (r5 == 0) goto 10 <e0_chunk+0x9A : 20009e6 >
 20009dc:    40 e0 4c 01       	r0 = 332 <row+0x148 : 14c >
 20009e0:    41 20             	r1 = 0
 20009e2:    d8 ee 41 10       	b[r4+r0] = r1
 20009e6:    56 04             	{pc, r6-r4} = [sp++]


e0_send:
 20009e8:    75 04             	[--sp] = {rets, r5, r4}
 20009ea:    c3 ff dc 97 c0 01 	r3 = 29399004 <usb+0x4 : 1c097dc >
 20009f0:    35 f4 10 42       	r4 = umin(r1, r2)  #
 20009f4:    b0 61             		 [r3+4] = r0
 20009f6:    bc 64             	h[r3+8] = r4
 20009f8:    40 21             	r0 = 1
 20009fa:    45 21             	r5 = 1
 20009fc:    92 ec 00 01       	if (r2 <= r1) {
 2000a00:    45 20             		r5 = 0
                               	}
 2000a02:    41 21             	r1 = 1
 2000a04:    34 ea 3f 00       	if ((r4 & 0x3F) != 0) {
 2000a08:    41 20             		r1 = 0
                               	}
 2000a0a:    d1 19             	r1 &= r5
 2000a0c:    b9 41             	b[r3+1] = r1
 2000a0e:    b8 40             	b[r3+0] = r0
 2000a10:    40 2e             	r0 = 14
 2000a12:    41 20             	r1 = 0
 2000a14:    bf ea 70 ff       	call -288 <sie_wr : 20008f8 >
 2000a18:    40 31             	r0 = 17
 2000a1a:    51 20             	r1 = 64
 2000a1c:    bf ea 6c ff       	call -296 <sie_wr : 20008f8 >
 2000a20:    35 04             	{rets, r5, r4} = [sp++]
 2000a22:    ff ea 93 ff       	goto -218 <e0_chunk : 200094c >


fm1_timer5_irq:
 2000a26:    7f 04             	[--sp] = {rets, r15-r4}
 2000a28:    e2 9c             	sp += -16
 2000a2a:    c0 ff 00 09 01 00 	r0 = 67840 <row+0x108FC : 10900 >
 2000a30:    00 ef 80 0c       	[r0+0] |= 0x4000
 2000a34:    cc ff 90 96 c0 01 	r12 = 29398672 <fm1__tick_col : 1c09690 >
 2000a3a:    50 ee c0 40       	r4 = b[r12+0] (u)
 2000a3e:    40 20             	r0 = 0
 2000a40:    bf ea f3 fe       	call -538 <fm1__led_lines : 200082a >
 2000a44:    c0 ff 04 00 05 00 	r0 = 327684 <row+0x50000 : 50004 >
 2000a4a:    cf ff 40 98 c0 01 	r15 = 29399104 <ota_session.parm : 1c09840 >
 2000a50:    b4 f0 40 2f       	r2 = r4 + r15  #
 2000a54:    01 60             		 r1 = [r0+0] 
 2000a56:    63 e1 01 10       	r3 = r1 & 0x1
 2000a5a:    d0 ec 00 04       	r0 = [r0+64]
 2000a5e:    91 a4             	r1 = r1 >> 4
 2000a60:    61 e1 1e 10       	r1 = r1 & 0x1E
 2000a64:    31 19             	r1 |= r3
 2000a66:    80 a2             	r0 = r0 >> 2
 2000a68:    60 e1 20 00       	r0 = r0 & 0x20
 2000a6c:    10 19             	r0 |= r1
 2000a6e:    50 e1 3f 00       	r0 = r0 ^ 0x3F
 2000a72:    52 ee 24 08       	b[r2+132] = r0
 2000a76:    4d 81             	r5 = r4 + 1
 2000a78:    44 20             	r4 = 0
 2000a7a:    b5 e8 0b 00       	if (r5 != 11) {
 2000a7e:    54 16             		r4 = r5
                               	}
 2000a80:    40 e0 00 08       	r0 = 2048 <row+0x7FC : 800 >
 2000a84:    40 1a             	r0 <<= r4
 2000a86:    34 e9 02 00       	if (r4 >= 2) {
 2000a8a:    40 20             		r0 = 0
                               	}
 2000a8c:    94 e1 01 04       	r0 = r0 ^ (1 << r4)
 2000a90:    c1 ff ff ff 00 00 	r1 = 65535 <row+0xFFFA : fffe >
 2000a96:    18 19             	r0 ^= r1
 2000a98:    bf ea e5 fe       	call -566 <fm1__sr_word : 2000866 >
 2000a9c:    40 20             	r0 = 0
 2000a9e:    bf ea c4 fe       	call -632 <fm1__led_lines : 200082a >
 2000aa2:    52 ee c0 40       	b[r12+0] = r4
 2000aa6:    85 f8 e9 16       	if (r5 != 11) goto 466 <fm1_timer5_irq+0x256 : 2000c7c >
 2000aaa:    ca ff 33 35 00 02 	r10 = 33568051 <FM1_KEYMAP+0xA : 2003532 >
 2000ab0:    41 20             	r1 = 0
 2000ab2:    49 e0 01 00       	r9 = 1 <firmware/src/diag.c : 0 >
 2000ab6:    b4 e0 10 3f       	r3 = r1 + r15
 2000aba:    a6 16             	r6 = r10
 2000abc:    47 21             	r7 = 1
 2000abe:    d4 ee 6b 50       	r5 = b[r6++=11] (s)
 2000ac2:    85 fd 47 00       	ifs (r5 < 0) goto 142 <fm1_timer5_irq+0x12E : 2000b54 >
 2000ac6:    50 ee 34 08       	r0 = b[r3+132] (u)
 2000aca:    b4 e0 50 2f       	r2 = r5 + r15
 2000ace:    58 ee 2f 48       	r4 = b[++r2=143] (u)
 2000ad2:    94 e1 02 07       	r0 = r0 & (1 << r7)
 2000ad6:    00 45             	if (r0 == 0) goto 10 <fm1_timer5_irq+0xBC : 2000ae2 >
 2000ad8:    04 fc 07 0e       	if (r4 > 7) goto 14 <fm1_timer5_irq+0xC4 : 2000aea >
 2000adc:    28 40             	r0 = b[r2+0] (u)
 2000ade:    c0 21             	r0 += 1
 2000ae0:    04 83             	goto 6 <fm1_timer5_irq+0xC2 : 2000ae8 >
 2000ae2:    04 43             	if (r4 == 0) goto 6 <fm1_timer5_irq+0xC4 : 2000aea >
 2000ae4:    28 40             	r0 = b[r2+0] (u)
 2000ae6:    f8 3f             	r0 += -1
 2000ae8:    a8 40             	b[r2+0] = r0
 2000aea:    28 40             	r0 = b[r2+0] (u)
 2000aec:    44 21             	r4 = 1
 2000aee:    00 f8 03 10       	if (r0 == 8) goto 6 <fm1_timer5_irq+0xD2 : 2000af8 >
 2000af2:    28 40             	r0 = b[r2+0] (u)
 2000af4:    90 4f             	if (r0 != 0) goto 94 <fm1_timer5_irq+0x12E : 2000b54 >
 2000af6:    44 20             	r4 = 0
 2000af8:    50 17             	r0 = r5.b0 (u)
 2000afa:    80 f9 11 1c       	if (r0 < 14) goto 34 <fm1_timer5_irq+0xFA : 2000b20 >
 2000afe:    14 42             	if (r4 == 0) goto 68 <fm1_timer5_irq+0x11E : 2000b44 >
 2000b00:    d0 ec f0 07       	r0 = [r15+112]
 2000b04:    32 e1 f2 5f       	r2 = r5 + -14
 2000b08:    c8 e1 90 22       	r2 = r9 << r2
 2000b0c:    10 ea 00 42       	if ((r0 & r2) == 0) {
 2000b10:    00 e1 80 f0       		r0 = r15 + 128
 2000b14:    64 e8 00 02       		[r0+0] |= r2
                               	}
 2000b18:    d0 ec f0 07       	r0 = [r15+112]
 2000b1c:    02 19             	r2 |= r0
 2000b1e:    04 98             	goto 48 <fm1_timer5_irq+0x12A : 2000b50 >
 2000b20:    d0 ec f4 07       	r0 = [r15+116]
 2000b24:    d0 1a             	r0 >>= r5
 2000b26:    60 e1 01 00       	r0 = r0 & 0x1
 2000b2a:    00 e8 13 40       	if (r4 == r0) goto 38 <fm1_timer5_irq+0x12E : 2000b54 >
 2000b2e:    66 e8 75 f5       	[r15+116] ^= 1 << r5
 2000b32:    00 e1 7c f0       	r0 = r15 + 124
 2000b36:    02 e1 78 f0       	r2 = r15 + 120
 2000b3a:    84 41             	if (r4 != 0) goto 2 <fm1_timer5_irq+0x118 : 2000b3e >
 2000b3c:    02 16             	r2 = r0
 2000b3e:    66 e8 00 25       	[r2+0] |= 1 << r5
 2000b42:    04 88             	goto 16 <fm1_timer5_irq+0x12E : 2000b54 >
 2000b44:    d0 ec f0 07       	r0 = [r15+112]
 2000b48:    32 e1 f2 5f       	r2 = r5 + -14
 2000b4c:    94 e1 03 22       	r2 = r0 & ~(1 << r2)
 2000b50:    d0 ec f1 27       	[r15+112] = r2
 2000b54:    c7 21             	r7 += 1
 2000b56:    87 f8 b2 0b       	if (r7 != 5) goto -156 <fm1_timer5_irq+0x98 : 2000abe >
 2000b5a:    c1 21             	r1 += 1
 2000b5c:    0a e1 01 a0       	r10 = r10 + 1
 2000b60:    81 f8 a9 17       	if (r1 != 11) goto -174 <fm1_timer5_irq+0x90 : 2000ab6 >
 2000b64:    c5 14             	r13 = 0
 2000b66:    c1 ff 6a 35 00 02 	r1 = 33568106 <FM1_ENC : 200356a >
 2000b6c:    4b e0 01 00       	r11 = 1 <firmware/src/diag.c : 0 >
 2000b70:    4a e0 82 41       	r10 = 16770 <row+0x417E : 4182 >
 2000b74:    46 20             	r6 = 0
 2000b76:    02 f1 84 f0       	r2 = r15 + 132  #
 2000b7a:    18 40             		 r0 = b[r1+0] (u)
 2000b7c:    d8 ee 00 02       	r0 = b[r0+r2] (u)
 2000b80:    1b 42             	r3 = b[r1+2] (u)
 2000b82:    1c 41             	r4 = b[r1+1] (u)
 2000b84:    d8 ee 30 22       	r2 = b[r3+r2] (u)
 2000b88:    c0 da             	r0 >>= r4  #
 2000b8a:    1b 43             		 r3 = b[r1+3] (u)
 2000b8c:    00 a1             	r0 = r0 << 1
 2000b8e:    b2 1a             	r2 >>= r3
 2000b90:    b4 e0 60 3f       	r3 = r6 + r15
 2000b94:    07 e1 bf 30       	r7 = r3 + 191
 2000b98:    60 f1 02 00       	r0 = r0 & 0x2  #
 2000b9c:    7c 40             		 r4 = b[r7+0] (u)
 2000b9e:    62 e1 01 20       	r2 = r2 & 0x1
 2000ba2:    90 e1 20 50       	r5 = r2 | r0
 2000ba6:    84 e8 5e 50       	if (r5 != r4) goto 188 <fm1_timer5_irq+0x240 : 2000c66 >
 2000baa:    32 16             	r2 = r3
 2000bac:    58 ee 28 0b       	r0 = b[++r2=184] (u)
 2000bb0:    30 e8 ff 80       	if (r0 == 255) {
 2000bb4:    ad 40             		b[r2+0] = r5
 2000bb6:    c8 e1 b0 05       		r0 = r11 << r5
 2000bba:    52 ee 36 0c       		b[r3+198] = r0
                               	}
 2000bbe:    30 16             	r0 = r3
 2000bc0:    58 ee 0d 4c       	r4 = b[++r0=205] (u)
 2000bc4:    14 f8 18 fe       	if (r4 == 255) goto 48 <fm1_timer5_irq+0x1D2 : 2000bf8 >
 2000bc8:    0c 40             	r4 = b[r0+0] (u)
 2000bca:    c4 21             	r4 += 1
 2000bcc:    be e1 20 40       	r14 = uextra(r4, p:0, l:8)
 2000bd0:    8c 40             	b[r0+0] = r4
 2000bd2:    8e f8 11 50       	if (r14 != 40) goto 34 <fm1_timer5_irq+0x1D2 : 2000bf8 >
 2000bd6:    30 16             	r0 = r3
 2000bd8:    58 ee 06 9c       	r9 = b[++r0=198] (u)
 2000bdc:    c8 e1 b0 e5       	r14 = r11 << r5
 2000be0:    e9 fb 0a 00       	if ((r9 & r14) != 0) goto 20 <fm1_timer5_irq+0x1D2 : 2000bf8 >
 2000be4:    58 e1 03 50       	r8 = r5 ^ 0x3
 2000be8:    c8 e1 b0 48       	r4 = r11 << r8
 2000bec:    99 e8 00 04       	if (r9 != r4) {
 2000bf0:    c1 14             		r9 = 0
                               	}
 2000bf2:    90 e1 90 4e       	r4 = r9 | r14
 2000bf6:    8c 40             	b[r0+0] = r4
 2000bf8:    28 40             	r0 = b[r2+0] (u)
 2000bfa:    00 e8 37 50       	if (r5 == r0) goto 110 <fm1_timer5_irq+0x246 : 2000c6c >
 2000bfe:    48 f0 01 00       	r8 = 1  # <firmware/src/diag.c : 0 >
 2000c02:    28 40             		 r0 = b[r2+0] (u)
 2000c04:    00 a2             	r0 = r0 << 2
 2000c06:    50 19             	r0 |= r5
 2000c08:    c8 e1 a2 40       	r4 = r10 >> r0
 2000c0c:    0e e1 d4 30       	r14 = r3 + 212
 2000c10:    54 e8 08 02       	if ((r4 & 1) != 0) goto 16 <fm1_timer5_irq+0x1FE : 2000c24 >
 2000c14:    44 e0 14 28       	r4 = 10260 <row+0x2810 : 2814 >
 2000c18:    c8 e1 42 00       	r0 = r4 >> r0
 2000c1c:    48 e0 ff 00       	r8 = 255 <row+0xFA : fe >
 2000c20:    50 e8 05 00       	if ((r0 & 1) == 0) goto 10 <fm1_timer5_irq+0x208 : 2000c2e >
 2000c24:    50 ee e0 00       	r0 = b[r14+0] (u)
 2000c28:    80 18             	r0 += r8
 2000c2a:    52 ee e0 00       	b[r14+0] = r0
 2000c2e:    ad 40             	b[r2+0] = r5
 2000c30:    50 ee 36 0c       	r0 = b[r3+198] (u)
 2000c34:    94 e1 02 05       	r0 = r0 & (1 << r5)
 2000c38:    00 59             	if (r0 == 0) goto 50 <fm1_timer5_irq+0x246 : 2000c6c >
 2000c3a:    54 ee 75 01       	r0 = b[r7+21] (s)
 2000c3e:    42 21             	r2 = 1
 2000c40:    00 fe 07 02       	ifs (r0 > 1) goto 14 <fm1_timer5_irq+0x22C : 2000c52 >
 2000c44:    54 ee 75 01       	r0 = b[r7+21] (s)
 2000c48:    c2 ff ff ff 00 00 	r2 = 65535 <row+0xFFFA : fffe >
 2000c4e:    70 fd 07 fe       	ifs (r0 >= -1) goto 14 <fm1_timer5_irq+0x23A : 2000c60 >
 2000c52:    60 a1             	r0 = r6 << 1
 2000c54:    f0 18             	r0 += r15
 2000c56:    50 ed 0c 3d       	r3 = h[r0+220] (u)
 2000c5a:    32 18             	r2 += r3
 2000c5c:    50 ed 0d 2d       	h[r0+220] = r2
 2000c60:    52 ee e0 d0       	b[r14+0] = r13
 2000c64:    04 83             	goto 6 <fm1_timer5_irq+0x246 : 2000c6c >
 2000c66:    fd 40             	b[r7+0] = r5
 2000c68:    52 ee 3d dc       	b[r3+205] = r13
 2000c6c:    c6 21             	r6 += 1
 2000c6e:    c1 24             	r1 += 4
 2000c70:    86 f8 81 0f       	if (r6 != 7) goto -254 <fm1_timer5_irq+0x150 : 2000b76 >
 2000c74:    00 e1 ec f0       	r0 = r15 + 236
 2000c78:    c0 eb 01 00       	[r0+0] += 1
 2000c7c:    d0 ec c8 00       	r0 = [r12+8]
 2000c80:    41 25             	r1 = 5
 2000c82:    f4 e1 00 11       	r1 = r0 / r1 (u)
 2000c86:    e1 e1 05 10       	r1 = r1 * 0x5
 2000c8a:    08 1e             	r0 = r0 - r1
 2000c8c:    01 ff 00 00 14 03 	if (r0 != 0) goto 1576 <fm1_timer5_irq+0x894 : 20012ba >
 2000c92:    40 e0 48 01       	r0 = 328 <row+0x144 : 148 >
 2000c96:    d8 ee c0 00       	r0 = b[r12+r0] (u)
 2000c9a:    00 ff 00 00 0d 03 	if (r0 == 0) goto 1562 <fm1_timer5_irq+0x894 : 20012ba >
 2000ca0:    60 e0 8c 9b       	r9 = 0x11800
 2000ca4:    d0 ec 90 00       	r0 = [r9+0]
 2000ca8:    50 e8 0b 6a       	if ((r0 & 8192) != 0) goto 22 <fm1_timer5_irq+0x29C : 2000cc2 >
 2000cac:    c1 16             	r1 = r12
 2000cae:    d1 ec 12 07       	r0 = [++r1=368]
 2000cb2:    c0 21             	r0 += 1
 2000cb4:    90 60             	[r1+0] = r0
 2000cb6:    11 62             	r1 = [r1+8] 
 2000cb8:    10 ec 00 01       	if (r0 > r1) {
 2000cbc:    d1 ec c9 07       		[r12+376] = r0
                               	}
 2000cc0:    04 88             	goto 16 <fm1_timer5_irq+0x2AC : 2000cd2 >
 2000cc2:    00 ef 80 9d       	[r9+0] |= 0x1000
 2000cc6:    00 e1 68 c1       	r0 = r12 + 360
 2000cca:    c0 eb 01 00       	[r0+0] += 1
 2000cce:    42 ea 00 00       	[r0+8] = 0x0
 2000cd2:    40 e0 49 01       	r0 = 329 <row+0x144 : 148 >
 2000cd6:    d8 ee c0 00       	r0 = b[r12+r0] (u)
 2000cda:    10 53             	if (r0 == 0) goto 102 <fm1_timer5_irq+0x31C : 2000d42 >
 2000cdc:    d0 ec c8 01       	r0 = [r12+24]
 2000ce0:    c0 21             	r0 += 1
 2000ce2:    d0 ec c9 01       	[r12+24] = r0
 2000ce6:    80 f9 2c 28       	if (r0 < 20) goto 88 <fm1_timer5_irq+0x31C : 2000d42 >
 2000cea:    45 20             	r5 = 0
 2000cec:    d0 ec c9 51       	[r12+24] = r5
 2000cf0:    40 2c             	r0 = 12
 2000cf2:    bf ea d4 fd       	call -1112 <sie_rd : 200089e >
 2000cf6:    06 16             	r6 = r0
 2000cf8:    40 2d             	r0 = 13
 2000cfa:    bf ea d0 fd       	call -1120 <sie_rd : 200089e >
 2000cfe:    00 a8             	r0 = r0 << 8
 2000d00:    51 ed c4 18       	r1 = h[r12+388] (u)
 2000d04:    60 e1 e0 0e       	r0 = r0 & 0x700
 2000d08:    60 19             	r0 |= r6
 2000d0a:    82 17             	r2 = r0.l (u)
 2000d0c:    82 e8 14 10       	if (r1 != r2) goto 40 <fm1_timer5_irq+0x312 : 2000d38 >
 2000d10:    51 ed c6 08       	r0 = h[r12+390] (u)
 2000d14:    c0 21             	r0 += 1
 2000d16:    81 17             	r1 = r0.l (u)
 2000d18:    51 ed c7 08       	h[r12+390] = r0
 2000d1c:    81 f9 11 14       	if (r1 < 10) goto 34 <fm1_timer5_irq+0x31C : 2000d42 >
 2000d20:    40 e0 89 01       	r0 = 393 <row+0x184 : 188 >
 2000d24:    d8 ee c0 00       	r0 = b[r12+r0] (u)
 2000d28:    80 4c             	if (r0 != 0) goto 24 <fm1_timer5_irq+0x31C : 2000d42 >
 2000d2a:    40 21             	r0 = 1
 2000d2c:    01 e1 80 c1       	r1 = r12 + 384
 2000d30:    98 49             	b[r1+9] = r0
 2000d32:    c0 eb 01 10       	[r1+0] += 1
 2000d36:    04 85             	goto 10 <fm1_timer5_irq+0x31C : 2000d42 >
 2000d38:    c1 16             	r1 = r12
 2000d3a:    59 ed 15 08       	h[++r1=388] = r0
 2000d3e:    9d 61             	h[r1+2] = r5
 2000d40:    9d 45             	b[r1+5] = r5
 2000d42:    40 26             	r0 = 6
 2000d44:    bf ea ab fd       	call -1194 <sie_rd : 200089e >
 2000d48:    07 16             	r7 = r0
 2000d4a:    40 22             	r0 = 2
 2000d4c:    bf ea a7 fd       	call -1202 <sie_rd : 200089e >
 2000d50:    06 16             	r6 = r0
 2000d52:    40 24             	r0 = 4
 2000d54:    bf ea a3 fd       	call -1210 <sie_rd : 200089e >
 2000d58:    0d 16             	r13 = r0
 2000d5a:    57 e8 09 00       	if ((r7 & 1) == 0) goto 18 <fm1_timer5_irq+0x34A : 2000d70 >
 2000d5e:    00 e1 74 c1       	r0 = r12 + 372
 2000d62:    c0 eb 01 00       	[r0+0] += 1
 2000d66:    40 e0 89 01       	r0 = 393 <row+0x184 : 188 >
 2000d6a:    41 21             	r1 = 1
 2000d6c:    d8 ee c1 10       	b[r12+r0] = r1
 2000d70:    37 ea 02 80       	if ((r7 & 0x2) != 0) {
 2000d74:    40 e0 89 01       		r0 = 393 <row+0x184 : 188 >
 2000d78:    41 20             		r1 = 0
 2000d7a:    d8 ee c1 10       		b[r12+r0] = r1
                               	}
 2000d7e:    ca ff 00 80 c0 01 	r10 = 29392896 <cdc : 1c08000 >
 2000d84:    c8 ff 30 80 c0 01 	r8 = 29392944 <ep0buf : 1c08030 >
 2000d8a:    57 e8 31 10       	if ((r7 & 4) == 0) goto 98 <fm1_timer5_irq+0x3CA : 2000df0 >
 2000d8e:    04 e1 48 c1       	r4 = r12 + 328
 2000d92:    c4 eb 01 40       	[r4+16] += 1
 2000d96:    80 14             	r1_r0 = 0
 2000d98:    45 20             	r5 = 0
 2000d9a:    bf ea ad fd       	call -1190 <sie_wr : 20008f8 >
 2000d9e:    40 f0 89 01       	r0 = 393  # <row+0x184 : 188 >
 2000da2:    cd 41             		 b[r4+1] = r5
 2000da4:    d8 ee c1 50       	b[r12+r0] = r5
 2000da8:    d0 ec cc 01       	r0 = [r12+28]
 2000dac:    d0 ec c1 02       	[r12+32] = r0
 2000db0:    40 e0 a3 01       	r0 = 419 <row+0x19E : 1a2 >
 2000db4:    d8 ee c1 50       	b[r12+r0] = r5
 2000db8:    d0 ec c4 02       	r0 = [r12+36]
 2000dbc:    d0 ec c9 02       	[r12+40] = r0
 2000dc0:    52 ee c1 50       	b[r12+1] = r5
 2000dc4:    cd 44             	b[r4+4] = r5
 2000dc6:    cd 43             	b[r4+3] = r5
 2000dc8:    52 ee a7 50       	b[r10+7] = r5
 2000dcc:    52 ee a8 50       	b[r10+8] = r5
 2000dd0:    52 ee a9 50       	b[r10+9] = r5
 2000dd4:    d0 ec 99 81       	[r9+24] = r8
 2000dd8:    40 2b             	r0 = 11
 2000dda:    41 27             	r1 = 7
 2000ddc:    bf ea 8c fd       	call -1256 <sie_wr : 20008f8 >
 2000de0:    40 27             	r0 = 7
 2000de2:    41 21             	r1 = 1
 2000de4:    bf ea 88 fd       	call -1264 <sie_wr : 20008f8 >
 2000de8:    40 29             	r0 = 9
 2000dea:    41 20             	r1 = 0
 2000dec:    bf ea 84 fd       	call -1272 <sie_wr : 20008f8 >
 2000df0:    cb ff 00 81 c0 01 	r11 = 29393152 <ep3tx : 1c08100 >
 2000df6:    c7 ff 40 81 c0 01 	r7 = 29393216 <ep3rx : 1c08140 >
 2000dfc:    56 e8 5d 00       	if ((r6 & 1) == 0) goto 186 <fm1_timer5_irq+0x494 : 2000eba >
 2000e00:    44 e0 4b 01       	r4 = 331 <row+0x146 : 14a >
 2000e04:    d8 ee c0 04       	r0 = b[r12+r4] (u)
 2000e08:    00 4a             	if (r0 == 0) goto 20 <fm1_timer5_irq+0x3F8 : 2000e1e >
 2000e0a:    40 e0 4a 01       	r0 = 330 <row+0x146 : 14a >
 2000e0e:    d8 ee c0 10       	r1 = b[r12+r0] (u)
 2000e12:    40 20             	r0 = 0
 2000e14:    45 20             	r5 = 0
 2000e16:    bf ea 6f fd       	call -1314 <sie_wr : 20008f8 >
 2000e1a:    d8 ee c1 54       	b[r12+r4] = r5
 2000e1e:    40 2e             	r0 = 14
 2000e20:    41 20             	r1 = 0
 2000e22:    44 20             	r4 = 0
 2000e24:    bf ea 68 fd       	call -1328 <sie_wr : 20008f8 >
 2000e28:    40 31             	r0 = 17
 2000e2a:    bf ea 38 fd       	call -1424 <sie_rd : 200089e >
 2000e2e:    06 16             	r6 = r0
 2000e30:    56 e8 0c 12       	if ((r6 & 4) != 0) goto 24 <fm1_timer5_irq+0x426 : 2000e4c >
 2000e34:    56 e8 15 22       	if ((r6 & 16) != 0) goto 42 <fm1_timer5_irq+0x43C : 2000e62 >
 2000e38:    40 e0 4c 01       	r0 = 332 <row+0x148 : 14c >
 2000e3c:    d8 ee c0 00       	r0 = b[r12+r0] (u)
 2000e40:    00 5b             	if (r0 == 0) goto 54 <fm1_timer5_irq+0x452 : 2000e78 >
 2000e42:    56 e8 3a 0a       	if ((r6 & 2) != 0) goto 116 <fm1_timer5_irq+0x494 : 2000eba >
 2000e46:    bf ea 81 fd       	call -1278 <e0_chunk : 200094c >
 2000e4a:    14 97             	goto 110 <fm1_timer5_irq+0x494 : 2000eba >
 2000e4c:    40 31             	r0 = 17
 2000e4e:    41 20             	r1 = 0
 2000e50:    bf ea 52 fd       	call -1372 <sie_wr : 20008f8 >
 2000e54:    40 e0 4c 01       	r0 = 332 <row+0x148 : 14c >
 2000e58:    d8 ee c1 40       	b[r12+r0] = r4
 2000e5c:    52 ee a8 40       	b[r10+8] = r4
 2000e60:    14 8c             	goto 88 <fm1_timer5_irq+0x494 : 2000eba >
 2000e62:    40 31             	r0 = 17
 2000e64:    61 20             	r1 = 128
 2000e66:    bf ea 47 fd       	call -1394 <sie_wr : 20008f8 >
 2000e6a:    40 e0 4c 01       	r0 = 332 <row+0x148 : 14c >
 2000e6e:    41 20             	r1 = 0
 2000e70:    d8 ee c1 10       	b[r12+r0] = r1
 2000e74:    52 ee a8 10       	b[r10+8] = r1
 2000e78:    56 e8 1f 00       	if ((r6 & 1) == 0) goto 62 <fm1_timer5_irq+0x494 : 2000eba >
 2000e7c:    22 00             	ssync
 2000e7e:    50 ee a8 00       	r0 = b[r10+8] (u)
 2000e82:    00 ff 00 00 5d 02 	if (r0 == 0) goto 1210 <fm1_timer5_irq+0x91C : 2001342 >
 2000e88:    40 36             	r0 = 22
 2000e8a:    bf ea 08 fd       	call -1520 <sie_rd : 200089e >
 2000e8e:    00 4a             	if (r0 == 0) goto 20 <fm1_timer5_irq+0x47E : 2000ea4 >
 2000e90:    41 20             	r1 = 0
 2000e92:    d8 ee 10 28       	r2 = b[r1+r8] (u)
 2000e96:    d8 ee 11 2a       	b[r1+r10] = r2
 2000e9a:    c1 21             	r1 += 1
 2000e9c:    01 fc 02 0c       	if (r1 > 6) goto 4 <fm1_timer5_irq+0x47E : 2000ea4 >
 2000ea0:    80 e9 f7 11       	if (r1 < r0) goto -18 <fm1_timer5_irq+0x46C : 2000e92 >
 2000ea4:    40 20             	r0 = 0
 2000ea6:    52 ee a8 00       	b[r10+8] = r0
 2000eaa:    40 2e             	r0 = 14
 2000eac:    41 20             	r1 = 0
 2000eae:    bf ea 23 fd       	call -1466 <sie_wr : 20008f8 >
 2000eb2:    40 31             	r0 = 17
 2000eb4:    51 28             	r1 = 72
 2000eb6:    bf ea 1f fd       	call -1474 <sie_wr : 20008f8 >
 2000eba:    60 ff 02 d0 01 01 	if ((r13 & 0x2) == 0) goto 514 <fm1_timer5_irq+0x69C : 20010c2 >
 2000ec0:    40 2e             	r0 = 14
 2000ec2:    41 21             	r1 = 1
 2000ec4:    bf ea 18 fd       	call -1488 <sie_wr : 20008f8 >
 2000ec8:    40 34             	r0 = 20
 2000eca:    bf ea e8 fc       	call -1584 <sie_rd : 200089e >
 2000ece:    04 16             	r4 = r0
 2000ed0:    40 35             	r0 = 21
 2000ed2:    bf ea e4 fc       	call -1592 <sie_rd : 200089e >
 2000ed6:    54 e8 f4 00       	if ((r4 & 1) == 0) goto 488 <fm1_timer5_irq+0x69C : 20010c2 >
 2000eda:    d4 e9 09 d0       	[sp+8] = r13
 2000ede:    00 a8             	r0 = r0 << 8
 2000ee0:    40 d9             	r0 |= r4  #
 2000ee2:    84 21             		 [sp+4] = r4
 2000ee4:    80 20             	[sp] = r0
 2000ee6:    40 36             	r0 = 22
 2000ee8:    bf ea d9 fc       	call -1614 <sie_rd : 200089e >
 2000eec:    06 16             	r6 = r0
 2000eee:    40 37             	r0 = 23
 2000ef0:    bf ea d5 fc       	call -1622 <sie_rd : 200089e >
 2000ef4:    00 a8             	r0 = r0 << 8
 2000ef6:    60 19             	r0 |= r6
 2000ef8:    30 e9 40 00       	if (r0 >= 64) {
 2000efc:    50 20             		r0 = 64
                               	}
 2000efe:    22 00             	ssync
 2000f00:    80 f9 bf 08       	if (r0 < 4) goto 382 <fm1_timer5_irq+0x65C : 2001082 >
 2000f04:    41 20             	r1 = 0
 2000f06:    42 f0 a3 01       	r2 = 419  # <row+0x19E : 1a2 >
 2000f0a:    80 23             		 [sp+12] = r0
 2000f0c:    43 e0 a2 01       	r3 = 418 <row+0x19E : 1a2 >
 2000f10:    46 e0 92 01       	r6 = 402 <row+0x18E : 192 >
 2000f14:    cb ff 8b 36 00 02 	r11 = 33568395 <STR2+0x13 : 200368a >
 2000f1a:    4a e0 01 00       	r10 = 1 <firmware/src/diag.c : 0 >
 2000f1e:    c5 14             	r13 = 0
 2000f20:    04 8c             	goto 24 <fm1_timer5_irq+0x514 : 2000f3a >
 2000f22:    d0 ec cc 02       	r0 = [r12+44]
 2000f26:    d0 ec c0 43       	r4 = [r12+48]
 2000f2a:    00 1f             	r0 = r0 - r4
 2000f2c:    00 fc a2 7e       	if (r0 > 63) goto 324 <fm1_timer5_irq+0x64E : 2001074 >
 2000f30:    d0 ec cc 02       	r0 = [r12+44]
 2000f34:    cb eb 01 c0       	[r12+44] += 1
 2000f38:    44 9d             	goto 314 <fm1_timer5_irq+0x64E : 2001074 >
 2000f3a:    c0 ff b4 80 c0 01 	r0 = 29393076 <ep1rx : 1c080b4 >
 2000f40:    d8 ee d0 00       	r0 = b[r13+r0] (u)
 2000f44:    74 e1 f3 00       	r4 = r0 & 0xFFFFFF0C
 2000f48:    70 e1 f0 00       	r0 = r0 & 0xFFFFFF0F
 2000f4c:    84 f8 89 08       	if (r4 != 4) goto 274 <fm1_timer5_irq+0x63C : 2001062 >
 2000f50:    49 e0 03 00       	r9 = 3 <firmware/src/diag.c+0x2 : 2 >
 2000f54:    00 f8 08 08       	if (r0 == 4) goto 16 <fm1_timer5_irq+0x542 : 2000f68 >
 2000f58:    00 f8 06 0e       	if (r0 == 7) goto 12 <fm1_timer5_irq+0x542 : 2000f68 >
 2000f5c:    49 e0 02 00       	r9 = 2 <firmware/src/diag.c+0x2 : 2 >
 2000f60:    b0 e8 06 00       	if (r0 != 6) {
 2000f64:    49 e0 01 00       		r9 = 1
                               	} <firmware/src/diag.c : 0 >
 2000f68:    4e e1 01 d0       	r14 = r13 | 0x1
 2000f6c:    c0 14             	r8 = 0
 2000f6e:    b4 e0 80 0e       	r0 = r8 + r14
 2000f72:    c4 ff b4 80 c0 01 	r4 = 29393076 <ep1rx : 1c080b4 >
 2000f78:    d8 ee 00 54       	r5 = b[r0+r4] (u)
 2000f7c:    95 f8 0f e0       	if (r5 != 240) goto 30 <fm1_timer5_irq+0x578 : 2000f9e >
 2000f80:    44 21             	r4 = 1
 2000f82:    d8 ee c1 42       	b[r12+r2] = r4
 2000f86:    40 20             	r0 = 0
 2000f88:    d8 ee c1 03       	b[r12+r3] = r0
 2000f8c:    50 ee c2 70       	r7 = b[r12+2] (u)
 2000f90:    07 41             	if (r7 == 0) goto 2 <fm1_timer5_irq+0x56E : 2000f94 >
 2000f92:    44 20             	r4 = 0
 2000f94:    52 ee c1 40       	b[r12+1] = r4
 2000f98:    d0 ec c5 03       	[r12+52] = r0
 2000f9c:    04 83             	goto 6 <fm1_timer5_irq+0x57E : 2000fa4 >
 2000f9e:    d8 ee c0 02       	r0 = b[r12+r2] (u)
 2000fa2:    20 5a             	if (r0 == 0) goto 180 <fm1_timer5_irq+0x632 : 2001058 >
 2000fa4:    50 ee c1 00       	r0 = b[r12+1] (u)
 2000fa8:    00 53             	if (r0 == 0) goto 38 <fm1_timer5_irq+0x5AA : 2000fd0 >
 2000faa:    15 f8 11 e0       	if (r5 == 240) goto 34 <fm1_timer5_irq+0x5AA : 2000fd0 >
 2000fae:    15 f8 0f ee       	if (r5 == 247) goto 30 <fm1_timer5_irq+0x5AA : 2000fd0 >
 2000fb2:    d0 ec c4 03       	r0 = [r12+52]
 2000fb6:    40 fc 09 fe       	if (r0 > 639) goto 18 <fm1_timer5_irq+0x5A6 : 2000fcc >
 2000fba:    0c 81             	r4 = r0 + 1
 2000fbc:    d0 ec c5 43       	[r12+52] = r4
 2000fc0:    c4 ff 84 81 c0 01 	r4 = 29393284 <sx_frame : 1c08184 >
 2000fc6:    d8 ee 01 54       	b[r0+r4] = r5
 2000fca:    04 82             	goto 4 <fm1_timer5_irq+0x5AA : 2000fd0 >
 2000fcc:    52 ee c1 10       	b[r12+1] = r1
 2000fd0:    d8 ee c0 03       	r0 = b[r12+r3] (u)
 2000fd4:    b0 ec 0f c0       	if (r0 <= 15) {
 2000fd8:    0c 81             		r4 = r0 + 1
 2000fda:    d8 ee c1 43       		b[r12+r3] = r4
 2000fde:    c0 18             		r0 += r12
 2000fe0:    d8 ee 01 56       		b[r0+r6] = r5
                               	}
 2000fe4:    95 f8 38 ee       	if (r5 != 247) goto 112 <fm1_timer5_irq+0x632 : 2001058 >
 2000fe8:    d8 ee c0 53       	r5 = b[r12+r3] (u)
 2000fec:    85 f8 12 0c       	if (r5 != 6) goto 36 <fm1_timer5_irq+0x5EE : 2001014 >
 2000ff0:    40 20             	r0 = 0
 2000ff2:    d8 ee 00 4b       	r4 = b[r0+r11] (u)
 2000ff6:    b4 e0 00 7c       	r7 = r0 + r12
 2000ffa:    d8 ee 70 76       	r7 = b[r7+r6] (u)
 2000ffe:    c0 21             	r0 += 1
 2001000:    00 fc 02 0a       	if (r0 > 5) goto 4 <fm1_timer5_irq+0x5E2 : 2001008 >
 2001004:    04 e8 f5 71       	if (r7 == r4) goto -22 <fm1_timer5_irq+0x5CC : 2000ff2 >
 2001008:    84 e8 04 70       	if (r7 != r4) goto 8 <fm1_timer5_irq+0x5EE : 2001014 >
 200100c:    28 81             	r0 = r2 + 1
 200100e:    d8 ee c1 a0       	b[r12+r0] = r10
 2001012:    04 9e             	goto 60 <fm1_timer5_irq+0x62A : 2001050 >
 2001014:    00 e1 93 c1       	r0 = r12 + 403
 2001018:    85 f8 10 0c       	if (r5 != 6) goto 32 <fm1_timer5_irq+0x616 : 200103c >
 200101c:    0c 40             	r4 = b[r0+0] (u)
 200101e:    84 f8 0d 44       	if (r4 != 34) goto 26 <fm1_timer5_irq+0x616 : 200103c >
 2001022:    0c 41             	r4 = b[r0+1] (u)
 2001024:    84 f8 0a 48       	if (r4 != 36) goto 20 <fm1_timer5_irq+0x616 : 200103c >
 2001028:    0c 42             	r4 = b[r0+2] (u)
 200102a:    84 f8 07 6a       	if (r4 != 53) goto 14 <fm1_timer5_irq+0x616 : 200103c >
 200102e:    08 43             	r0 = b[r0+3] (u)
 2001030:    80 f8 04 fe       	if (r0 != 127) goto 8 <fm1_timer5_irq+0x616 : 200103c >
 2001034:    28 82             	r0 = r2 + 2
 2001036:    d8 ee c1 a0       	b[r12+r0] = r10
 200103a:    04 8a             	goto 20 <fm1_timer5_irq+0x62A : 2001050 >
 200103c:    50 ee c1 00       	r0 = b[r12+1] (u)
 2001040:    00 47             	if (r0 == 0) goto 14 <fm1_timer5_irq+0x62A : 2001050 >
 2001042:    d0 ec c4 03       	r0 = [r12+52]
 2001046:    00 44             	if (r0 == 0) goto 8 <fm1_timer5_irq+0x62A : 2001050 >
 2001048:    d0 ec c9 03       	[r12+56] = r0
 200104c:    52 ee c2 a0       	b[r12+2] = r10
 2001050:    52 ee c1 10       	b[r12+1] = r1
 2001054:    d8 ee c1 12       	b[r12+r2] = r1
 2001058:    08 e1 01 80       	r8 = r8 + 1
 200105c:    89 e9 87 81       	if (r8 < r9) goto -242 <fm1_timer5_irq+0x548 : 2000f6e >
 2001060:    04 89             	goto 18 <fm1_timer5_irq+0x64E : 2001074 >
 2001062:    00 fc 5e 1f       	if (r0 > 15) goto -324 <fm1_timer5_irq+0x4FC : 2000f22 >
 2001066:    c4 ff ff 80 00 00 	r4 = 33023 <row+0x80FA : 80fe >
 200106c:    94 e1 42 00       	r0 = r4 & (1 << r0)
 2001070:    00 f8 57 01       	if (r0 == 0) goto -338 <fm1_timer5_irq+0x4FC : 2000f22 >
 2001074:    0d f1 04 d0       	r13 = r13 + 4  #
 2001078:    04 23             		 r4 = [sp+12]
 200107a:    40 e1 03 d0       	r0 = r13 | 0x3
 200107e:    84 e9 5c 01       	if (r0 < r4) goto -328 <fm1_timer5_irq+0x514 : 2000f3a >
 2001082:    00 e1 60 c1       	r0 = r12 + 352
 2001086:    c0 eb 01 00       	[r0+0] += 1
 200108a:    00 21             	r0 = [sp+4]
 200108c:    60 e1 8b 00       	r0 = r0 & 0x8B
 2001090:    41 e1 10 00       	r1 = r0 | 0x10
 2001094:    40 34             	r0 = 20
 2001096:    bf ea 2f fc       	call -1954 <sie_wr : 20008f8 >
 200109a:    00 20             	r0 = [sp]
 200109c:    80 a9             	r0 = r0 >> 9
 200109e:    01 a1             	r1 = r0 << 1
 20010a0:    40 35             	r0 = 21
 20010a2:    bf ea 29 fc       	call -1966 <sie_wr : 20008f8 >
 20010a6:    60 e0 8c 9b       	r9 = 0x11800
 20010aa:    ca ff 00 80 c0 01 	r10 = 29392896 <cdc : 1c08000 >
 20010b0:    c7 ff 00 81 c0 01 	r7 = 29393152 <ep3tx : 1c08100 >
 20010b6:    7b 16             	r11 = r7
 20010b8:    c7 ff 40 81 c0 01 	r7 = 29393216 <ep3rx : 1c08140 >
 20010be:    d4 e9 08 d0       	r13 = [sp+8]
 20010c2:    40 e0 49 01       	r0 = 329 <row+0x144 : 148 >
 20010c6:    d8 ee c0 00       	r0 = b[r12+r0] (u)
 20010ca:    c4 ff 74 80 c0 01 	r4 = 29393012 <ep1tx : 1c08074 >
 20010d0:    00 f8 f3 00       	if (r0 == 0) goto 486 <fm1_timer5_irq+0x894 : 20012ba >
 20010d4:    d0 ec cc 01       	r0 = [r12+28]
 20010d8:    d0 ec c0 12       	r1 = [r12+32]
 20010dc:    81 e8 06 00       	if (r0 != r1) goto 12 <fm1_timer5_irq+0x6C6 : 20010ec >
 20010e0:    d0 ec c4 02       	r0 = [r12+36]
 20010e4:    d0 ec c8 12       	r1 = [r12+40]
 20010e8:    01 e8 47 00       	if (r0 == r1) goto 142 <fm1_timer5_irq+0x754 : 200117a >
 20010ec:    40 2e             	r0 = 14
 20010ee:    41 21             	r1 = 1
 20010f0:    bf ea 02 fc       	call -2044 <sie_wr : 20008f8 >
 20010f4:    40 31             	r0 = 17
 20010f6:    bf ea d2 fb       	call -2140 <sie_rd : 200089e >
 20010fa:    50 e8 3e 02       	if ((r0 & 1) != 0) goto 124 <fm1_timer5_irq+0x754 : 200117a >
 20010fe:    30 ea 80 80       	if ((r0 & 0x80) != 0) {
 2001102:    71 e1 80 00       		r1 = r0 & 0xFFFFFF7F
 2001106:    40 31             		r0 = 17
 2001108:    bf ea f6 fb       		call -2068
                               	} <sie_wr : 20008f8 >
 200110c:    d0 ec c8 12       	r1 = [r12+40]
 2001110:    d0 ec c4 22       	r2 = [r12+36]
 2001114:    40 20             	r0 = 0
 2001116:    02 e8 1a 10       	if (r1 == r2) goto 52 <fm1_timer5_irq+0x728 : 200114e >
 200111a:    d0 ec c8 12       	r1 = [r12+40]
 200111e:    02 e1 f0 f0       	r2 = r15 + 240
 2001122:    61 e1 3f 10       	r1 = r1 & 0x3F
 2001126:    d8 ec 2a 11       	r1 = [r2+r1<<2]
 200112a:    42 16             	r2 = r4
 200112c:    dc ee 21 10       	b[++r2=r0] = r1
 2001130:    93 a8             	r3 = r1 >> 8
 2001132:    ab 41             	b[r2+1] = r3
 2001134:    93 b0             	r3 = r1 >> 16
 2001136:    ab 42             	b[r2+2] = r3
 2001138:    91 b8             	r1 = r1 >> 24
 200113a:    a9 43             	b[r2+3] = r1
 200113c:    ca eb 01 c0       	[r12+40] += 1
 2001140:    d0 ec c8 12       	r1 = [r12+40]
 2001144:    d0 ec c4 22       	r2 = [r12+36]
 2001148:    c0 24             	r0 += 4
 200114a:    80 fc e4 7f       	if (r0 <= 63) goto -56 <fm1_timer5_irq+0x6F0 : 2001116 >
 200114e:    50 ee c3 10       	r1 = b[r12+3] (u)
 2001152:    01 f8 d8 00       	if (r1 == 0) goto 432 <fm1_timer5_irq+0x8E0 : 2001306 >
 2001156:    00 51             	if (r0 == 0) goto 34 <fm1_timer5_irq+0x754 : 200117a >
 2001158:    20 00             	csync
 200115a:    d0 ec 9d 41       	[r9+28] = r4
 200115e:    d0 ec 9d 00       	[r9+12] = r0
 2001162:    40 31             	r0 = 17
 2001164:    bf ea 9b fb       	call -2250 <sie_rd : 200089e >
 2001168:    41 e1 01 00       	r1 = r0 | 0x1
 200116c:    40 31             	r0 = 17
 200116e:    bf ea c3 fb       	call -2170 <sie_wr : 20008f8 >
 2001172:    00 e1 64 c1       	r0 = r12 + 356
 2001176:    c0 eb 01 00       	[r0+0] += 1
 200117a:    40 e0 49 01       	r0 = 329 <row+0x144 : 148 >
 200117e:    d8 ee c0 00       	r0 = b[r12+r0] (u)
 2001182:    00 f8 9a 00       	if (r0 == 0) goto 308 <fm1_timer5_irq+0x894 : 20012ba >
 2001186:    5d e8 04 1a       	if ((r13 & 8) != 0) goto 8 <fm1_timer5_irq+0x76C : 2001192 >
 200118a:    50 ee a9 00       	r0 = b[r10+9] (u)
 200118e:    80 44             	if (r0 != 0) goto 8 <fm1_timer5_irq+0x772 : 2001198 >
 2001190:    24 8f             	goto 158 <fm1_timer5_irq+0x80A : 2001230 >
 2001192:    40 21             	r0 = 1
 2001194:    52 ee a9 00       	b[r10+9] = r0
 2001198:    40 2e             	r0 = 14
 200119a:    41 23             	r1 = 3
 200119c:    bf ea ac fb       	call -2216 <sie_wr : 20008f8 >
 20011a0:    40 34             	r0 = 20
 20011a2:    bf ea 7c fb       	call -2312 <sie_rd : 200089e >
 20011a6:    04 16             	r4 = r0
 20011a8:    40 35             	r0 = 21
 20011aa:    bf ea 78 fb       	call -2320 <sie_rd : 200089e >
 20011ae:    54 e8 04 02       	if ((r4 & 1) != 0) goto 8 <fm1_timer5_irq+0x794 : 20011ba >
 20011b2:    40 20             	r0 = 0
 20011b4:    52 ee a9 00       	b[r10+9] = r0
 20011b8:    14 9b             	goto 118 <fm1_timer5_irq+0x80A : 2001230 >
 20011ba:    00 a8             	r0 = r0 << 8
 20011bc:    90 e1 00 54       	r5 = r0 | r4
 20011c0:    40 36             	r0 = 22
 20011c2:    bf ea 6c fb       	call -2344 <sie_rd : 200089e >
 20011c6:    06 16             	r6 = r0
 20011c8:    40 37             	r0 = 23
 20011ca:    bf ea 68 fb       	call -2352 <sie_rd : 200089e >
 20011ce:    00 a8             	r0 = r0 << 8
 20011d0:    60 19             	r0 |= r6
 20011d2:    30 e9 40 00       	if (r0 >= 64) {
 20011d6:    50 20             		r0 = 64
                               	}
 20011d8:    d0 ec cc 13       	r1 = [r12+60]
 20011dc:    d0 ec c0 24       	r2 = [r12+64]
 20011e0:    a1 e0 80 1f       	r1 = 0x100 - r1
 20011e4:    21 18             	r1 += r2
 20011e6:    80 e9 23 10       	if (r1 < r0) goto 70 <fm1_timer5_irq+0x80A : 2001230 >
 20011ea:    41 20             	r1 = 0
 20011ec:    52 ee a9 10       	b[r10+9] = r1
 20011f0:    22 00             	ssync
 20011f2:    00 4e             	if (r0 == 0) goto 28 <fm1_timer5_irq+0x7EA : 2001210 >
 20011f4:    c2 ff 30 9a c0 01 	r2 = 29399600 <cdc_in : 1c09a30 >
 20011fa:    d8 ee 10 37       	r3 = b[r1+r7] (u)
 20011fe:    d0 ec cc 63       	r6 = [r12+60]
 2001202:    16 18             	r6 += r1
 2001204:    66 17             	r6 = r6.b0 (u)
 2001206:    c1 21             	r1 += 1
 2001208:    d8 ee 61 32       	b[r6+r2] = r3
 200120c:    80 e9 f5 11       	if (r1 < r0) goto -22 <fm1_timer5_irq+0x7D4 : 20011fa >
 2001210:    68 e8 3c c0       	[r12+60] += r0
 2001214:    c3 eb 01 a0       	[r10+12] += 1
 2001218:    60 e1 8b 40       	r0 = r4 & 0x8B
 200121c:    41 e1 10 00       	r1 = r0 | 0x10
 2001220:    40 34             	r0 = 20
 2001222:    bf ea 69 fb       	call -2350 <sie_wr : 20008f8 >
 2001226:    d0 a9             	r0 = r5 >> 9
 2001228:    01 a1             	r1 = r0 << 1
 200122a:    40 35             	r0 = 21
 200122c:    bf ea 64 fb       	call -2360 <sie_wr : 20008f8 >
 2001230:    50 ee a7 00       	r0 = b[r10+7] (u)
 2001234:    20 42             	if (r0 == 0) goto 132 <fm1_timer5_irq+0x894 : 20012ba >
 2001236:    d0 ec c4 04       	r0 = [r12+68]
 200123a:    d0 ec c8 14       	r1 = [r12+72]
 200123e:    01 e8 3c 00       	if (r0 == r1) goto 120 <fm1_timer5_irq+0x894 : 20012ba >
 2001242:    40 2e             	r0 = 14
 2001244:    41 23             	r1 = 3
 2001246:    bf ea 57 fb       	call -2386 <sie_wr : 20008f8 >
 200124a:    40 31             	r0 = 17
 200124c:    bf ea 27 fb       	call -2482 <sie_rd : 200089e >
 2001250:    50 e8 33 02       	if ((r0 & 1) != 0) goto 102 <fm1_timer5_irq+0x894 : 20012ba >
 2001254:    30 ea 80 80       	if ((r0 & 0x80) != 0) {
 2001258:    71 e1 80 00       		r1 = r0 & 0xFFFFFF7F
 200125c:    40 31             		r0 = 17
 200125e:    bf ea 4b fb       		call -2410
                               	} <sie_wr : 20008f8 >
 2001262:    d0 ec c8 14       	r1 = [r12+72]
 2001266:    d0 ec c4 24       	r2 = [r12+68]
 200126a:    40 20             	r0 = 0
 200126c:    02 e8 16 10       	if (r1 == r2) goto 44 <fm1_timer5_irq+0x876 : 200129c >
 2001270:    41 e0 ff 07       	r1 = 2047 <row+0x7FA : 7fe >
 2001274:    c2 ff 04 84 c0 01 	r2 = 29393924 <cdc_out : 1c08404 >
 200127a:    04 e1 44 c0       	r4 = r12 + 68
 200127e:    43 61             	r3 = [r4+4] 
 2001280:    3d 81             	r5 = r3 + 1
 2001282:    93 d9             	r3 &= r1  #
 2001284:    c5 61             		 [r4+4] = r5
 2001286:    d8 ee 30 32       	r3 = b[r3+r2] (u)
 200128a:    d8 ee 01 3b       	b[r0+r11] = r3
 200128e:    43 61             	r3 = [r4+4] 
 2001290:    44 60             	r4 = [r4+0] 
 2001292:    c0 21             	r0 += 1
 2001294:    00 fc 02 7c       	if (r0 > 62) goto 4 <fm1_timer5_irq+0x876 : 200129c >
 2001298:    84 e8 ef 31       	if (r3 != r4) goto -34 <fm1_timer5_irq+0x854 : 200127a >
 200129c:    20 00             	csync
 200129e:    d0 ec 9d b2       	[r9+44] = r11
 20012a2:    d0 ec 95 01       	[r9+20] = r0
 20012a6:    40 31             	r0 = 17
 20012a8:    bf ea f9 fa       	call -2574 <sie_rd : 200089e >
 20012ac:    41 e1 01 00       	r1 = r0 | 0x1
 20012b0:    40 31             	r0 = 17
 20012b2:    bf ea 21 fb       	call -2494 <sie_wr : 20008f8 >
 20012b6:    c4 eb 01 a0       	[r10+16] += 1
 20012ba:    d0 ec c8 00       	r0 = [r12+8]
 20012be:    09 81             	r1 = r0 + 1
 20012c0:    40 20             	r0 = 0
 20012c2:    b1 e8 0a 00       	if (r1 != 10) {
 20012c6:    10 16             		r0 = r1
                               	}
 20012c8:    d0 ec c9 00       	[r12+8] = r0
 20012cc:    c0 ff 04 08 01 00 	r0 = 67588 <row+0x10800 : 10804 >
 20012d2:    01 60             	r1 = [r0+0] 
 20012d4:    d0 ec cc 00       	r0 = [r12+12]
 20012d8:    d0 ec c0 21       	r2 = [r12+16]
 20012dc:    10 1e             	r0 = r1 - r0
 20012de:    20 18             	r0 += r2
 20012e0:    d0 ec c1 01       	[r12+16] = r0
 20012e4:    82 a6             	r2 = r0 >> 6
 20012e6:    d0 ec cd 10       	[r12+12] = r1
 20012ea:    a2 f9 0a ee       	if (r2 < 375) goto 20 <fm1_timer5_irq+0x8DC : 2001302 >
 20012ee:    41 e0 40 a2       	r1 = -24000 <_data_load+0xFFFFFFFFFDFF5E94 : ffffffffffffa240 >
 20012f2:    10 18             	r0 += r1
 20012f4:    d0 ec c1 01       	[r12+16] = r0
 20012f8:    c5 eb 01 c0       	[r12+20] += 1
 20012fc:    82 a6             	r2 = r0 >> 6
 20012fe:    22 fc f8 ed       	if (r2 > 374) goto -16 <fm1_timer5_irq+0x8CC : 20012f2 >
 2001302:    02 84             	sp += 16
 2001304:    5f 04             	{pc, r15-r4} = [sp++]
 2001306:    41 20             	r1 = 0
 2001308:    d0 ec c8 22       	r2 = [r12+40]
 200130c:    d0 ec c4 32       	r3 = [r12+36]
 2001310:    83 e8 21 21       	if (r2 != r3) goto -446 <fm1_timer5_irq+0x730 : 2001156 >
 2001314:    d0 ec c0 22       	r2 = [r12+32]
 2001318:    d0 ec cc 31       	r3 = [r12+28]
 200131c:    00 fc 1b 7f       	if (r0 > 63) goto -458 <fm1_timer5_irq+0x730 : 2001156 >
 2001320:    03 e8 19 21       	if (r2 == r3) goto -462 <fm1_timer5_irq+0x730 : 2001156 >
 2001324:    d0 ec c0 22       	r2 = [r12+32]
 2001328:    42 16             	r2 = r4
 200132a:    dc ee 21 10       	b[++r2=r0] = r1
 200132e:    a9 41             	b[r2+1] = r1
 2001330:    a9 42             	b[r2+2] = r1
 2001332:    a9 43             	b[r2+3] = r1
 2001334:    c8 eb 01 c0       	[r12+32] += 1
 2001338:    50 ee c3 20       	r2 = b[r12+3] (u)
 200133c:    c0 24             	r0 += 4
 200133e:    72 44             	if (r2 == 0) goto -56 <fm1_timer5_irq+0x8E2 : 2001308 >
 2001340:    87 8b             	goto -490 <fm1_timer5_irq+0x732 : 2001158 >
 2001342:    40 20             	r0 = 0
 2001344:    41 e0 8a 01       	r1 = 394 <row+0x186 : 18a >
 2001348:    d8 ee 00 28       	r2 = b[r0+r8] (u)
 200134c:    b4 e0 00 3c       	r3 = r0 + r12
 2001350:    c0 21             	r0 += 1
 2001352:    d8 ee 31 21       	b[r3+r1] = r2
 2001356:    80 f8 f7 11       	if (r0 != 8) goto -18 <fm1_timer5_irq+0x922 : 2001348 >
 200135a:    00 e1 5c c1       	r0 = r12 + 348
 200135e:    c0 eb 01 00       	[r0+0] += 1
 2001362:    00 e1 88 c1       	r0 = r12 + 392
 2001366:    09 42             	r1 = b[r0+2] (u)
 2001368:    0e 43             	r6 = b[r0+3] (u)
 200136a:    0b 44             	r3 = b[r0+4] (u)
 200136c:    a6 f1 60 14       	r6 <= insert(r1, p:8, l:24)  #
 2001370:    0d 49             		 r5 = b[r0+9] (u)
 2001372:    e1 d7             	r1 = r6.l (u)  #
 2001374:    0a 48             		 r2 = b[r0+8] (u)
 2001376:    a2 f1 60 54       	r2 <= insert(r5, p:8, l:24)  #
 200137a:    0c 45             		 r4 = b[r0+5] (u)
 200137c:    2a ff 00 1c 20 00 	ifs (r1 >= 32768) goto 64 <fm1_timer5_irq+0x99C : 20013c2 >
 2001382:    30 16             	r0 = r3
 2001384:    a0 e1 20 44       	r0 <= insert(r4, p:8, l:8)
 2001388:    0d ff 00 12 2c 00 	ifs (r1 <= 512) goto 88 <fm1_timer5_irq+0x9C0 : 20013e6 >
 200138e:    44 e0 21 21       	r4 = 8481 <row+0x211C : 2120 >
 2001392:    04 ee 41 10       	ifs (r1 > r4) goto 130 <fm1_timer5_irq+0x9F2 : 2001418 >
 2001396:    00 ff 01 12 57 00 	if (r1 == 513) goto 174 <fm1_timer5_irq+0xA24 : 200144a >
 200139c:    40 e0 20 21       	r0 = 8480 <row+0x211C : 2120 >
 20013a0:    41 ff 00 10 07 01 	if (r1 != r0) goto 526 <fm1_timer5_irq+0xB8E : 20015b4 >
 20013a6:    a0 17             	r0 = r2.l (u)
 20013a8:    00 ff 00 00 7e fd 	if (r0 == 0) goto -1284 <fm1_timer5_irq+0x484 : 2000eaa >
 20013ae:    40 21             	r0 = 1
 20013b0:    52 ee a8 00       	b[r10+8] = r0
 20013b4:    40 2e             	r0 = 14
 20013b6:    41 20             	r1 = 0
 20013b8:    bf ea 9e fa       	call -2756 <sie_wr : 20008f8 >
 20013bc:    40 31             	r0 = 17
 20013be:    51 20             	r1 = 64
 20013c0:    b6 9a             	goto -1292 <fm1_timer5_irq+0x490 : 2000eb6 >
 20013c2:    c0 ff 86 35 00 02 	r0 = 33568134 <ep0_service.zero2 : 2003586 >
 20013c8:    2b ff 01 1c 15 00 	ifs (r1 < 33024) goto 42 <fm1_timer5_irq+0x9D2 : 20013f8 >
 20013ce:    2a ff 02 1c 2a 00 	ifs (r1 >= 33280) goto 84 <fm1_timer5_irq+0xA02 : 2001428 >
 20013d4:    20 ff 01 1c 33 00 	if (r1 == 33024) goto 102 <fm1_timer5_irq+0xA1A : 2001440 >
 20013da:    c3 ff 0a 81 00 00 	r3 = 33034 <row+0x8106 : 810a >
 20013e0:    03 e8 17 10       	if (r1 == r3) goto 46 <fm1_timer5_irq+0x9EC : 2001412 >
 20013e4:    74 87             	goto 462 <fm1_timer5_irq+0xB8E : 20015b4 >
 20013e6:    01 f8 52 0a       	if (r1 == 5) goto 164 <fm1_timer5_irq+0xA68 : 200148e >
 20013ea:    01 f8 5b 12       	if (r1 == 9) goto 182 <fm1_timer5_irq+0xA7E : 20014a4 >
 20013ee:    a1 f8 e1 16       	if (r1 != 267) goto 450 <fm1_timer5_irq+0xB8E : 20015b4 >
 20013f2:    80 f8 df 00       	if (r0 != 0) goto 446 <fm1_timer5_irq+0xB8E : 20015b4 >
 20013f6:    a6 99             	goto -1358 <fm1_timer5_irq+0x484 : 2000eaa >
 20013f8:    20 ff 00 1c 21 00 	if (r1 == 32768) goto 66 <fm1_timer5_irq+0xA1A : 2001440 >
 20013fe:    c0 ff 06 80 00 00 	r0 = 32774 <row+0x8002 : 8006 >
 2001404:    00 e8 c1 10       	if (r1 == r0) goto 386 <fm1_timer5_irq+0xB64 : 200158a >
 2001408:    c0 22             	r0 += 2
 200140a:    80 e8 d3 10       	if (r1 != r0) goto 422 <fm1_timer5_irq+0xB8E : 20015b4 >
 200140e:    00 e1 49 c1       	r0 = r12 + 329
 2001412:    a2 17             	r2 = r2.l (u)
 2001414:    41 21             	r1 = 1
 2001416:    04 96             	goto 44 <fm1_timer5_irq+0xA1E : 2001444 >
 2001418:    48 81             	r0 = r4 + 1
 200141a:    00 e8 33 10       	if (r1 == r0) goto 102 <fm1_timer5_irq+0xA5E : 2001484 >
 200141e:    c0 21             	r0 += 1
 2001420:    40 ff 00 10 42 fd 	if (r1 == r0) goto -1404 <fm1_timer5_irq+0x484 : 2000eaa >
 2001426:    64 86             	goto 396 <fm1_timer5_irq+0xB8E : 20015b4 >
 2001428:    20 ff 02 1c 09 00 	if (r1 == 33280) goto 18 <fm1_timer5_irq+0xA1A : 2001440 >
 200142e:    c0 ff 21 a1 00 00 	r0 = 41249 <row+0xA11C : a120 >
 2001434:    80 e8 be 10       	if (r1 != r0) goto 380 <fm1_timer5_irq+0xB8E : 20015b4 >
 2001438:    a2 17             	r2 = r2.l (u)
 200143a:    41 27             	r1 = 7
 200143c:    a0 16             	r0 = r10
 200143e:    04 82             	goto 4 <fm1_timer5_irq+0xA1E : 2001444 >
 2001440:    a2 17             	r2 = r2.l (u)
 2001442:    41 22             	r1 = 2
 2001444:    bf ea d0 fa       	call -2656 <e0_send : 20009e8 >
 2001448:    96 98             	goto -1424 <fm1_timer5_irq+0x494 : 2000eba >
 200144a:    80 f8 b3 00       	if (r0 != 0) goto 358 <fm1_timer5_irq+0xB8E : 20015b4 >
 200144e:    40 e0 8e 01       	r0 = 398 <row+0x18A : 18e >
 2001452:    d8 ee c0 00       	r0 = b[r12+r0] (u)
 2001456:    71 e1 f0 00       	r1 = r0 & 0xFFFFFF0F
 200145a:    01 fc ab 06       	if (r1 > 3) goto 342 <fm1_timer5_irq+0xB8E : 20015b4 >
 200145e:    00 ff 00 10 23 fd 	if (r1 == 0) goto -1466 <fm1_timer5_irq+0x484 : 2000eaa >
 2001464:    40 2e             	r0 = 14
 2001466:    bf ea 47 fa       	call -2930 <sie_wr : 20008f8 >
 200146a:    40 e0 8e 01       	r0 = 398 <row+0x18A : 18e >
 200146e:    d8 ee c2 00       	r0 = b[r12+r0] (s)
 2001472:    30 ee ff 6f       	ifs (r0 > -1) {
 2001476:    40 34             		r0 = 20
 2001478:    61 20             		r1 = 128
                               	} else {
 200147a:    40 31             		r0 = 17
 200147c:    51 20             		r1 = 64
                               	}
 200147e:    bf ea 3b fa       	call -2954 <sie_wr : 20008f8 >
 2001482:    86 93             	goto -1498 <fm1_timer5_irq+0x484 : 2000eaa >
 2001484:    70 e1 fe 30       	r0 = r3 & 0xFFFFFF01
 2001488:    52 ee a7 00       	b[r10+7] = r0
 200148c:    86 8e             	goto -1508 <fm1_timer5_irq+0x484 : 2000eaa >
 200148e:    70 e1 80 30       	r0 = r3 & 0xFFFFFF7F
 2001492:    41 e0 4a 01       	r1 = 330 <row+0x146 : 14a >
 2001496:    d8 ee c1 01       	b[r12+r1] = r0
 200149a:    18 81             	r0 = r1 + 1
 200149c:    41 21             	r1 = 1
 200149e:    d8 ee c1 10       	b[r12+r0] = r1
 20014a2:    86 83             	goto -1530 <fm1_timer5_irq+0x484 : 2000eaa >
 20014a4:    03 fc 86 02       	if (r3 > 1) goto 268 <fm1_timer5_irq+0xB8E : 20015b4 >
 20014a8:    40 e0 49 01       	r0 = 329 <row+0x144 : 148 >
 20014ac:    d8 ee c1 30       	b[r12+r0] = r3
 20014b0:    83 f8 87 02       	if (r3 != 1) goto 270 <fm1_timer5_irq+0xB9C : 20015c2 >
 20014b4:    c0 ff 74 80 c0 01 	r0 = 29393012 <ep1tx : 1c08074 >
 20014ba:    d0 ec 9d 01       	[r9+28] = r0
 20014be:    c0 ff b4 80 c0 01 	r0 = 29393076 <ep1rx : 1c080b4 >
 20014c4:    d0 ec 91 02       	[r9+32] = r0
 20014c8:    40 2e             	r0 = 14
 20014ca:    41 21             	r1 = 1
 20014cc:    46 21             	r6 = 1
 20014ce:    bf ea 13 fa       	call -3034 <sie_wr : 20008f8 >
 20014d2:    40 30             	r0 = 16
 20014d4:    79 3f             	r1 = 255
 20014d6:    bf ea 0f fa       	call -3042 <sie_wr : 20008f8 >
 20014da:    40 31             	r0 = 17
 20014dc:    51 28             	r1 = 72
 20014de:    bf ea 0b fa       	call -3050 <sie_wr : 20008f8 >
 20014e2:    40 32             	r0 = 18
 20014e4:    41 20             	r1 = 0
 20014e6:    bf ea 07 fa       	call -3058 <sie_wr : 20008f8 >
 20014ea:    40 33             	r0 = 19
 20014ec:    79 3f             	r1 = 255
 20014ee:    bf ea 03 fa       	call -3066 <sie_wr : 20008f8 >
 20014f2:    40 34             	r0 = 20
 20014f4:    61 30             	r1 = 144
 20014f6:    bf ea ff f9       	call -3074 <sie_wr : 20008f8 >
 20014fa:    40 35             	r0 = 21
 20014fc:    41 20             	r1 = 0
 20014fe:    bf ea fb f9       	call -3082 <sie_wr : 20008f8 >
 2001502:    40 29             	r0 = 9
 2001504:    41 22             	r1 = 2
 2001506:    bf ea f7 f9       	call -3090 <sie_wr : 20008f8 >
 200150a:    c0 ef 80 99       	[r9+0] &= 0xFFEFFFFF
 200150e:    c0 ff f8 80 c0 01 	r0 = 29393144 <ep2tx : 1c080f8 >
 2001514:    d0 ec 95 02       	[r9+36] = r0
 2001518:    40 2e             	r0 = 14
 200151a:    41 22             	r1 = 2
 200151c:    bf ea ec f9       	call -3112 <sie_wr : 20008f8 >
 2001520:    40 30             	r0 = 16
 2001522:    79 3f             	r1 = 255
 2001524:    bf ea e8 f9       	call -3120 <sie_wr : 20008f8 >
 2001528:    40 31             	r0 = 17
 200152a:    51 28             	r1 = 72
 200152c:    bf ea e4 f9       	call -3128 <sie_wr : 20008f8 >
 2001530:    40 32             	r0 = 18
 2001532:    41 20             	r1 = 0
 2001534:    bf ea e0 f9       	call -3136 <sie_wr : 20008f8 >
 2001538:    d0 ec 9d b2       	[r9+44] = r11
 200153c:    d0 ec 91 73       	[r9+48] = r7
 2001540:    40 2e             	r0 = 14
 2001542:    41 23             	r1 = 3
 2001544:    bf ea d8 f9       	call -3152 <sie_wr : 20008f8 >
 2001548:    40 30             	r0 = 16
 200154a:    79 3f             	r1 = 255
 200154c:    bf ea d4 f9       	call -3160 <sie_wr : 20008f8 >
 2001550:    40 31             	r0 = 17
 2001552:    51 28             	r1 = 72
 2001554:    bf ea d0 f9       	call -3168 <sie_wr : 20008f8 >
 2001558:    40 32             	r0 = 18
 200155a:    41 20             	r1 = 0
 200155c:    bf ea cc f9       	call -3176 <sie_wr : 20008f8 >
 2001560:    40 33             	r0 = 19
 2001562:    79 3f             	r1 = 255
 2001564:    bf ea c8 f9       	call -3184 <sie_wr : 20008f8 >
 2001568:    40 34             	r0 = 20
 200156a:    61 30             	r1 = 144
 200156c:    bf ea c4 f9       	call -3192 <sie_wr : 20008f8 >
 2001570:    40 35             	r0 = 21
 2001572:    41 20             	r1 = 0
 2001574:    bf ea c0 f9       	call -3200 <sie_wr : 20008f8 >
 2001578:    40 29             	r0 = 9
 200157a:    41 2a             	r1 = 10
 200157c:    bf ea bc f9       	call -3208 <sie_wr : 20008f8 >
 2001580:    c0 ef c0 98       	[r9+0] &= 0xFF9FFFFF
 2001584:    52 ee a9 60       	b[r10+9] = r6
 2001588:    46 90             	goto -1760 <fm1_timer5_irq+0x484 : 2000eaa >
 200158a:    04 f8 1f 02       	if (r4 == 1) goto 62 <fm1_timer5_irq+0xBA6 : 20015cc >
 200158e:    04 f8 07 06       	if (r4 == 3) goto 14 <fm1_timer5_irq+0xB7A : 20015a0 >
 2001592:    84 f8 0f 04       	if (r4 != 2) goto 30 <fm1_timer5_irq+0xB8E : 20015b4 >
 2001596:    69 2f             	r1 = 175
 2001598:    c0 ff 9a 35 00 02 	r0 = 33568154 <CFG_DESC : 200359a >
 200159e:    14 84             	goto 72 <fm1_timer5_irq+0xBC2 : 20015e8 >
 20015a0:    03 5a             	if (r3 == 0) goto 52 <fm1_timer5_irq+0xBB0 : 20015d6 >
 20015a2:    03 f8 1d 04       	if (r3 == 2) goto 58 <fm1_timer5_irq+0xBBA : 20015e0 >
 20015a6:    83 f8 05 02       	if (r3 != 1) goto 10 <fm1_timer5_irq+0xB8E : 20015b4 >
 20015aa:    49 2a             	r1 = 42
 20015ac:    c0 ff 4d 36 00 02 	r0 = 33568333 <STR0+0x3 : 200364c >
 20015b2:    04 9a             	goto 52 <fm1_timer5_irq+0xBC2 : 20015e8 >
 20015b4:    40 2e             	r0 = 14
 20015b6:    41 20             	r1 = 0
 20015b8:    bf ea 9e f9       	call -3268 <sie_wr : 20008f8 >
 20015bc:    40 31             	r0 = 17
 20015be:    59 20             	r1 = 96
 20015c0:    36 9a             	goto -1804 <fm1_timer5_irq+0x490 : 2000eb6 >
 20015c2:    40 29             	r0 = 9
 20015c4:    41 20             	r1 = 0
 20015c6:    bf ea 97 f9       	call -3282 <sie_wr : 20008f8 >
 20015ca:    36 8f             	goto -1826 <fm1_timer5_irq+0x484 : 2000eaa >
 20015cc:    41 32             	r1 = 18
 20015ce:    c0 ff 88 35 00 02 	r0 = 33568136 <DEV_DESC : 2003588 >
 20015d4:    04 89             	goto 18 <fm1_timer5_irq+0xBC2 : 20015e8 >
 20015d6:    41 24             	r1 = 4
 20015d8:    c0 ff 49 36 00 02 	r0 = 33568329 <CFG_DESC+0xAE : 2003648 >
 20015de:    04 84             	goto 8 <fm1_timer5_irq+0xBC2 : 20015e8 >
 20015e0:    41 34             	r1 = 20
 20015e2:    c0 ff 77 36 00 02 	r0 = 33568375 <STR1+0x29 : 2003676 >
 20015e8:    a2 17             	r2 = r2.l (u)
 20015ea:    82 f8 2b 01       	if (r2 != 0) goto -426 <fm1_timer5_irq+0xA1E : 2001444 >
 20015ee:    26 9d             	goto -1862 <fm1_timer5_irq+0x484 : 2000eaa >


fm1_p33_read:
 20015f0:    74 04             	[--sp] = {rets, r4}
 20015f2:    c4 ff 08 3e 01 00 	r4 = 81416 <row+0x13E04 : 13e08 >
 20015f8:    03 d6             	r3 = r0  #
 20015fa:    41 60             		 r1 = [r4+0] 
 20015fc:    23 ea 00 ec       	if ((r3 & 0x8000) == 0) {
 2001600:    70 e1 80 1f       		r0 = r1 & 0xFFFFFEFF
 2001604:    c0 60             		[r4+0] = r0
 2001606:    40 60             		r0 = [r4+0] 
 2001608:    30 20             		r0 |= 1
                               	} else {
 200160a:    40 e0 01 01       		r0 = 257 <row+0xFC : 100 >
 200160e:    10 19             		r0 |= r1
                               	}
 2001610:    c0 60             	[r4+0] = r0
 2001612:    b0 a8             	r0 = r3 >> 8
 2001614:    30 27             	r0 |= 128
 2001616:    60 e1 83 00       	r0 = r0 & 0x83
 200161a:    bf ea 29 f8       	call -4014 <fm1__p33_xfer : 2000670 >
 200161e:    30 17             	r0 = r3.b0 (u)
 2001620:    bf ea 26 f8       	call -4020 <fm1__p33_xfer : 2000670 >
 2001624:    50 3e             	r0 = 94
 2001626:    bf ea 23 f8       	call -4026 <fm1__p33_xfer : 2000670 >
 200162a:    41 e0 fe fe       	r1 = -258 <_data_load+0xFFFFFFFFFDFFBB52 : fffffffffffffefe >
 200162e:    64 e8 02 41       	[r4+0] &= r1
 2001632:    54 04             	{pc, r4} = [sp++]


fm1_enter_uboot:
 2001634:    60 00             	cli
 2001636:    c1 ff 40 e2 ee 01 	r1 = 32432704 <bootguard+0x272200 : 1eee240 >
 200163c:    10 60             	r0 = [r1+0] 
 200163e:    20 ea 01 00       	if ((r0 & 0x1) == 0) {
 2001642:    40 ea e7 10       		[r1+0] = 0xE7
                               	}
 2001646:    40 20             	r0 = 0
 2001648:    d1 ec 19 00       	[r1+264] = r0
 200164c:    c1 ff a5 36 00 02 	r1 = 33568421 <LCD_SEQ+0x13 : 20036a4 >
 2001652:    c2 ff 80 fd c7 01 	r2 = 29883776 <bootguard+0x3D40 : 1c7fd80 >
 2001658:    d8 ee 00 31       	r3 = b[r0+r1] (u)
 200165c:    d8 ee 01 32       	b[r0+r2] = r3
 2001660:    c0 21             	r0 += 1
 2001662:    80 f8 f9 21       	if (r0 != 16) goto -14 <fm1_enter_uboot+0x24 : 2001658 >
 2001666:    40 21             	r0 = 1
 2001668:    69 20             	r1 = 160
 200166a:    42 30             	r2 = 16
 200166c:    bf ea 17 f8       	call -4050 <fm1__p33_op : 200069e >
 2001670:    f7 9f             	goto -2 <fm1_enter_uboot+0x3C : 2001670 >


ota_fread:
 2001672:    79 04             	[--sp] = {rets, r9-r4}
 2001674:    e2 9f             	sp += -4
 2001676:    25 16             	r5 = r2
 2001678:    16 16             	r6 = r1
 200167a:    07 16             	r7 = r0
 200167c:    c0 14             	r8 = 0
 200167e:    05 59             	if (r5 == 0) goto 50 <ota_fread+0x40 : 20016b2 >
 2001680:    c9 ff 9e 09 c0 01 	r9 = 29362590 <fl_read_ram : 1c0099e >
 2001686:    60 00             	cli
 2001688:    d4 e9 01 90       	[sp] = r9
 200168c:    54 16             	r4 = r5
 200168e:    35 e9 00 01       	if (r5 >= 256) {
 2001692:    44 e0 00 01       		r4 = 256
                               	} <row+0xFC : 100 >
 2001696:    70 d6             	r0 = r7  #
 2001698:    03 20             		 r3 = [sp]
 200169a:    61 16             	r1 = r6
 200169c:    42 16             	r2 = r4
 200169e:    c3 00             	call r3
 20016a0:    20 00             	csync
 20016a2:    61 00             	sti
 20016a4:    80 45             	if (r0 != 0) goto 10 <ota_fread+0x3E : 20016b0 >
 20016a6:    55 1f             	r5 = r5 - r4
 20016a8:    46 18             	r6 += r4
 20016aa:    47 18             	r7 += r4
 20016ac:    f5 4c             	if (r5 != 0) goto -40 <ota_fread+0x14 : 2001686 >
 20016ae:    04 81             	goto 2 <ota_fread+0x40 : 20016b2 >
 20016b0:    08 16             	r8 = r0
 20016b2:    80 16             	r0 = r8
 20016b4:    02 81             	sp += 4
 20016b6:    59 04             	{pc, r9-r4} = [sp++]


ota_erase:
 20016b8:    10 04             	[--sp] = rets
 20016ba:    e2 9e             	sp += -8
 20016bc:    02 16             	r2 = r0
 20016be:    41 e0 ff 0f       	r1 = 4095 <row+0xFFA : ffe >
 20016c2:    10 38             	r0 = -8
 20016c4:    12 fb 15 00       	if ((r2 & r1) != 0) goto 42 <ota_erase+0x3A : 20016f2 >
 20016c8:    f1 e0 60 2a       	r1 = r2 - 0xE0000
 20016cc:    28 ff a0 1c 10 00 	if (r1 > 20480) goto 32 <ota_erase+0x3A : 20016f2 >
 20016d2:    a1 e0 65 2a       	r1 = 0xE5000 - r2
 20016d6:    23 ff 80 1d 0b 00 	if (r1 < 4096) goto 22 <ota_erase+0x3A : 20016f2 >
 20016dc:    60 00             	cli
 20016de:    c0 ff b8 02 c0 01 	r0 = 29360824 <fl_erase4k_ram : 1c002b8 >
 20016e4:    80 21             	[sp+4] = r0
 20016e6:    20 d6             	r0 = r2  #
 20016e8:    03 21             		 r3 = [sp+4]
 20016ea:    89 80             	r1 = sp + 0
 20016ec:    c3 00             	call r3
 20016ee:    20 00             	csync
 20016f0:    61 00             	sti
 20016f2:    02 82             	sp += 8
 20016f4:    00 04             	pc = [sp++]


ota_unstage:
 20016f6:    74 04             	[--sp] = {rets, r4}
 20016f8:    44 20             	r4 = 0
 20016fa:    e0 e0 60 4a       	r0 = r4 + 0xE0000
 20016fe:    bf ea db ff       	call -74 <ota_erase : 20016b8 >
 2001702:    14 e1 00 40       	r4 = r4 + 4096
 2001706:    23 ff a0 4c f7 ff 	if (r4 < 20480) goto -18 <ota_unstage+0x4 : 20016fa >
 200170c:    54 04             	{pc, r4} = [sp++]


lcd_spin:
 200170e:    e2 9f             	sp += -4
 2001710:    41 20             	r1 = 0
 2001712:    81 20             	[sp] = r1
 2001714:    01 20             	r1 = [sp]
 2001716:    00 e9 06 10       	if (r1 >= r0) goto 12 <lcd_spin+0x18 : 2001726 >
 200171a:    89 80             	r1 = sp + 0
 200171c:    c0 eb 01 10       	[r1+0] += 1
 2001720:    02 20             	r2 = [sp]
 2001722:    80 e9 fb 21       	if (r2 < r0) goto -10 <lcd_spin+0xE : 200171c >
 2001726:    02 81             	sp += 4
 2001728:    80 00             	rts


usb_start:
 200172a:    76 04             	[--sp] = {rets, r6-r4}
 200172c:    c4 ff 90 96 c0 01 	r4 = 29398672 <fm1__tick_col : 1c09690 >
 2001732:    40 20             	r0 = 0
 2001734:    d1 ec 4d 06       	[r4+364] = r0
 2001738:    60 e0 8c 5b       	r5 = 0x11800
 200173c:    d0 60             	[r5+0] = r0
 200173e:    60 f0 a2 0a       	r0 = 0x51000  #
 2001742:    d0 61             		 [r5+4] = r0
 2001744:    40 ea 0c 00       	[r0+0] = 0xC
 2001748:    41 39             	r1 = 25
 200174a:    32 e1 04 50       	r2 = r5 + -4092
 200174e:    23 60             	r3 = [r2+0] 
 2001750:    26 60             	r6 = [r2+0] 
 2001752:    ee 1e             	r6 = r6 - r3
 2001754:    e6 a6             	r6 = r6 >> 6
 2001756:    a6 f9 fb ef       	if (r6 < 375) goto -10 <usb_start+0x26 : 2001750 >
 200175a:    01 ea f8 ff       	if (--r1 != 0) goto -16 <usb_start+0x24 : 200174e >
 200175e:    31 e1 0c 28       	r1 = r2 + -2036
 2001762:    c0 ef 03 10       	[r1+0] &= 0xFFFFFFFC
 2001766:    c1 ff 30 80 c0 01 	r1 = 29392944 <ep0buf : 1c08030 >
 200176c:    43 f0 08 46       	r3 = 17928  # <row+0x4604 : 4608 >
 2001770:    d1 66             		 [r5+24] = r1
 2001772:    42 20             	r2 = 0
 2001774:    d8 ec 2b 13       	[r2+r3<<2] = r1
 2001778:    c2 28             	r2 += 8
 200177a:    82 f8 fb 31       	if (r2 != 24) goto -10 <usb_start+0x4A : 2001774 >
 200177e:    d1 6f             	[r5+60] = r1
 2001780:    00 ef c0 0e       	[r0+0] |= 0x600
 2001784:    c0 ef 00 0e       	[r0+0] &= 0xFFFFF7FF
 2001788:    00 ef 80 0d       	[r0+0] |= 0x1000
 200178c:    41 e0 ca bf       	r1 = -16438 <_data_load+0xFFFFFFFFFDFF7C1E : ffffffffffffbfca >
 2001790:    64 e8 02 51       	[r5+0] &= r1
 2001794:    41 20             	r1 = 0
 2001796:    d1 61             	[r5+4] = r1
 2001798:    00 ef 01 50       	[r5+0] |= 0x1
 200179c:    c0 ef f0 00       	[r0+0] &= 0xFFFFFF0F
 20017a0:    00 ef 40 00       	[r0+0] |= 0x40
 20017a4:    00 ef 3c 50       	[r5+0] |= 0x3C
 20017a8:    40 21             	r0 = 1
 20017aa:    59 20             	r1 = 96
 20017ac:    46 21             	r6 = 1
 20017ae:    bf ea a3 f8       	call -3770 <sie_wr : 20008f8 >
 20017b2:    40 2b             	r0 = 11
 20017b4:    41 27             	r1 = 7
 20017b6:    bf ea 9f f8       	call -3778 <sie_wr : 20008f8 >
 20017ba:    40 27             	r0 = 7
 20017bc:    41 21             	r1 = 1
 20017be:    bf ea 9b f8       	call -3786 <sie_wr : 20008f8 >
 20017c2:    40 28             	r0 = 8
 20017c4:    41 20             	r1 = 0
 20017c6:    bf ea 97 f8       	call -3794 <sie_wr : 20008f8 >
 20017ca:    40 29             	r0 = 9
 20017cc:    41 20             	r1 = 0
 20017ce:    bf ea 93 f8       	call -3802 <sie_wr : 20008f8 >
 20017d2:    40 2a             	r0 = 10
 20017d4:    41 20             	r1 = 0
 20017d6:    bf ea 8f f8       	call -3810 <sie_wr : 20008f8 >
 20017da:    c0 ef 78 58       	[r5+0] &= 0xFF07FFFF
 20017de:    d1 ec 4c 06       	r0 = [r4+364]
 20017e2:    30 e9 03 00       	if (r0 >= 3) {
 20017e6:    46 20             		r6 = 0
                               	}
 20017e8:    40 e0 48 01       	r0 = 328 <row+0x144 : 148 >
 20017ec:    d8 ee 41 60       	b[r4+r0] = r6
 20017f0:    56 04             	{pc, r6-r4} = [sp++]


usb_detach:
 20017f2:    40 e0 88 01       	r0 = 392 <row+0x184 : 188 >
 20017f6:    c1 ff 90 96 c0 01 	r1 = 29398672 <fm1__tick_col : 1c09690 >
 20017fc:    42 21             	r2 = 1
 20017fe:    d8 ee 11 20       	b[r1+r0] = r2
 2001802:    f0 20             	r0 += -64
 2001804:    42 20             	r2 = 0
 2001806:    d8 ee 11 20       	b[r1+r0] = r2
 200180a:    60 e0 8c 0b       	r0 = 0x11800
 200180e:    60 f0 a2 0a       	r0 = 0x51000  #
 2001812:    82 60             		 [r0+0] = r2
 2001814:    40 ea 0c 00       	[r0+0] = 0xC
 2001818:    80 00             	rts


fm1_delay_ms:
 200181a:    00 4b             	if (r0 == 0) goto 22 <fm1_delay_ms+0x18 : 2001832 >
 200181c:    c1 ff 04 08 01 00 	r1 = 67588 <row+0x10800 : 10804 >
 2001822:    12 60             	r2 = [r1+0] 
 2001824:    13 60             	r3 = [r1+0] 
 2001826:    b3 1e             	r3 = r3 - r2
 2001828:    b3 a6             	r3 = r3 >> 6
 200182a:    a3 f9 fb ef       	if (r3 < 375) goto -10 <fm1_delay_ms+0xA : 2001824 >
 200182e:    00 ea f8 ff       	if (--r0 != 0) goto -16 <fm1_delay_ms+0x8 : 2001822 >
 2001832:    80 00             	rts


recovery:
 2001834:    c0 ff 40 c0 c7 01 	r0 = 29868096 <bootguard : 1c7c040 >
 200183a:    42 ea 00 00       	[r0+8] = 0x0
 200183e:    bf ea d8 ff       	call -80 <usb_detach : 20017f2 >
 2001842:    40 3e             	r0 = 30
 2001844:    bf ea e9 ff       	call -46 <fm1_delay_ms : 200181a >
 2001848:    bf ea f4 fe       	call -536 <fm1_enter_uboot : 2001634 >
 200184c:    f7 9f             	goto -2 <recovery+0x18 : 200184c >


ota_take:
 200184e:    77 04             	[--sp] = {rets, r7-r4}
 2001850:    c3 ff 90 96 c0 01 	r3 = 29398672 <fm1__tick_col : 1c09690 >
 2001856:    38 42             	r0 = b[r3+2] (u)
 2001858:    20 45             	if (r0 == 0) goto 138 <ota_take+0x96 : 20018e4 >
 200185a:    30 6e             	r0 = [r3+56] 
 200185c:    44 20             	r4 = 0
 200185e:    c5 ff 84 81 c0 01 	r5 = 29393284 <sx_frame : 1c08184 >
 2001864:    c2 ff 04 8c c0 01 	r2 = 29395972 <ota_dec : 1c08c04 >
 200186a:    46 20             	r6 = 0
 200186c:    41 20             	r1 = 0
 200186e:    04 8f             	goto 30 <ota_take+0x40 : 200188e >
 2001870:    57 07             	r7 = b[r5++=1] (u)
 2001872:    f8 3f             	r0 += -1
 2001874:    bf 27             	r7 &= 4294967167
 2001876:    67 1a             	r7 <<= r6
 2001878:    c6 27             	r6 += 7
 200187a:    74 19             	r4 |= r7
 200187c:    86 f9 07 10       	if (r6 < 8) goto 14 <ota_take+0x40 : 200188e >
 2001880:    b1 ec 7f 02       	if (r1 <= 639) {
 2001884:    d8 ee 11 42       		b[r1+r2] = r4
                               	}
 2001888:    fe 38             	r6 += -8
 200188a:    c4 a8             	r4 = r4 >> 8
 200188c:    c1 21             	r1 += 1
 200188e:    f0 50             	if (r0 != 0) goto -32 <ota_take+0x22 : 2001870 >
 2001890:    40 20             	r0 = 0
 2001892:    34 e1 f9 1f       	r4 = r1 + -7
 2001896:    b8 42             	b[r3+2] = r0
 2001898:    44 fc 23 f2       	if (r4 > 633) goto 70 <ota_take+0x94 : 20018e2 >
 200189c:    2b 40             	r3 = b[r2+0] (u)
 200189e:    93 41             	if (r3 != 0) goto 66 <ota_take+0x94 : 20018e2 >
 20018a0:    2b 41             	r3 = b[r2+1] (u)
 20018a2:    83 f8 1e b2       	if (r3 != 89) goto 60 <ota_take+0x94 : 20018e2 >
 20018a6:    2b 44             	r3 = b[r2+4] (u)
 20018a8:    2c 43             	r4 = b[r2+3] (u)
 20018aa:    a4 f1 20 34       	r4 <= insert(r3, p:8, l:8)  #
 20018ae:    2d 45             		 r5 = b[r2+5] (u)
 20018b0:    a4 e1 20 58       	r4 <= insert(r5, p:16, l:8)
 20018b4:    4b 87             	r3 = r4 + 7
 20018b6:    81 e8 14 30       	if (r3 != r1) goto 40 <ota_take+0x94 : 20018e2 >
 20018ba:    78 3f             	r0 = 255
 20018bc:    81 f9 0b 10       	if (r1 < 8) goto 22 <ota_take+0x88 : 20018d6 >
 20018c0:    40 20             	r0 = 0
 20018c2:    43 27             	r3 = 7
 20018c4:    b4 1c             	r4 = r3 + r2
 20018c6:    4c 5f             	r4 = b[r4+-1] (u)
 20018c8:    c3 21             	r3 += 1
 20018ca:    40 18             	r0 += r4
 20018cc:    83 e8 fa 11       	if (r1 != r3) goto -12 <ota_take+0x76 : 20018c4 >
 20018d0:    7b 3f             	r3 = 255
 20018d2:    90 e1 33 00       	r0 = r3 & ~r0
 20018d6:    12 18             	r2 += r1
 20018d8:    2a 5f             	r2 = b[r2+-1] (u)
 20018da:    90 e8 00 02       	if (r0 != r2) {
 20018de:    41 20             		r1 = 0
                               	}
 20018e0:    10 16             	r0 = r1
 20018e2:    57 04             	{pc, r7-r4} = [sp++]
 20018e4:    40 20             	r0 = 0
 20018e6:    57 04             	{pc, r7-r4} = [sp++]


ota_send_msg:
 20018e8:    7f 04             	[--sp] = {rets, r15-r4}
 20018ea:    c4 ff 90 96 c0 01 	r4 = 29398672 <fm1__tick_col : 1c09690 >
 20018f0:    43 20             	r3 = 0
 20018f2:    45 16             	r5 = r4
 20018f4:    5a ee 54 36       	b[++r5=100] = r3
 20018f8:    56 39             	r6 = 89
 20018fa:    de 41             	b[r5+1] = r6
 20018fc:    d8 42             	b[r5+2] = r0
 20018fe:    da 43             	b[r5+3] = r2
 2001900:    db 44             	b[r5+4] = r3
 2001902:    db 45             	b[r5+5] = r3
 2001904:    02 54             	if (r2 == 0) goto 40 <ota_send_msg+0x46 : 200192e >
 2001906:    00 e1 6a 40       	r0 = r4 + 106
 200190a:    25 16             	r5 = r2
 200190c:    1e 40             	r6 = b[r1+0] (u)
 200190e:    86 07             	b[r0++=1] = r6
 2001910:    16 07             	r6 = b[r1++=1] (u)
 2001912:    63 18             	r3 += r6
 2001914:    05 ea fa ff       	if (--r5 != 0) goto -12 <ota_send_msg+0x24 : 200190c >
 2001918:    20 1d             	r0 = r2 + r4
 200191a:    b9 19             	r1 = ~r3
 200191c:    52 ee 0a 16       	b[r0+106] = r1
 2001920:    78 30             	r0 = 240
 2001922:    29 87             	r1 = r2 + 7
 2001924:    52 ee 4c 08       	b[r4+140] = r0
 2001928:    81 4a             	if (r1 != 0) goto 20 <ota_send_msg+0x56 : 200193e >
 200192a:    40 20             	r0 = 0
 200192c:    14 86             	goto 76 <ota_send_msg+0x92 : 200197a >
 200192e:    20 1d             	r0 = r2 + r4
 2001930:    79 3f             	r1 = 255
 2001932:    52 ee 0a 16       	b[r0+106] = r1
 2001936:    78 30             	r0 = 240
 2001938:    52 ee 4c 08       	b[r4+140] = r0
 200193c:    41 27             	r1 = 7
 200193e:    02 e1 64 40       	r2 = r4 + 100
 2001942:    40 20             	r0 = 0
 2001944:    45 20             	r5 = 0
 2001946:    43 20             	r3 = 0
 2001948:    26 07             	r6 = b[r2++=1] (u)
 200194a:    56 1a             	r6 <<= r5
 200194c:    63 19             	r3 |= r6
 200194e:    c5 28             	r5 += 8
 2001950:    f9 3f             	r1 += -1
 2001952:    85 f9 0a 0e       	if (r5 < 7) goto 20 <ota_send_msg+0x82 : 200196a >
 2001956:    06 1d             	r6 = r0 + r4
 2001958:    67 e1 7f 30       	r7 = r3 & 0x7F
 200195c:    52 ee 6d 78       	b[r6+141] = r7
 2001960:    fd 39             	r5 += -7
 2001962:    b3 a7             	r3 = r3 >> 7
 2001964:    c0 21             	r0 += 1
 2001966:    05 fc f6 0d       	if (r5 > 6) goto -20 <ota_send_msg+0x6E : 2001956 >
 200196a:    f1 4e             	if (r1 != 0) goto -36 <ota_send_msg+0x60 : 2001948 >
 200196c:    05 46             	if (r5 == 0) goto 12 <ota_send_msg+0x92 : 200197a >
 200196e:    01 1d             	r1 = r0 + r4
 2001970:    62 e1 7f 30       	r2 = r3 & 0x7F
 2001974:    52 ee 1d 28       	b[r1+141] = r2
 2001978:    c0 21             	r0 += 1
 200197a:    01 1d             	r1 = r0 + r4
 200197c:    7a 37             	r2 = 247
 200197e:    52 ee 1d 28       	b[r1+141] = r2
 2001982:    46 65             	r6 = [r4+20] 
 2001984:    41 21             	r1 = 1
 2001986:    0b f1 02 00       	r11 = r0 + 2  #
 200198a:    c9 43             		 b[r4+3] = r1
 200198c:    c0 14             	r8 = 0
 200198e:    40 20             	r0 = 0
 2001990:    0b f8 51 00       	if (r11 == 0) goto 162 <ota_send_msg+0x14E : 2001a36 >
 2001994:    45 20             	r5 = 0
 2001996:    49 e0 49 01       	r9 = 329 <row+0x144 : 148 >
 200199a:    ca ff 30 99 c0 01 	r10 = 29399344 <sx_out_q : 1c09930 >
 20019a0:    b4 e0 b2 05       	r0 = r11 - r5
 20019a4:    47 23             	r7 = 3
 20019a6:    b0 ec 02 00       	if (r0 <= 2) {
 20019aa:    07 16             		r7 = r0
                               	}
 20019ac:    79 84             	r1 = r7 + 4
 20019ae:    4c e0 04 00       	r12 = 4 <row : 4 >
 20019b2:    b7 e8 03 00       	if (r7 != 3) {
 20019b6:    1c 16             		r12 = r1
                               	}
 20019b8:    5a 83             	r2 = r5 + 3
 20019ba:    12 e9 00 0b       	if (r2 >= r11) {
 20019be:    1c 16             		r12 = r1
                               	}
 20019c0:    51 1d             	r1 = r5 + r4
 20019c2:    50 ee 1c f8       	r15 = b[r1+140] (u)
 20019c6:    c5 14             	r13 = 0
 20019c8:    c6 14             	r14 = 0
 20019ca:    37 e9 02 40       	if (r7 >= 2) {
 20019ce:    50 ee 1d 28       		r2 = b[r1+141] (u)
 20019d2:    c0 e1 20 e1       		r14 = r2 << 16
                               	}
 20019d6:    30 e9 03 40       	if (r0 >= 3) {
 20019da:    50 ee 1e 08       		r0 = b[r1+142] (u)
 20019de:    c0 e1 08 d1       		r13 = r0 << 24
                               	}
 20019e2:    40 69             	r0 = [r4+36] 
 20019e4:    41 6a             	r1 = [r4+40] 
 20019e6:    08 1e             	r0 = r0 - r1
 20019e8:    80 f9 12 80       	if (r0 < 64) goto 36 <ota_send_msg+0x128 : 2001a10 >
 20019ec:    d8 ee 40 19       	r1 = b[r4+r9] (u)
 20019f0:    10 3f             	r0 = -1
 20019f2:    11 41             	if (r1 == 0) goto 66 <ota_send_msg+0x14E : 2001a36 >
 20019f4:    41 65             	r1 = [r4+20] 
 20019f6:    91 1f             	r1 = r1 - r6
 20019f8:    11 fc 1d 90       	if (r1 > 200) goto 58 <ota_send_msg+0x14E : 2001a36 >
 20019fc:    40 21             	r0 = 1
 20019fe:    61 20             	r1 = 128
 2001a00:    52 20             	r2 = 64
 2001a02:    bf ea 4c f6       	call -4968 <fm1__p33_op : 200069e >
 2001a06:    40 69             	r0 = [r4+36] 
 2001a08:    41 6a             	r1 = [r4+40] 
 2001a0a:    08 1e             	r0 = r0 - r1
 2001a0c:    00 fc ee 7f       	if (r0 > 63) goto -36 <ota_send_msg+0x104 : 20019ec >
 2001a10:    c0 e1 f8 00       	r0 = r15 << 8
 2001a14:    90 f1 00 0c       	r0 = r0 | r12  #
 2001a18:    41 69             		 r1 = [r4+36] 
 2001a1a:    90 e1 00 0e       	r0 = r0 | r14
 2001a1e:    90 e1 00 0d       	r0 = r0 | r13
 2001a22:    61 e1 3f 10       	r1 = r1 & 0x3F
 2001a26:    d8 ec ab 01       	[r10+r1<<2] = r0
 2001a2a:    c9 eb 01 40       	[r4+36] += 1
 2001a2e:    75 18             	r5 += r7
 2001a30:    8b e9 b6 51       	if (r5 < r11) goto -148 <ota_send_msg+0xB8 : 20019a0 >
 2001a34:    40 20             	r0 = 0
 2001a36:    52 ee 43 80       	b[r4+3] = r8
 2001a3a:    5f 04             	{pc, r15-r4} = [sp++]


ota_reply_identity:
 2001a3c:    10 04             	[--sp] = rets
 2001a3e:    e2 99             	sp += -28
 2001a40:    40 20             	r0 = 0
 2001a42:    c1 ff b5 36 00 02 	r1 = 33568437 <fm1_enter_uboot.k+0xF : 20036b4 >
 2001a48:    42 20             	r2 = 0
 2001a4a:    b0 ec 07 00       	if (r0 <= 7) {
 2001a4e:    d8 ee 00 21       		r2 = b[r0+r1] (u)
                               	}
 2001a52:    8b 81             	r3 = sp + 1
 2001a54:    d8 ee 31 20       	b[r3+r0] = r2
 2001a58:    c0 21             	r0 += 1
 2001a5a:    80 f8 f5 37       	if (r0 != 27) goto -22 <ota_reply_identity+0xC : 2001a48 >
 2001a5e:    89 81             	r1 = sp + 1
 2001a60:    40 31             	r0 = 17
 2001a62:    42 3b             	r2 = 27
 2001a64:    bf ea 40 ff       	call -384 <ota_send_msg : 20018e8 >
 2001a68:    02 87             	sp += 28
 2001a6a:    00 04             	pc = [sp++]


ota_show:
 2001a6c:    76 04             	[--sp] = {rets, r6-r4}
 2001a6e:    e2 9f             	sp += -4
 2001a70:    14 16             	r4 = r1
 2001a72:    05 16             	r5 = r0
 2001a74:    40 e0 00 f8       	r0 = -2048 <_data_load+0xFFFFFFFFFDFFB454 : fffffffffffff800 >
 2001a78:    b5 ec 08 00       	if (r5 <= 8) {
 2001a7c:    40 3f             		r0 = 31
                               	}
 2001a7e:    86 17             	r6 = r0.l (u)
 2001a80:    80 d4             	r1_r0 = 0  #
 2001a82:    86 20             		 [sp] = r6
 2001a84:    7a 30             	r2 = 240
 2001a86:    7b 30             	r3 = 240
 2001a88:    bf ea 51 f5       	call -5470 <lcd_fill : 200052e >
 2001a8c:    48 28             	r0 = 40
 2001a8e:    51 16             	r1 = r5
 2001a90:    bf ea b0 f5       	call -5280 <screen_hex : 20005f4 >
 2001a94:    50 30             	r0 = 80
 2001a96:    41 16             	r1 = r4
 2001a98:    bf ea ac f5       	call -5288 <screen_hex : 20005f4 >
 2001a9c:    02 81             	sp += 4
 2001a9e:    56 04             	{pc, r6-r4} = [sp++]


ota_read:
 2001aa0:    7d 04             	[--sp] = {rets, r13-r4}
 2001aa2:    e2 9e             	sp += -8
 2001aa4:    c6 ff 90 96 c0 01 	r6 = 29398672 <fm1__tick_col : 1c09690 >
 2001aaa:    d0 ec 60 35       	r3 = [r6+80]
 2001aae:    2c 16             	r12 = r2
 2001ab0:    08 15             	r9_r8 = r1_r0
 2001ab2:    03 46             	if (r3 == 0) goto 12 <ota_read+0x20 : 2001ac0 >
 2001ab4:    4a f0 ff ff       	r10 = -1  # <_data_load+0xFFFFFFFFFDFFBC52 : fffffffffffffffe >
 2001ab8:    60 65             		 r0 = [r6+20] 
 2001aba:    88 1e             	r0 = r0 - r3
 2001abc:    00 fe 72 00       	ifs (r0 > 0) goto 228 <ota_read+0x104 : 2001ba4 >
 2001ac0:    c5 14             	r13 = 0
 2001ac2:    de e9 00 d0       	b[sp] = r13
 2001ac6:    de e9 01 80       	b[sp+1] = r8
 2001aca:    c0 e1 88 08       	r0 = r8 >> 8
 2001ace:    de e9 02 00       	b[sp+2] = r0
 2001ad2:    c0 e1 80 09       	r0 = r8 >> 16
 2001ad6:    de e9 03 00       	b[sp+3] = r0
 2001ada:    c0 e1 88 09       	r0 = r8 >> 24
 2001ade:    de e9 04 00       	b[sp+4] = r0
 2001ae2:    de e9 05 20       	b[sp+5] = r2
 2001ae6:    a0 a8             	r0 = r2 >> 8
 2001ae8:    de e9 06 00       	b[sp+6] = r0
 2001aec:    de e9 07 d0       	b[sp+7] = r13
 2001af0:    0b e1 08 20       	r11 = r2 + 8
 2001af4:    2f 8f             	r7 = r2 + 15
 2001af6:    c4 ff 04 8c c0 01 	r4 = 29395972 <ota_dec : 1c08c04 >
 2001afc:    89 80             	r1 = sp + 0
 2001afe:    48 30             	r0 = 48
 2001b00:    42 28             	r2 = 8
 2001b02:    bf ea f1 fe       	call -542 <ota_send_msg : 20018e8 >
 2001b06:    4a e0 ff ff       	r10 = -1 <_data_load+0xFFFFFFFFFDFFBC52 : fffffffffffffffe >
 2001b0a:    a0 4c             	if (r0 != 0) goto 152 <ota_read+0x104 : 2001ba4 >
 2001b0c:    65 65             	r5 = [r6+20] 
 2001b0e:    60 65             	r0 = [r6+20] 
 2001b10:    08 1f             	r0 = r0 - r5
 2001b12:    80 a3             	r0 = r0 >> 3
 2001b14:    40 fc 38 e0       	if (r0 > 624) goto 112 <ota_read+0xE8 : 2001b88 >
 2001b18:    40 21             	r0 = 1
 2001b1a:    61 20             	r1 = 128
 2001b1c:    52 20             	r2 = 64
 2001b1e:    bf ea be f5       	call -5252 <fm1__p33_op : 200069e >
 2001b22:    bf ea 94 fe       	call -728 <ota_take : 200184e >
 2001b26:    10 4b             	if (r0 == 0) goto 86 <ota_read+0xDE : 2001b7e >
 2001b28:    80 f8 06 0e       	if (r0 != 7) goto 12 <ota_read+0x98 : 2001b38 >
 2001b2c:    49 42             	r1 = b[r4+2] (u)
 2001b2e:    81 f8 04 22       	if (r1 != 17) goto 8 <ota_read+0x9A : 2001b3a >
 2001b32:    bf ea 83 ff       	call -250 <ota_reply_identity : 2001a3c >
 2001b36:    14 83             	goto 70 <ota_read+0xDE : 2001b7e >
 2001b38:    49 42             	r1 = b[r4+2] (u)
 2001b3a:    87 e8 20 00       	if (r0 != r7) goto 64 <ota_read+0xDE : 2001b7e >
 2001b3e:    81 f8 1e 60       	if (r1 != 48) goto 60 <ota_read+0xDE : 2001b7e >
 2001b42:    48 44             	r0 = b[r4+4] (u)
 2001b44:    49 43             	r1 = b[r4+3] (u)
 2001b46:    a1 f1 20 04       	r1 <= insert(r0, p:8, l:8)  #
 2001b4a:    4a 45             		 r2 = b[r4+5] (u)
 2001b4c:    a1 e1 20 28       	r1 <= insert(r2, p:16, l:8)
 2001b50:    8b e8 15 10       	if (r1 != r11) goto 42 <ota_read+0xDE : 2001b7e >
 2001b54:    48 48             	r0 = b[r4+8] (u)
 2001b56:    49 47             	r1 = b[r4+7] (u)
 2001b58:    a1 f1 20 04       	r1 <= insert(r0, p:8, l:8)  #
 2001b5c:    4a 49             		 r2 = b[r4+9] (u)
 2001b5e:    a1 f1 20 28       	r1 <= insert(r2, p:16, l:8)  #
 2001b62:    4b 4a             		 r3 = b[r4+10] (u)
 2001b64:    a1 e1 20 3c       	r1 <= insert(r3, p:24, l:8)
 2001b68:    88 e8 09 10       	if (r1 != r8) goto 18 <ota_read+0xDE : 2001b7e >
 2001b6c:    48 4c             	r0 = b[r4+12] (u)
 2001b6e:    49 4b             	r1 = b[r4+11] (u)
 2001b70:    a1 f1 20 04       	r1 <= insert(r0, p:8, l:8)  #
 2001b74:    4a 4d             		 r2 = b[r4+13] (u)
 2001b76:    a1 e1 20 28       	r1 <= insert(r2, p:16, l:8)
 2001b7a:    0c e8 0a 10       	if (r1 == r12) goto 20 <ota_read+0xF2 : 2001b92 >
 2001b7e:    60 65             	r0 = [r6+20] 
 2001b80:    08 1f             	r0 = r0 - r5
 2001b82:    80 a3             	r0 = r0 >> 3
 2001b84:    c0 f9 c8 e3       	if (r0 < 625) goto -112 <ota_read+0x78 : 2001b18 >
 2001b88:    0d e1 01 d0       	r13 = r13 + 1
 2001b8c:    8d f9 b6 07       	if (r13 < 3) goto -148 <ota_read+0x5C : 2001afc >
 2001b90:    04 89             	goto 18 <ota_read+0x104 : 2001ba4 >
 2001b92:    c2 14             	r10 = 0
 2001b94:    0c f8 06 00       	if (r12 == 0) goto 12 <ota_read+0x104 : 2001ba4 >
 2001b98:    48 8e             	r0 = r4 + 14
 2001b9a:    01 07             	r1 = b[r0++=1] (u)
 2001b9c:    d2 ee 91 10       	b[r9++=1] = r1
 2001ba0:    0c ea fb ff       	if (--r12 != 0) goto -10 <ota_read+0xFA : 2001b9a >
 2001ba4:    a0 16             	r0 = r10
 2001ba6:    02 82             	sp += 8
 2001ba8:    5d 04             	{pc, r13-r4} = [sp++]


ota_jl_enc:
 2001baa:    74 04             	[--sp] = {rets, r4}
 2001bac:    01 50             	if (r1 == 0) goto 32 <ota_jl_enc+0x24 : 2001bce >
 2001bae:    c3 ff ff ff 00 00 	r3 = 65535 <row+0xFFFA : fffe >
 2001bb4:    42 e0 21 10       	r2 = 4129 <row+0x101C : 1020 >
 2001bb8:    0c 40             	r4 = b[r0+0] (u)
 2001bba:    3c 19             	r4 ^= r3
 2001bbc:    b4 f1 85 37       	r4 = sextra(r3, p:15, l:1)  #
 2001bc0:    84 07             		 b[r0++=1] = r4
 2001bc2:    a4 19             	r4 &= r2
 2001bc4:    33 a1             	r3 = r3 << 1
 2001bc6:    b3 17             	r3 = r3.l (u)
 2001bc8:    4b 19             	r3 ^= r4
 2001bca:    01 ea f5 ff       	if (--r1 != 0) goto -22 <ota_jl_enc+0xE : 2001bb8 >
 2001bce:    54 04             	{pc, r4} = [sp++]


ota_crc16:
 2001bd0:    77 04             	[--sp] = {rets, r7-r4}
 2001bd2:    01 53             	if (r1 == 0) goto 38 <ota_crc16+0x2A : 2001bfa >
 2001bd4:    43 e0 21 10       	r3 = 4129 <row+0x101C : 1020 >
 2001bd8:    04 07             	r4 = b[r0++=1] (u)
 2001bda:    44 a8             	r4 = r4 << 8
 2001bdc:    4a 19             	r2 ^= r4
 2001bde:    f9 3f             	r1 += -1
 2001be0:    44 28             	r4 = 8
 2001be2:    25 a1             	r5 = r2 << 1
 2001be4:    90 e1 51 63       	r6 = r5 ^ r3
 2001be8:    af 17             	r7 = r2.l (s)
 2001bea:    62 16             	r2 = r6
 2001bec:    37 ed 00 00       	ifs (r7 >= 0) {
 2001bf0:    52 16             		r2 = r5
                               	}
 2001bf2:    04 ea f6 ff       	if (--r4 != 0) goto -20 <ota_crc16+0x12 : 2001be2 >
 2001bf6:    a2 17             	r2 = r2.l (u)
 2001bf8:    f1 4f             	if (r1 != 0) goto -34 <ota_crc16+0x8 : 2001bd8 >
 2001bfa:    20 16             	r0 = r2
 2001bfc:    57 04             	{pc, r7-r4} = [sp++]


ota_prog:
 2001bfe:    7a 04             	[--sp] = {rets, r10-r4}
 2001c00:    e2 9e             	sp += -8
 2001c02:    25 16             	r5 = r2
 2001c04:    16 16             	r6 = r1
 2001c06:    07 16             	r7 = r0
 2001c08:    f0 e0 60 7a       	r0 = r7 - 0xE0000
 2001c0c:    48 e0 f8 ff       	r8 = -8 <_data_load+0xFFFFFFFFFDFFBC4C : fffffffffffffff8 >
 2001c10:    28 ff a0 0c 21 00 	if (r0 > 20480) goto 66 <ota_prog+0x5A : 2001c58 >
 2001c16:    a0 e0 65 7a       	r0 = 0xE5000 - r7
 2001c1a:    85 e9 1d 00       	if (r0 < r5) goto 58 <ota_prog+0x5A : 2001c58 >
 2001c1e:    c0 14             	r8 = 0
 2001c20:    05 5b             	if (r5 == 0) goto 54 <ota_prog+0x5A : 2001c58 >
 2001c22:    c9 ff 08 06 c0 01 	r9 = 29361672 <fl_prog_ram : 1c00608 >
 2001c28:    60 00             	cli
 2001c2a:    d4 e9 05 90       	[sp+4] = r9
 2001c2e:    d4 e9 04 a0       	r10 = [sp+4]
 2001c32:    70 17             	r0 = r7.b0 (u)
 2001c34:    a0 e0 80 0f       	r0 = 0x100 - r0
 2001c38:    35 e4 00 45       	r4 = umin(r0, r5)
 2001c3c:    8b 80             	r3 = sp + 0
 2001c3e:    70 16             	r0 = r7
 2001c40:    61 16             	r1 = r6
 2001c42:    42 16             	r2 = r4
 2001c44:    ca 00             	call r10
 2001c46:    20 00             	csync
 2001c48:    61 00             	sti
 2001c4a:    80 45             	if (r0 != 0) goto 10 <ota_prog+0x58 : 2001c56 >
 2001c4c:    55 1f             	r5 = r5 - r4
 2001c4e:    46 18             	r6 += r4
 2001c50:    47 18             	r7 += r4
 2001c52:    f5 4a             	if (r5 != 0) goto -44 <ota_prog+0x2A : 2001c28 >
 2001c54:    04 81             	goto 2 <ota_prog+0x5A : 2001c58 >
 2001c56:    08 16             	r8 = r0
 2001c58:    80 16             	r0 = r8
 2001c5a:    02 82             	sp += 8
 2001c5c:    5a 04             	{pc, r10-r4} = [sp++]


con_putc:
 2001c5e:    78 04             	[--sp] = {rets, r8-r4}
 2001c60:    c5 ff 90 96 c0 01 	r5 = 29398672 <fm1__tick_col : 1c09690 >
 2001c66:    56 65             	r6 = [r5+20] 
 2001c68:    d0 ec 54 14       	r1 = [r5+68]
 2001c6c:    d0 ec 58 24       	r2 = [r5+72]
 2001c70:    91 1e             	r1 = r1 - r2
 2001c72:    08 16             	r8 = r0
 2001c74:    03 ff 00 18 1b 00 	if (r1 < 2048) goto 54 <con_putc+0x52 : 2001cb0 >
 2001c7a:    c7 ff 00 80 c0 01 	r7 = 29392896 <cdc : 1c08000 >
 2001c80:    44 e0 45 01       	r4 = 325 <row+0x140 : 144 >
 2001c84:    78 47             	r0 = b[r7+7] (u)
 2001c86:    10 41             	if (r0 == 0) goto 66 <con_putc+0x6C : 2001cca >
 2001c88:    d8 ee 50 04       	r0 = b[r5+r4] (u)
 2001c8c:    80 5e             	if (r0 != 0) goto 60 <con_putc+0x6C : 2001cca >
 2001c8e:    50 65             	r0 = [r5+20] 
 2001c90:    80 1f             	r0 = r0 - r6
 2001c92:    00 f9 1a 2a       	if (r0 >= 21) goto 52 <con_putc+0x6C : 2001cca >
 2001c96:    40 21             	r0 = 1
 2001c98:    61 20             	r1 = 128
 2001c9a:    52 20             	r2 = 64
 2001c9c:    bf ea ff f4       	call -5634 <fm1__p33_op : 200069e >
 2001ca0:    d0 ec 54 04       	r0 = [r5+68]
 2001ca4:    d0 ec 58 14       	r1 = [r5+72]
 2001ca8:    08 1e             	r0 = r0 - r1
 2001caa:    08 ff ff 07 ea ff 	if (r0 > 2047) goto -44 <con_putc+0x26 : 2001c84 >
 2001cb0:    d0 ec 54 04       	r0 = [r5+68]
 2001cb4:    41 e0 ff 07       	r1 = 2047 <row+0x7FA : 7fe >
 2001cb8:    90 19             	r0 &= r1
 2001cba:    c1 ff 04 84 c0 01 	r1 = 29393924 <cdc_out : 1c08404 >
 2001cc0:    d8 ee 01 81       	b[r0+r1] = r8
 2001cc4:    d1 eb 01 50       	[r5+68] += 1
 2001cc8:    58 04             	{pc, r8-r4} = [sp++]
 2001cca:    40 16             	r0 = r4
 2001ccc:    41 21             	r1 = 1
 2001cce:    d8 ee 51 10       	b[r5+r0] = r1
 2001cd2:    58 04             	{pc, r8-r4} = [sp++]


con_puts:
 2001cd4:    74 04             	[--sp] = {rets, r4}
 2001cd6:    04 16             	r4 = r0
 2001cd8:    04 83             	goto 6 <con_puts+0xC : 2001ce0 >
 2001cda:    08 17             	r0 = r0.b0 (s)
 2001cdc:    bf ea bf ff       	call -130 <con_putc : 2001c5e >
 2001ce0:    40 07             	r0 = b[r4++=1] (u)
 2001ce2:    f0 5b             	if (r0 != 0) goto -10 <con_puts+0x6 : 2001cda >
 2001ce4:    54 04             	{pc, r4} = [sp++]


equal:
 2001ce6:    74 04             	[--sp] = {rets, r4}
 2001ce8:    41 e0 00 01       	r1 = 256 <row+0xFC : 100 >
 2001cec:    c2 ff 90 96 c0 01 	r2 = 29398672 <fm1__tick_col : 1c09690 >
 2001cf2:    d8 ee 20 11       	r1 = b[r2+r1] (u)
 2001cf6:    01 48             	if (r1 == 0) goto 16 <equal+0x22 : 2001d08 >
 2001cf8:    02 e1 01 21       	r2 = r2 + 257
 2001cfc:    03 d6             	r3 = r0  #
 2001cfe:    04 07             		 r4 = b[r0++=1] (u)
 2001d00:    84 e8 04 10       	if (r1 != r4) goto 8 <equal+0x26 : 2001d0c >
 2001d04:    21 07             	r1 = b[r2++=1] (u)
 2001d06:    f1 5a             	if (r1 != 0) goto -12 <equal+0x16 : 2001cfc >
 2001d08:    41 20             	r1 = 0
 2001d0a:    03 16             	r3 = r0
 2001d0c:    3a 40             	r2 = b[r3+0] (u)
 2001d0e:    40 21             	r0 = 1
 2001d10:    91 e8 00 02       	if (r1 != r2) {
 2001d14:    40 20             		r0 = 0
                               	}
 2001d16:    54 04             	{pc, r4} = [sp++]


con_dec:
 2001d18:    75 04             	[--sp] = {rets, r5, r4}
 2001d1a:    e2 9d             	sp += -12
 2001d1c:    04 16             	r4 = r0
 2001d1e:    74 fe 05 fe       	ifs (r4 > -1) goto 10 <con_dec+0x14 : 2001d2c >
 2001d22:    48 2d             	r0 = 45
 2001d24:    bf ea 9b ff       	call -202 <con_putc : 2001c5e >
 2001d28:    a4 e0 00 40       	r4 = 0x0 - r4
 2001d2c:    11 3f             	r1 = -1
 2001d2e:    40 2a             	r0 = 10
 2001d30:    42 16             	r2 = r4
 2001d32:    8b 80             	r3 = sp + 0
 2001d34:    13 18             	r3 += r1
 2001d36:    f4 e1 20 40       	r4 = r2 / r0 (u)
 2001d3a:    e5 e1 0a 40       	r5 = r4 * 0xA
 2001d3e:    2d 1f             	r5 = r2 - r5
 2001d40:    45 e1 30 50       	r5 = r5 | 0x30
 2001d44:    bd 41             	b[r3+1] = r5
 2001d46:    1d 81             	r5 = r1 + 1
 2001d48:    82 f9 04 14       	if (r2 < 10) goto 8 <con_dec+0x3C : 2001d54 >
 2001d4c:    1a 82             	r2 = r1 + 2
 2001d4e:    51 16             	r1 = r5
 2001d50:    82 f9 ee 19       	if (r2 < 12) goto -36 <con_dec+0x18 : 2001d30 >
 2001d54:    88 80             	r0 = sp + 0
 2001d56:    d8 ee 02 05       	r0 = b[r0+r5] (s)
 2001d5a:    bf ea 80 ff       	call -256 <con_putc : 2001c5e >
 2001d5e:    fd 3f             	r5 += -1
 2001d60:    f5 f8 f8 ff       	if (r5 != -1) goto -16 <con_dec+0x3C : 2001d54 >
 2001d64:    02 83             	sp += 12
 2001d66:    55 04             	{pc, r5, r4} = [sp++]


con_hex:
 2001d68:    76 04             	[--sp] = {rets, r6-r4}
 2001d6a:    04 16             	r4 = r0
 2001d6c:    45 3c             	r5 = 28
 2001d6e:    c6 ff 25 38 00 02 	r6 = 33568805 <ota_reply_identity.ID+0x16F : 2003824 >
 2001d74:    c8 e1 42 05       	r0 = r4 >> r5
 2001d78:    60 e1 0f 00       	r0 = r0 & 0xF
 2001d7c:    d8 ee 02 06       	r0 = b[r0+r6] (s)
 2001d80:    bf ea 6d ff       	call -294 <con_putc : 2001c5e >
 2001d84:    fd 3c             	r5 += -4
 2001d86:    f5 f8 f5 f9       	if (r5 != -4) goto -22 <con_hex+0xC : 2001d74 >
 2001d8a:    56 04             	{pc, r6-r4} = [sp++]


fm1_cstart:
 2001d8c:    a2 9a             	sp += -280
 2001d8e:    60 e0 84 1b       	r1 = 0x10800
 2001d92:    10 60             	r0 = [r1+0] 
 2001d94:    60 e1 0f 00       	r0 = r0 & 0xF
 2001d98:    00 f8 08 12       	if (r0 == 9) goto 16 <fm1_cstart+0x20 : 2001dac >
 2001d9c:    40 20             	r0 = 0
 2001d9e:    90 60             	[r1+0] = r0
 2001da0:    42 ea ff 13       	[r1+8] = 0xFFFFFFFF
 2001da4:    40 f0 09 40       	r0 = 16393  # <row+0x4004 : 4008 >
 2001da8:    90 61             		 [r1+4] = r0
 2001daa:    90 60             	[r1+0] = r0
 2001dac:    40 32             	r0 = 18
 2001dae:    bf ea 1f fc       	call -1986 <fm1_p33_read : 20015f0 >
 2001db2:    cb ff 84 96 c0 01 	r11 = 29398660 <fm1_boot.0 : 1c09684 >
 2001db8:    52 ee b0 00       	b[r11+0] = r0
 2001dbc:    c0 ff c0 00 01 00 	r0 = 65728 <row+0x100BC : 100c0 >
 2001dc2:    00 60             	r0 = [r0+0] 
 2001dc4:    cf ff 90 96 c0 01 	r15 = 29398672 <fm1__tick_col : 1c09690 >
 2001dca:    d0 ec f1 06       	[r15+96] = r0
 2001dce:    60 20             	r0 = 128
 2001dd0:    bf ea 0e fc       	call -2020 <fm1_p33_read : 20015f0 >
 2001dd4:    d0 ec f0 c6       	r12 = [r15+96]
 2001dd8:    50 ee b0 d0       	r13 = b[r11+0] (u)
 2001ddc:    0e 16             	r14 = r0
 2001dde:    ca ff 88 96 c0 01 	r10 = 29398664 <fm1_boot.2 : 1c09688 >
 2001de4:    52 ee a0 00       	b[r10+0] = r0
 2001de8:    40 20             	r0 = 0
 2001dea:    61 20             	r1 = 128
 2001dec:    42 20             	r2 = 0
 2001dee:    bf ea 56 f4       	call -5972 <fm1__p33_op : 200069e >
 2001df2:    40 22             	r0 = 2
 2001df4:    41 37             	r1 = 23
 2001df6:    6a 3f             	r2 = 191
 2001df8:    bf ea 51 f4       	call -5982 <fm1__p33_op : 200069e >
 2001dfc:    40 20             	r0 = 0
 2001dfe:    61 20             	r1 = 128
 2001e00:    52 2d             	r2 = 77
 2001e02:    bf ea 4c f4       	call -5992 <fm1__p33_op : 200069e >
 2001e06:    40 21             	r0 = 1
 2001e08:    61 20             	r1 = 128
 2001e0a:    42 30             	r2 = 16
 2001e0c:    45 21             	r5 = 1
 2001e0e:    bf ea 46 f4       	call -6004 <fm1__p33_op : 200069e >
 2001e12:    c2 ff 40 c0 c7 01 	r2 = 29868096 <bootguard : 1c7c040 >
 2001e18:    20 60             	r0 = [r2+0] 
 2001e1a:    c1 ff 44 52 47 42 	r1 = 1111970372 <_data_load+0x40470E98 : 42475244 >
 2001e20:    81 e8 10 00       	if (r0 != r1) goto 32 <fm1_cstart+0xB8 : 2001e44 >
 2001e24:    50 ec 24 00       	r1_r0 = d[r2+4]
 2001e28:    01 42             	if (r1 == 0) goto 4 <fm1_cstart+0xA2 : 2001e2e >
 2001e2a:    c0 21             	r0 += 1
 2001e2c:    a0 61             	[r2+4] = r0
 2001e2e:    42 ea 01 20       	[r2+8] = 0x1
 2001e32:    80 fc 0c 02       	if (r0 <= 1) goto 24 <fm1_cstart+0xC2 : 2001e4e >
 2001e36:    40 20             	r0 = 0
 2001e38:    41 20             	r1 = 0
 2001e3a:    50 ec 25 00       	d[r2+4] = r1_r0
 2001e3e:    bf ea f9 fb       	call -2062 <fm1_enter_uboot : 2001634 >
 2001e42:    f7 9f             	goto -2 <fm1_cstart+0xB6 : 2001e42 >
 2001e44:    10 16             	r0 = r1
 2001e46:    41 20             	r1 = 0
 2001e48:    50 ec 21 00       	d[r2+0] = r1_r0
 2001e4c:    a5 62             	[r2+8] = r5
 2001e4e:    40 20             	r0 = 0
 2001e50:    c1 ff 40 bc 7b 00 	r1 = 8109120 <row+0x7BBC3C : 7bbc40 >
 2001e56:    42 20             	r2 = 0
 2001e58:    d8 ec 2b 01       	[r2+r1<<2] = r0
 2001e5c:    c2 24             	r2 += 4
 2001e5e:    92 f8 fb 01       	if (r2 != 128) goto -10 <fm1_cstart+0xCC : 2001e58 >
 2001e62:    79 3f             	r1 = 255
 2001e64:    c0 ff d0 f0 ee 01 	r0 = 32436432 <bootguard+0x273090 : 1eef0d0 >
 2001e6a:    d0 ec 05 1d       	[r0+212] = r1
 2001e6e:    11 3f             	r1 = -1
 2001e70:    34 f1 70 01       	r4 = r0 + -3728  #
 2001e74:    81 61             		 [r0+4] = r1
 2001e76:    42 60             	r2 = [r4+0] 
 2001e78:    22 ea 01 00       	if ((r2 & 0x1) == 0) {
 2001e7c:    40 ea e7 40       		[r4+0] = 0xE7
                               	}
 2001e80:    c1 62             	[r4+8] = r1
 2001e82:    42 20             	r2 = 0
 2001e84:    c3 ff 58 01 00 02 	r3 = 33554776 <fm1_fatal_stubs : 2000158 >
 2001e8a:    c1 ff 00 fe c7 01 	r1 = 29883904 <bootguard+0x3DC0 : 1c7fe00 >
 2001e90:    d8 ec 1b 32       	[r1+r2<<2] = r3
 2001e94:    c2 21             	r2 += 1
 2001e96:    c3 26             	r3 += 6
 2001e98:    92 f8 fa 01       	if (r2 != 128) goto -12 <fm1_cstart+0x104 : 2001e90 >
 2001e9c:    0c ef f0 00       	[r0+48] |= 0xF0
 2001ea0:    00 ef 04 00       	[r0+0] |= 0x4
 2001ea4:    02 e1 f0 00       	r2 = r0 + 240
 2001ea8:    00 ef 01 20       	[r2+0] |= 0x1
 2001eac:    c2 ff ec c0 c0 01 	r2 = 29409516 <_bss_end : 1c0c0ec >
 2001eb2:    c3 ff 20 80 c0 01 	r3 = 29392928 <fm1_fault_c.in_fault : 1c08020 >
 2001eb8:    02 e9 04 30       	if (r3 >= r2) goto 8 <fm1_cstart+0x138 : 2001ec4 >
 2001ebc:    45 20             	r5 = 0
 2001ebe:    b5 05             	[r3++=4] = r5
 2001ec0:    82 e9 fd 31       	if (r3 < r2) goto -6 <fm1_cstart+0x132 : 2001ebe >
 2001ec4:    c2 ff 00 00 c2 01 	r2 = 29491200 <_pool_start : 1c20000 >
 2001eca:    c3 ff 00 00 c2 01 	r3 = 29491200 <_pool_start : 1c20000 >
 2001ed0:    02 e9 04 30       	if (r3 >= r2) goto 8 <fm1_cstart+0x150 : 2001edc >
 2001ed4:    45 20             	r5 = 0
 2001ed6:    b5 05             	[r3++=4] = r5
 2001ed8:    82 e9 fd 31       	if (r3 < r2) goto -6 <fm1_cstart+0x14A : 2001ed6 >
 2001edc:    c2 ff 14 80 c0 01 	r2 = 29392916 <_data_end : 1c08014 >
 2001ee2:    c3 ff 00 80 c0 01 	r3 = 29392896 <cdc : 1c08000 >
 2001ee8:    02 e9 07 30       	if (r3 >= r2) goto 14 <fm1_cstart+0x16E : 2001efa >
 2001eec:    c7 ff ac 43 00 02 	r7 = 33571756 <_data_load : 20043ac >
 2001ef2:    75 05             	r5 = [r7++=4] 
 2001ef4:    b5 05             	[r3++=4] = r5
 2001ef6:    82 e9 fc 31       	if (r3 < r2) goto -8 <fm1_cstart+0x166 : 2001ef2 >
 2001efa:    c2 ff 48 0b c0 01 	r2 = 29363016 <_rt_end : 1c00b48 >
 2001f00:    c5 ff 00 00 c0 01 	r5 = 29360128 <fl_jedec_ram : 1c00000 >
 2001f06:    02 e9 08 50       	if (r5 >= r2) goto 16 <fm1_cstart+0x18E : 2001f1a >
 2001f0a:    c7 ff 64 38 00 02 	r7 = 33568868 <_rt_load : 2003864 >
 2001f10:    53 16             	r3 = r5
 2001f12:    76 05             	r6 = [r7++=4] 
 2001f14:    b6 05             	[r3++=4] = r6
 2001f16:    82 e9 fc 31       	if (r3 < r2) goto -8 <fm1_cstart+0x186 : 2001f12 >
 2001f1a:    33 e1 80 1f       	r3 = r1 + -128
 2001f1e:    47 20             	r7 = 0
 2001f20:    b7 05             	[r3++=4] = r7
 2001f22:    81 e9 fd 31       	if (r3 < r1) goto -6 <fm1_cstart+0x194 : 2001f20 >
 2001f26:    41 60             	r1 = [r4+0] 
 2001f28:    21 ea 01 00       	if ((r1 & 0x1) == 0) {
 2001f2c:    40 ea e7 40       		[r4+0] = 0xE7
                               	}
 2001f30:    42 ea ff 43       	[r4+8] = 0xFFFFFFFF
 2001f34:    c0 ef 08 00       	[r0+0] &= 0xFFFFFFF7
 2001f38:    c1 ff 00 41 c7 01 	r1 = 29835520 <_ustack_lo : 1c74100 >
 2001f3e:    81 63             	[r0+12] = r1
 2001f40:    c3 ff 00 c0 c7 01 	r3 = 29868032 <fm1_crash : 1c7c000 >
 2001f46:    83 62             	[r0+8] = r3
 2001f48:    81 65             	[r0+20] = r1
 2001f4a:    83 64             	[r0+16] = r3
 2001f4c:    00 ef 08 00       	[r0+0] |= 0x8
 2001f50:    c0 ff 00 40 c7 01 	r0 = 29835264 <_guard0 : 1c74000 >
 2001f56:    08 e1 80 40       	r8 = r4 + 128
 2001f5a:    d0 ec 81 00       	[r8+0] = r0
 2001f5e:    30 e1 ff 1f       	r0 = r1 + -1
 2001f62:    09 e1 40 40       	r9 = r4 + 64
 2001f66:    d0 ec 91 00       	[r9+0] = r0
 2001f6a:    c0 ff 00 a0 c7 01 	r0 = 29859840 <_ustack_top : 1c7a000 >
 2001f70:    d0 ec 85 00       	[r8+4] = r0
 2001f74:    c0 ff ff a0 c7 01 	r0 = 29860095 <_ustack_top+0xFE : 1c7a0fe >
 2001f7a:    d0 ec 95 00       	[r9+4] = r0
 2001f7e:    01 e1 00 41       	r1 = r4 + 256
 2001f82:    02 ef 03 10       	[r1+8] |= 0x3
 2001f86:    c0 ff 30 00 3f 00 	r0 = 4128816 <row+0x3F002C : 3f0030 >
 2001f8c:    64 e8 00 10       	[r1+0] |= r0
 2001f90:    c7 ff 20 01 00 02 	r7 = 33554720 <_start : 2000120 >
 2001f96:    00 e1 40 10       	r0 = r1 + 64
 2001f9a:    87 61             	[r0+4] = r7
 2001f9c:    c1 ff 64 38 00 02 	r1 = 33568868 <_rt_load : 2003864 >
 2001fa2:    81 60             	[r0+0] = r1
 2001fa4:    d4 e9 15 51       	[sp+276] = r5
 2001fa8:    d4 e9 11 21       	[sp+272] = r2
 2001fac:    d4 e9 10 21       	r2 = [sp+272]
 2001fb0:    d4 e9 14 31       	r3 = [sp+276]
 2001fb4:    12 ec 00 03       	if (r2 > r3) {
 2001fb8:    d4 e9 14 71       		r7 = [sp+276]
                               	}
 2001fbc:    87 63             	[r0+12] = r7
 2001fbe:    d4 e9 10 21       	r2 = [sp+272]
 2001fc2:    d4 e9 14 31       	r3 = [sp+276]
 2001fc6:    12 ec 00 43       	if (r2 > r3) {
 2001fca:    d4 e9 10 11       		r1 = [sp+272]
 2001fce:    f9 3f             		r1 += -1
                               	}
 2001fd0:    81 62             	[r0+8] = r1
 2001fd2:    40 60             	r0 = [r4+0] 
 2001fd4:    30 ea 01 00       	if ((r0 & 0x1) != 0) {
 2001fd8:    40 ea e7 40       		[r4+0] = 0xE7
                               	}
 2001fdc:    52 ee b0 d0       	b[r11+0] = r13
 2001fe0:    d0 ec f1 c6       	[r15+96] = r12
 2001fe4:    52 ee a0 e0       	b[r10+0] = r14
 2001fe8:    60 e0 97 0b       	r0 = 0x12E00
 2001fec:    09 60             	r1 = h[r0+0] (u)
 2001fee:    b9 2b             	r1 &= 4294965247
 2001ff0:    89 60             	h[r0+0] = r1
 2001ff2:    60 00             	cli
 2001ff4:    c0 ff 00 00 c0 01 	r0 = 29360128 <fl_jedec_ram : 1c00000 >
 2001ffa:    80 30             	[sp+64] = r0
 2001ffc:    00 30             	r0 = [sp+64]
 2001ffe:    c0 00             	call r0
 2002000:    c2 ff 14 60 85 00 	r2 = 8740884 <row+0x856010 : 856014 >
 2002006:    41 21             	r1 = 1
 2002008:    90 e8 00 02       	if (r0 != r2) {
 200200c:    41 20             		r1 = 0
                               	}
 200200e:    52 ee f4 10       	b[r15+4] = r1
 2002012:    20 00             	csync
 2002014:    61 00             	sti
 2002016:    50 ee f4 00       	r0 = b[r15+4] (u)
 200201a:    20 4e             	if (r0 == 0) goto 156 <fm1_cstart+0x32C : 20020b8 >
 200201c:    c1 ff 00 03 04 00 	r1 = 262912 <row+0x402FC : 40300 >
 2002022:    18 40             	r0 = b[r1+0] (u)
 2002024:    b8 21             	r0 &= 4294967293
 2002026:    98 40             	b[r1+0] = r0
 2002028:    c0 ff 00 f0 08 02 	r0 = 34140160 <_data_load+0x8AC54 : 208f000 >
 200202e:    90 63             	[r1+12] = r0
 2002030:    c2 ff ff ff ff 07 	r2 = 134217727 <_data_load+0x5FFBC52 : 7fffffe >
 2002036:    92 62             	[r1+8] = r2
 2002038:    1a 40             	r2 = b[r1+0] (u)
 200203a:    32 21             	r2 |= 2
 200203c:    9a 40             	b[r1+0] = r2
 200203e:    60 00             	cli
 2002040:    31 e1 c8 4d       	r1 = r4 + -568
 2002044:    12 60             	r2 = [r1+0] 
 2002046:    52 e8 fd 71       	if ((r2 & 16384) == 0) goto -6 <fm1_cstart+0x2B8 : 2002044 >
 200204a:    20 00             	csync
 200204c:    30 02             	flushinv [r0]
 200204e:    20 00             	csync
 2002050:    12 60             	r2 = [r1+0] 
 2002052:    52 e8 fd 71       	if ((r2 & 16384) == 0) goto -6 <fm1_cstart+0x2C4 : 2002050 >
 2002056:    c8 20             	r0 += 32
 2002058:    82 ae             	r2 = r0 >> 14
 200205a:    03 ff 3f 28 f5 ff 	if (r2 < 2111) goto -22 <fm1_cstart+0x2BE : 200204a >
 2002060:    20 00             	csync
 2002062:    61 00             	sti
 2002064:    c9 8c             	r1 = sp + 76
 2002066:    60 e0 60 0a       	r0 = 0xE0000
 200206a:    42 24             	r2 = 4
 200206c:    bf ea 01 fb       	call -2558 <ota_fread : 2001672 >
 2002070:    90 43             	if (r0 != 0) goto 70 <fm1_cstart+0x32C : 20020b8 >
 2002072:    c0 ff 00 4f 0e 00 	r0 = 937728 <row+0xE4EFC : e4f00 >
 2002078:    c9 84             	r1 = sp + 68
 200207a:    42 28             	r2 = 8
 200207c:    bf ea f9 fa       	call -2574 <ota_fread : 2001672 >
 2002080:    80 5b             	if (r0 != 0) goto 54 <fm1_cstart+0x32C : 20020b8 >
 2002082:    80 14             	r1_r0 = 0
 2002084:    ca 8c             	r2 = sp + 76
 2002086:    d8 ee 20 31       	r3 = b[r2+r1] (u)
 200208a:    42 21             	r2 = 1
 200208c:    33 e8 ff 00       	if (r3 == 255) {
 2002090:    42 20             		r2 = 0
                               	}
 2002092:    c1 21             	r1 += 1
 2002094:    20 19             	r0 |= r2
 2002096:    81 f8 f5 09       	if (r1 != 4) goto -22 <fm1_cstart+0x2F8 : 2002084 >
 200209a:    41 20             	r1 = 0
 200209c:    ca 84             	r2 = sp + 68
 200209e:    d8 ee 20 31       	r3 = b[r2+r1] (u)
 20020a2:    42 21             	r2 = 1
 20020a4:    33 e8 ff 00       	if (r3 == 255) {
 20020a8:    42 20             		r2 = 0
                               	}
 20020aa:    c1 21             	r1 += 1
 20020ac:    20 19             	r0 |= r2
 20020ae:    81 f8 f5 11       	if (r1 != 8) goto -22 <fm1_cstart+0x310 : 200209c >
 20020b2:    00 42             	if (r0 == 0) goto 4 <fm1_cstart+0x32C : 20020b8 >
 20020b4:    bf ea 1f fb       	call -2498 <ota_unstage : 20016f6 >
 20020b8:    60 e0 a0 ba       	r11 = 0x50000
 20020bc:    c0 ef 04 b0       	[r11+0] &= 0xFFFFFFFB
 20020c0:    c2 ef 04 b0       	[r11+8] &= 0xFFFFFFFB
 20020c4:    60 e0 a2 0a       	r0 = 0x51000
 20020c8:    08 ef 10 00       	[r0+32] |= 0x10
 20020cc:    30 e1 80 00       	r0 = r0 + -3968
 20020d0:    00 ef 80 00       	[r0+0] |= 0x80
 20020d4:    c0 ef e0 0e       	[r0+0] &= 0xFFFFF8FF
 20020d8:    c2 ef f0 0e       	[r0+8] &= 0xFFFFF87F
 20020dc:    40 e0 21 40       	r0 = 16417 <row+0x401C : 4020 >
 20020e0:    ca ff 00 1d 01 00 	r10 = 72960 <row+0x11CFC : 11d00 >
 20020e6:    d0 ec a1 00       	[r10+0] = r0
 20020ea:    41 ea 04 a0       	[r10+4] = 0x4
 20020ee:    c0 ff 80 84 1e 00 	r0 = 2000000 <row+0x1E847C : 1e8480 >
 20020f4:    bf ea 0b fb       	call -2538 <lcd_spin : 200170e >
 20020f8:    45 20             	r5 = 0
 20020fa:    ce ff c6 80 0a 00 	r14 = 688326 <row+0xA80C2 : a80c6 >
 2002100:    c6 ff 91 36 00 02 	r6 = 33568401 <sysex_byte.UBOOT_KEY+0x5 : 2003690 >
 2002106:    cc ff 39 7f 05 00 	r12 = 360249 <row+0x57F34 : 57f38 >
 200210c:    4d e0 a8 61       	r13 = 25000 <row+0x61A4 : 61a8 >
 2002110:    c8 e1 e2 05       	r0 = r14 >> r5
 2002114:    50 e8 1e 02       	if ((r0 & 1) != 0) goto 60 <fm1_cstart+0x3C8 : 2002154 >
 2002118:    64 16             	r4 = r6
 200211a:    dc ee 40 05       	r0 = b[++r4=r5] (u)
 200211e:    bf ea d6 f1       	call -7252 <lcd_cmd : 20004ce >
 2002122:    58 81             	r0 = r5 + 1
 2002124:    c8 f1 c2 00       	r0 = r12 >> r0  #
 2002128:    4c 41             		 r4 = b[r4+1] (u)
 200212a:    5f 82             	r7 = r5 + 2
 200212c:    50 e8 19 00       	if ((r0 & 1) == 0) goto 50 <fm1_cstart+0x3D6 : 2002162 >
 2002130:    d0 1d             	r0 = r5 + r6
 2002132:    c0 22             	r0 += 2
 2002134:    41 20             	r1 = 0
 2002136:    d8 ee 00 21       	r2 = b[r0+r1] (u)
 200213a:    b4 e0 10 3f       	r3 = r1 + r15
 200213e:    c1 21             	r1 += 1
 2002140:    52 ee 3e 2b       	b[r3+190] = r2
 2002144:    84 e9 f7 11       	if (r1 < r4) goto -18 <fm1_cstart+0x3AA : 2002136 >
 2002148:    00 e1 be f0       	r0 = r15 + 190
 200214c:    41 16             	r1 = r4
 200214e:    bf ea d4 f1       	call -7256 <lcd_data : 20004fa >
 2002152:    04 87             	goto 14 <fm1_cstart+0x3D6 : 2002162 >
 2002154:    d3 1d             	r3 = r5 + r6
 2002156:    38 42             	r0 = b[r3+2] (u)
 2002158:    d0 1b             	r0 *= r13
 200215a:    bf ea d8 fa       	call -2640 <lcd_spin : 200170e >
 200215e:    3c 41             	r4 = b[r3+1] (u)
 2002160:    5f 82             	r7 = r5 + 2
 2002162:    cd 1d             	r5 = r4 + r7
 2002164:    85 f9 d4 29       	if (r5 < 20) goto -88 <fm1_cstart+0x384 : 2002110 >
 2002168:    41 ea 04 a0       	[r10+4] = 0x4
 200216c:    44 20             	r4 = 0
 200216e:    80 d4             	r1_r0 = 0  #
 2002170:    84 20             		 [sp] = r4
 2002172:    7a 30             	r2 = 240
 2002174:    7b 30             	r3 = 240
 2002176:    bf ea da f1       	call -7244 <lcd_fill : 200052e >
 200217a:    48 29             	r0 = 41
 200217c:    bf ea a7 f1       	call -7346 <lcd_cmd : 20004ce >
 2002180:    bf ea 95 f1       	call -7382 <lcd_sync : 20004ae >
 2002184:    80 ea be 05       	call 2940 <display_init : 2002d04 >
 2002188:    ca ff 49 38 00 02 	r10 = 33568841 <ota_reply_identity.ID+0x193 : 2003848 >
 200218e:    00 e1 0c b0       	r0 = r11 + 12
 2002192:    32 e1 fc 0f       	r2 = r0 + -4
 2002196:    0b 8c             	r3 = r0 + 12
 2002198:    0d 90             	r5 = r0 + 16
 200219a:    a6 16             	r6 = r10
 200219c:    dc ee 60 74       	r7 = b[++r6=r4] (u)
 20021a0:    01 d6             	r1 = r0  #
 20021a2:    6e 41             		 r6 = b[r6+1] (u)
 20021a4:    a1 e1 20 73       	r1 <= insert(r7, p:6, l:8)
 20021a8:    66 e8 00 16       	[r1+0] |= 1 << r6
 20021ac:    b1 16             	r1 = r11
 20021ae:    a1 e1 20 73       	r1 <= insert(r7, p:6, l:8)
 20021b2:    66 e8 03 16       	[r1+0] &= ~(1 << r6)
 20021b6:    21 16             	r1 = r2
 20021b8:    a1 e1 20 73       	r1 <= insert(r7, p:6, l:8)
 20021bc:    66 e8 03 16       	[r1+0] &= ~(1 << r6)
 20021c0:    31 16             	r1 = r3
 20021c2:    a1 e1 20 73       	r1 <= insert(r7, p:6, l:8)
 20021c6:    66 e8 00 16       	[r1+0] |= 1 << r6
 20021ca:    51 16             	r1 = r5
 20021cc:    a1 e1 20 73       	r1 <= insert(r7, p:6, l:8)
 20021d0:    66 e8 00 16       	[r1+0] |= 1 << r6
 20021d4:    c4 22             	r4 += 2
 20021d6:    84 f8 e0 11       	if (r4 != 8) goto -64 <fm1_cstart+0x40E : 200219a >
 20021da:    40 e0 e1 01       	r0 = 481 <row+0x1DC : 1e0 >
 20021de:    64 e8 0c b0       	[r11+12] |= r0
 20021e2:    64 e8 08 b0       	[r11+8] |= r0
 20021e6:    41 e0 1e fe       	r1 = -482 <_data_load+0xFFFFFFFFFDFFBA72 : fffffffffffffe1e >
 20021ea:    64 e8 16 b1       	[r11+20] &= r1
 20021ee:    64 e8 10 b0       	[r11+16] |= r0
 20021f2:    13 ef 80 b0       	[r11+76] |= 0x80
 20021f6:    12 ef 80 b0       	[r11+72] |= 0x80
 20021fa:    d5 ef 80 b0       	[r11+84] &= 0xFFFFFF7F
 20021fe:    14 ef 80 b0       	[r11+80] |= 0x80
 2002202:    03 ef 1a b0       	[r11+12] |= 0x1A
 2002206:    c4 ef 1a b0       	[r11+16] &= 0xFFFFFFE5
 200220a:    c5 ef 1a b0       	[r11+20] &= 0xFFFFFFE5
 200220e:    c0 ef 1a b0       	[r11+0] &= 0xFFFFFFE5
 2002212:    c2 ef 1a b0       	[r11+8] &= 0xFFFFFFE5
 2002216:    c0 ff ff ff 00 00 	r0 = 65535 <row+0xFFFA : fffe >
 200221c:    bf ea 23 f3       	call -6586 <fm1__sr_word : 2000866 >
 2002220:    10 39             	r0 = -7
 2002222:    c3 ff 40 98 c0 01 	r3 = 29399104 <ota_session.parm : 1c09840 >
 2002228:    79 3f             	r1 = 255
 200222a:    34 e1 80 8f       	r4 = r8 + -128
 200222e:    8a 1c             	r2 = r0 + r3
 2002230:    52 ee 26 1c       	b[r2+198] = r1
 2002234:    c0 21             	r0 += 1
 2002236:    52 ee 2f 1b       	b[r2+191] = r1
 200223a:    f0 59             	if (r0 != 0) goto -14 <fm1_cstart+0x4A2 : 200222e >
 200223c:    bf ea 75 fa       	call -2838 <usb_start : 200172a >
 2002240:    c0 ff 00 09 01 00 	r0 = 67840 <row+0x108FC : 10900 >
 2002246:    40 ea 80 0c       	[r0+0] = 0x4000
 200224a:    41 ea 00 00       	[r0+4] = 0x0
 200224e:    42 ea 16 0f       	[r0+8] = 0x258
 2002252:    c1 ff fc fe c7 01 	r1 = 29884156 <bootguard+0x3EBC : 1c7fefc >
 2002258:    c2 ff 6e 04 00 02 	r2 = 33555566 <isr_timer5 : 200046e >
 200225e:    01 f1 dc 4e       	r1 = r4 + 3804  #
 2002262:    92 60             		 [r1+0] = r2
 2002264:    12 60             	r2 = [r1+0] 
 2002266:    72 e1 70 24       	r2 = r2 & 0xFFFFFFF
 200226a:    42 e1 40 25       	r2 = r2 | 0x30000000
 200226e:    41 f0 19 40       	r1 = 16409  # <row+0x4014 : 4018 >
 2002272:    92 60             		 [r1+0] = r2
 2002274:    81 60             	[r0+0] = r1
 2002276:    40 60             	r0 = [r4+0] 
 2002278:    20 ea 01 00       	if ((r0 & 0x1) == 0) {
 200227c:    40 ea e7 40       		[r4+0] = 0xE7
                               	}
 2002280:    42 ea ff 43       	[r4+8] = 0xFFFFFFFF
 2002284:    c0 ff 50 fd c7 01 	r0 = 29883728 <bootguard+0x3D10 : 1c7fd50 >
 200228a:    d0 ec 89 00       	[r8+8] = r0
 200228e:    00 e1 af 02       	r0 = r0 + 687
 2002292:    d0 ec 99 00       	[r9+8] = r0
 2002296:    00 e1 00 41       	r0 = r4 + 256
 200229a:    02 ef 04 00       	[r0+8] |= 0x4
 200229e:    40 60             	r0 = [r4+0] 
 20022a0:    30 ea 01 00       	if ((r0 & 0x1) != 0) {
 20022a4:    40 ea e7 40       		[r4+0] = 0xE7
                               	}
 20022a8:    64 e0 00 0b       	r0 = icfg
 20022ac:    30 28             	r0 |= 256
 20022ae:    64 e0 80 0b       	icfg = r0
 20022b2:    20 00             	csync
 20022b4:    61 00             	sti
 20022b6:    f8 e8 c0 00       	r0 = sp + 192
 20022ba:    09 90             	r1 = r0 + 16
 20022bc:    c0 d4             	r8 = 0  #
 20022be:    81 22             		 [sp+8] = r1
 20022c0:    4c f0 01 00       	r12 = 1  # <firmware/src/diag.c : 0 >
 20022c4:    80 23             		 [sp+12] = r0
 20022c6:    c0 22             	r0 += 2
 20022c8:    4a f0 00 01       	r10 = 256  # <row+0xFC : 100 >
 20022cc:    80 21             		 [sp+4] = r0
 20022ce:    ce ff 3b 38 00 02 	r14 = 33568827 <ota_reply_identity.ID+0x185 : 200383a >
 20022d4:    c6 ff 30 9a c0 01 	r6 = 29399600 <cdc_in : 1c09a30 >
 20022da:    cd ff 10 38 00 02 	r13 = 33568784 <ota_reply_identity.ID+0x15B : 2003810 >
 20022e0:    c9 ff 13 38 00 02 	r9 = 33568787 <ota_reply_identity.ID+0x15D : 2003812 >
 20022e6:    40 20             	r0 = 0
 20022e8:    4b f0 45 01       	r11 = 325  # <row+0x140 : 144 >
 20022ec:    80 2e             		 [sp+56] = r0
 20022ee:    80 2f             	[sp+60] = r0
 20022f0:    41 20             	r1 = 0
 20022f2:    d0 e9 29 00       	d[sp+40] = r1_r0
 20022f6:    b5 8d             	goto 1754 <fm1_cstart+0xC46 : 20029d2 >
 20022f8:    c0 ff 00 80 c0 01 	r0 = 29392896 <cdc : 1c08000 >
 20022fe:    08 47             	r0 = b[r0+7] (u)
 2002300:    00 f8 ba 00       	if (r0 == 0) goto 372 <fm1_cstart+0x6EC : 2002478 >
 2002304:    40 e0 44 01       	r0 = 324 <row+0x140 : 144 >
 2002308:    d8 ee f0 00       	r0 = b[r15+r0] (u)
 200230c:    80 f8 ad 00       	if (r0 != 0) goto 346 <fm1_cstart+0x6DE : 200246a >
 2002310:    51 ed f5 c4       	h[r15+324] = r12
 2002314:    c0 ff e4 36 00 02 	r0 = 33568484 <ota_reply_identity.ID+0x2F : 20036e4 >
 200231a:    bf ea db fc       	call -1610 <con_puts : 2001cd4 >
 200231e:    54 85             	goto 330 <fm1_cstart+0x6DE : 200246a >
 2002320:    d0 ec f0 04       	r0 = [r15+64]
 2002324:    09 81             	r1 = r0 + 1
 2002326:    d0 ec f1 14       	[r15+64] = r1
 200232a:    00 17             	r0 = r0.b0 (u)
 200232c:    d8 ee 00 06       	r0 = b[r0+r6] (u)
 2002330:    00 fe 05 18       	ifs (r0 > 12) goto 10 <fm1_cstart+0x5B2 : 200233e >
 2002334:    00 f8 48 10       	if (r0 == 8) goto 144 <fm1_cstart+0x63C : 20023c8 >
 2002338:    00 f8 05 14       	if (r0 == 10) goto 10 <fm1_cstart+0x5BA : 2002346 >
 200233c:    24 8c             	goto 152 <fm1_cstart+0x64A : 20023d6 >
 200233e:    00 f8 43 fe       	if (r0 == 127) goto 134 <fm1_cstart+0x63C : 20023c8 >
 2002342:    80 f8 48 1a       	if (r0 != 13) goto 144 <fm1_cstart+0x64A : 20023d6 >
 2002346:    d1 ec f0 04       	r0 = [r15+320]
 200234a:    f0 18             	r0 += r15
 200234c:    d8 ee 01 8a       	b[r0+r10] = r8
 2002350:    d8 ee f1 8b       	b[r15+r11] = r8
 2002354:    c0 ff 04 37 00 02 	r0 = 33568516 <ota_reply_identity.ID+0x4F : 2003704 >
 200235a:    bf ea c4 fc       	call -1656 <equal : 2001ce6 >
 200235e:    20 49             	if (r0 == 0) goto 146 <fm1_cstart+0x666 : 20023f2 >
 2002360:    f8 e8 e0 50       	r5 = sp + 224
 2002364:    41 20             	r1 = 0
 2002366:    4a 30             	r2 = 48
 2002368:    44 20             	r4 = 0
 200236a:    50 16             	r0 = r5
 200236c:    bf ea 42 f2       	call -7036 <memset : 20007f4 >
 2002370:    60 00             	cli
 2002372:    50 16             	r0 = r5
 2002374:    80 ea 8c 04       	call 2328 <fm1_probe : 2002c90 >
 2002378:    20 00             	csync
 200237a:    61 00             	sti
 200237c:    d5 eb 01 f0       	[r15+84] += 1
 2002380:    c0 ff c5 37 00 02 	r0 = 33568709 <ota_reply_identity.ID+0x10F : 20037c4 >
 2002386:    bf ea a5 fc       	call -1718 <con_puts : 2001cd4 >
 200238a:    90 16             	r0 = r9
 200238c:    bf ea a2 fc       	call -1724 <con_puts : 2001cd4 >
 2002390:    40 16             	r0 = r4
 2002392:    bf ea c1 fc       	call -1662 <con_dec : 2001d18 >
 2002396:    48 20             	r0 = 32
 2002398:    bf ea 61 fc       	call -1854 <con_putc : 2001c5e >
 200239c:    f8 e8 e0 00       	r0 = sp + 224
 20023a0:    d8 ec 0a 04       	r0 = [r0+r4<<2]
 20023a4:    bf ea e0 fc       	call -1600 <con_hex : 2001d68 >
 20023a8:    d0 16             	r0 = r13
 20023aa:    bf ea 93 fc       	call -1754 <con_puts : 2001cd4 >
 20023ae:    c4 21             	r4 += 1
 20023b0:    84 f8 eb 19       	if (r4 != 12) goto -42 <fm1_cstart+0x5FE : 200238a >
 20023b4:    c0 ff 16 38 00 02 	r0 = 33568790 <ota_reply_identity.ID+0x161 : 2003816 >
 20023ba:    bf ea 8b fc       	call -1770 <con_puts : 2001cd4 >
 20023be:    bf ea 76 f0       	call -7956 <lcd_sync : 20004ae >
 20023c2:    80 ea 9f 04       	call 2366 <display_init : 2002d04 >
 20023c6:    24 8f             	goto 158 <fm1_cstart+0x6DA : 2002466 >
 20023c8:    d1 ec f0 04       	r0 = [r15+320]
 20023cc:    20 4e             	if (r0 == 0) goto 156 <fm1_cstart+0x6DE : 200246a >
 20023ce:    f8 3f             	r0 += -1
 20023d0:    d1 ec f1 04       	[r15+320] = r0
 20023d4:    24 8a             	goto 148 <fm1_cstart+0x6DE : 200246a >
 20023d6:    08 17             	r0 = r0.b0 (s)
 20023d8:    80 fd 47 40       	ifs (r0 < 32) goto 142 <fm1_cstart+0x6DE : 200246a >
 20023dc:    d1 ec f0 14       	r1 = [r15+320]
 20023e0:    01 fc 43 7c       	if (r1 > 62) goto 134 <fm1_cstart+0x6DE : 200246a >
 20023e4:    1a 81             	r2 = r1 + 1
 20023e6:    d1 ec f1 24       	[r15+320] = r2
 20023ea:    f1 18             	r1 += r15
 20023ec:    d8 ee 11 0a       	b[r1+r10] = r0
 20023f0:    14 9c             	goto 120 <fm1_cstart+0x6DE : 200246a >
 20023f2:    c0 ff 0a 37 00 02 	r0 = 33568522 <ota_reply_identity.ID+0x55 : 200370a >
 20023f8:    bf ea 75 fc       	call -1814 <equal : 2001ce6 >
 20023fc:    10 44             	if (r0 == 0) goto 72 <fm1_cstart+0x6BA : 2002446 >
 20023fe:    c0 ff 0f 37 00 02 	r0 = 33568527 <ota_reply_identity.ID+0x59 : 200370e >
 2002404:    bf ea 66 fc       	call -1844 <con_puts : 2001cd4 >
 2002408:    50 ee f4 00       	r0 = b[r15+4] (u)
 200240c:    bf ea 84 fc       	call -1784 <con_dec : 2001d18 >
 2002410:    d0 16             	r0 = r13
 2002412:    bf ea 5f fc       	call -1858 <con_puts : 2001cd4 >
 2002416:    c0 ff 7b 37 00 02 	r0 = 33568635 <ota_reply_identity.ID+0xC5 : 200377a >
 200241c:    bf ea 5a fc       	call -1868 <con_puts : 2001cd4 >
 2002420:    c0 ff f8 9e c0 01 	r0 = 29400824 <display_frames : 1c09ef8 >
 2002426:    00 60             	r0 = [r0+0] 
 2002428:    bf ea 76 fc       	call -1812 <con_dec : 2001d18 >
 200242c:    c0 ff 8b 37 00 02 	r0 = 33568651 <ota_reply_identity.ID+0xD5 : 200378a >
 2002432:    bf ea 4f fc       	call -1890 <con_puts : 2001cd4 >
 2002436:    c0 ff fc 9e c0 01 	r0 = 29400828 <display_ticks : 1c09efc >
 200243c:    00 60             	r0 = [r0+0] 
 200243e:    bf ea 93 fc       	call -1754 <con_hex : 2001d68 >
 2002442:    d0 16             	r0 = r13
 2002444:    04 8e             	goto 28 <fm1_cstart+0x6D6 : 2002462 >
 2002446:    c0 ff 9c 37 00 02 	r0 = 33568668 <ota_reply_identity.ID+0xE7 : 200379c >
 200244c:    bf ea 4b fc       	call -1898 <equal : 2001ce6 >
 2002450:    01 ff 00 00 db 03 	if (r0 != 0) goto 1974 <fm1_cstart+0xE80 : 2002c0c >
 2002456:    d1 ec f0 04       	r0 = [r15+320]
 200245a:    00 45             	if (r0 == 0) goto 10 <fm1_cstart+0x6DA : 2002466 >
 200245c:    c0 ff a2 37 00 02 	r0 = 33568674 <ota_reply_identity.ID+0xED : 20037a2 >
 2002462:    bf ea 37 fc       	call -1938 <con_puts : 2001cd4 >
 2002466:    d1 ec f1 84       	[r15+320] = r8
 200246a:    d0 ec f0 04       	r0 = [r15+64]
 200246e:    d0 ec fc 13       	r1 = [r15+60]
 2002472:    81 e8 55 01       	if (r0 != r1) goto -342 <fm1_cstart+0x594 : 2002320 >
 2002476:    04 86             	goto 12 <fm1_cstart+0x6F8 : 2002484 >
 2002478:    40 e0 44 01       	r0 = 324 <row+0x140 : 144 >
 200247c:    d8 ee f1 80       	b[r15+r0] = r8
 2002480:    d1 ec f1 84       	[r15+320] = r8
 2002484:    60 00             	cli
 2002486:    d0 ec 74 67       	r6 = [r7+116]
 200248a:    d0 ec 70 b7       	r11 = [r7+112]
 200248e:    20 00             	csync
 2002490:    61 00             	sti
 2002492:    c0 ff 00 80 c0 01 	r0 = 29392896 <cdc : 1c08000 >
 2002498:    08 47             	r0 = b[r0+7] (u)
 200249a:    10 49             	if (r0 == 0) goto 82 <fm1_cstart+0x762 : 20024ee >
 200249c:    17 32             	r7 = -14
 200249e:    7c 8e             	r4 = r7 + 14
 20024a0:    40 21             	r0 = 1
 20024a2:    14 e9 00 07       	if (r4 >= r7) {
 20024a6:    40 20             		r0 = 0
                               	}
 20024a8:    65 16             	r5 = r6
 20024aa:    80 41             	if (r0 != 0) goto 2 <fm1_cstart+0x722 : 20024ae >
 20024ac:    b5 16             	r5 = r11
 20024ae:    30 e8 00 60       	if (r0 == 0) {
 20024b2:    d0 ec fc 05       		r0 = [r15+92]
 20024b6:    71 16             		r1 = r7
                               	} else {
 20024b8:    d0 ec f8 05       		r0 = [r15+88]
 20024bc:    41 16             		r1 = r4
                               	}
 20024be:    c8 e1 c0 a1       	r10 = r12 << r1
 20024c2:    58 19             	r0 ^= r5
 20024c4:    a0 fa 10 00       	if ((r0 & r10) == 0) goto 32 <fm1_cstart+0x75C : 20024e8 >
 20024c8:    c0 ff 36 38 00 02 	r0 = 33568822 <ota_reply_identity.ID+0x181 : 2003836 >
 20024ce:    bf ea 01 fc       	call -2046 <con_puts : 2001cd4 >
 20024d2:    40 16             	r0 = r4
 20024d4:    bf ea 20 fc       	call -1984 <con_dec : 2001d18 >
 20024d8:    e0 16             	r0 = r14
 20024da:    1a ea 00 05       	if ((r10 & r5) == 0) {
 20024de:    c0 ff 43 38 00 02 		r0 = 33568835
                               	} <ota_reply_identity.ID+0x18D : 2003842 >
 20024e4:    bf ea f6 fb       	call -2068 <con_puts : 2001cd4 >
 20024e8:    c7 21             	r7 += 1
 20024ea:    87 f8 d8 37       	if (r7 != 27) goto -80 <fm1_cstart+0x712 : 200249e >
 20024ee:    d0 ec f9 65       	[r15+88] = r6
 20024f2:    d0 ec fd b5       	[r15+92] = r11
 20024f6:    d0 ec f4 01       	r0 = [r15+20]
 20024fa:    4a f0 00 01       	r10 = 256  # <row+0xFC : 100 >
 20024fe:    01 2f             		 r1 = [sp+60]
 2002500:    08 1e             	r0 = r0 - r1
 2002502:    c6 ff 30 9a c0 01 	r6 = 29399600 <cdc_in : 1c09a30 >
 2002508:    4b e0 45 01       	r11 = 325 <row+0x140 : 144 >
 200250c:    03 ff 64 00 60 02 	if (r0 < 100) goto 1216 <fm1_cstart+0xC46 : 20029d2 >
 2002512:    d0 ec f4 01       	r0 = [r15+20]
 2002516:    80 2f             	[sp+60] = r0
 2002518:    60 00             	cli
 200251a:    40 20             	r0 = 0
 200251c:    c3 ff 40 98 c0 01 	r3 = 29399104 <ota_session.parm : 1c09840 >
 2002522:    44 3e             	r4 = 30
 2002524:    c5 ff c0 c0 c0 01 	r5 = 29409472 <matrix_results : 1c0c0c0 >
 200252a:    89 1c             	r1 = r0 + r3
 200252c:    50 ee 14 18       	r1 = b[r1+132] (u)
 2002530:    90 e1 43 11       	r1 = r4 & ~r1
 2002534:    42 21             	r2 = 1
 2002536:    a2 e1 14 12       	r2 <= insert(r1, p:4, l:5)
 200253a:    d8 ec 5b 20       	[r5+r0<<2] = r2
 200253e:    c0 21             	r0 += 1
 2002540:    80 f8 f3 17       	if (r0 != 11) goto -26 <fm1_cstart+0x79E : 200252a >
 2002544:    20 00             	csync
 2002546:    61 00             	sti
 2002548:    bf ea b1 ef       	call -8350 <lcd_sync : 20004ae >
 200254c:    80 ea 01 04       	call 2050 <display_frame : 2002d52 >
 2002550:    25 80             	goto 1152 <fm1_cstart+0xC46 : 20029d2 >
 2002552:    87 24             	[sp+16] = r7
 2002554:    50 ee ab 00       	r0 = b[r10+11] (u)
 2002558:    80 27             	[sp+28] = r0
 200255a:    50 ee aa 00       	r0 = b[r10+10] (u)
 200255e:    80 26             	[sp+24] = r0
 2002560:    50 ee a9 00       	r0 = b[r10+9] (u)
 2002564:    00 f1 02 a0       	r0 = r10 + 2  #
 2002568:    80 25             		 [sp+20] = r0
 200256a:    50 ee a8 b0       	r11 = b[r10+8] (u)
 200256e:    41 3e             	r1 = 30
 2002570:    42 20             	r2 = 0
 2002572:    bf ea 2d fb       	call -2470 <ota_crc16 : 2001bd0 >
 2002576:    50 ee a1 10       	r1 = b[r10+1] (u)
 200257a:    50 ee a0 20       	r2 = b[r10+0] (u)
 200257e:    04 16             	r4 = r0
 2002580:    10 39             	r0 = -7
 2002582:    a2 e1 20 14       	r2 <= insert(r1, p:8, l:8)
 2002586:    41 ff 00 42 24 03 	if (r4 != r2) goto 1608 <fm1_cstart+0xE48 : 2002bd4 >
 200258c:    80 2d             	[sp+52] = r0
 200258e:    50 ee ac 00       	r0 = b[r10+12] (u)
 2002592:    c6 ff 30 9a c0 01 	r6 = 29399600 <cdc_in : 1c09a30 >
 2002598:    01 ff 41 00 1f 03 	if (r0 != 65) goto 1598 <fm1_cstart+0xE50 : 2002bdc >
 200259e:    50 ee a5 00       	r0 = b[r10+5] (u)
 20025a2:    50 ee a4 10       	r1 = b[r10+4] (u)
 20025a6:    50 ee a6 20       	r2 = b[r10+6] (u)
 20025aa:    50 ee a7 30       	r3 = b[r10+7] (u)
 20025ae:    a1 e1 20 04       	r1 <= insert(r0, p:8, l:8)
 20025b2:    a1 e1 20 28       	r1 <= insert(r2, p:16, l:8)
 20025b6:    a1 e1 20 3c       	r1 <= insert(r3, p:24, l:8)
 20025ba:    01 ff 20 10 0e 03 	if (r1 != 32) goto 1564 <fm1_cstart+0xE50 : 2002bdc >
 20025c0:    00 25             	r0 = [sp+20]
 20025c2:    ab f1 20 04       	r11 <= insert(r0, p:8, l:8)  #
 20025c6:    00 26             		 r0 = [sp+24]
 20025c8:    ab f1 20 08       	r11 <= insert(r0, p:16, l:8)  #
 20025cc:    00 27             		 r0 = [sp+28]
 20025ce:    ab e1 20 0c       	r11 <= insert(r0, p:24, l:8)
 20025d2:    28 ff 9c bc 02 03 	if (r11 > 19968) goto 1540 <fm1_cstart+0xE50 : 2002bdc >
 20025d8:    00 f1 20 b0       	r0 = r11 + 32  #
 20025dc:    01 28             		 r1 = [sp+32]
 20025de:    41 ff 00 10 fc 02 	if (r1 != r0) goto 1528 <fm1_cstart+0xE50 : 2002bdc >
 20025e4:    00 f1 22 a0       	r0 = r10 + 34  #
 20025e8:    84 27             		 [sp+28] = r4
 20025ea:    41 3e             	r1 = 30
 20025ec:    42 20             	r2 = 0
 20025ee:    bf ea ef fa       	call -2594 <ota_crc16 : 2001bd0 >
 20025f2:    50 ee a1 12       	r1 = b[r10+33] (u)
 20025f6:    50 ee a0 22       	r2 = b[r10+32] (u)
 20025fa:    a2 e1 20 14       	r2 <= insert(r1, p:8, l:8)
 20025fe:    41 ff 00 02 e9 02 	if (r0 != r2) goto 1490 <fm1_cstart+0xE4A : 2002bd6 >
 2002604:    00 e1 28 a0       	r0 = r10 + 40
 2002608:    09 41             	r1 = b[r0+1] (u)
 200260a:    0a 40             	r2 = b[r0+0] (u)
 200260c:    a2 f1 20 14       	r2 <= insert(r1, p:8, l:8)  #
 2002610:    0b 42             		 r3 = b[r0+2] (u)
 2002612:    a2 f1 20 38       	r2 <= insert(r3, p:16, l:8)  #
 2002616:    08 43             		 r0 = b[r0+3] (u)
 2002618:    a2 e1 20 0c       	r2 <= insert(r0, p:24, l:8)
 200261c:    c6 ff 30 9a c0 01 	r6 = 29399600 <cdc_in : 1c09a30 >
 2002622:    c0 ff 00 a8 c0 01 	r0 = 29403136 <counter_buffer+0x900 : 1c0a800 >
 2002628:    41 ff 00 20 d7 02 	if (r2 != r0) goto 1454 <fm1_cstart+0xE50 : 2002bdc >
 200262e:    d4 e9 19 b0       	[sp+24] = r11
 2002632:    c3 d4             	r11 = 0  #
 2002634:    02 27             		 r2 = [sp+28]
 2002636:    c1 ff aa eb 00 00 	r1 = 60330 <row+0xEBA6 : ebaa >
 200263c:    c0 ff cb 36 00 02 	r0 = 33568459 <ota_reply_identity.ID+0x15 : 20036ca >
 2002642:    81 e8 15 20       	if (r2 != r1) goto 42 <fm1_cstart+0x8E4 : 2002670 >
 2002646:    44 21             	r4 = 1
 2002648:    41 21             	r1 = 1
 200264a:    42 f0 e1 4d       	r2 = 19937  # <row+0x4DDC : 4de0 >
 200264e:    03 26             		 r3 = [sp+24]
 2002650:    93 e8 00 02       	if (r3 != r2) {
 2002654:    41 20             		r1 = 0
                               	}
 2002656:    50 ee a3 20       	r2 = b[r10+3] (u)
 200265a:    50 ee a2 30       	r3 = b[r10+2] (u)
 200265e:    a3 e1 20 24       	r3 <= insert(r2, p:8, l:8)
 2002662:    42 e0 81 58       	r2 = 22657 <row+0x587C : 5880 >
 2002666:    93 e8 00 02       	if (r3 != r2) {
 200266a:    44 20             		r4 = 0
                               	}
 200266c:    90 e1 12 b4       	r11 = r1 & r4
 2002670:    01 e1 24 a0       	r1 = r10 + 36
 2002674:    1a 41             	r2 = b[r1+1] (u)
 2002676:    1b 40             	r3 = b[r1+0] (u)
 2002678:    a3 f1 20 24       	r3 <= insert(r2, p:8, l:8)  #
 200267c:    1c 42             		 r4 = b[r1+2] (u)
 200267e:    a3 f1 20 48       	r3 <= insert(r4, p:16, l:8)  #
 2002682:    19 43             		 r1 = b[r1+3] (u)
 2002684:    a3 e1 20 1c       	r3 <= insert(r1, p:24, l:8)
 2002688:    41 21             	r1 = 1
 200268a:    23 ec a0 0b       	if (r3 > 81920) {
 200268e:    41 20             		r1 = 0
                               	}
 2002690:    52 28             	r2 = 72
 2002692:    43 20             	r3 = 0
 2002694:    03 f8 0b 20       	if (r3 == 16) goto 22 <fm1_cstart+0x922 : 20026ae >
 2002698:    b4 e0 30 4a       	r4 = r3 + r10
 200269c:    d8 ee 30 50       	r5 = b[r3+r0] (u)
 20026a0:    d8 ee 40 42       	r4 = b[r4+r2] (u)
 20026a4:    c3 21             	r3 += 1
 20026a6:    05 e8 f5 41       	if (r4 == r5) goto -22 <fm1_cstart+0x908 : 2002694 >
 20026aa:    43 20             	r3 = 0
 20026ac:    04 81             	goto 2 <fm1_cstart+0x924 : 20026b0 >
 20026ae:    13 16             	r3 = r1
 20026b0:    2c 91             	r4 = r2 + 17
 20026b2:    14 fc 04 10       	if (r4 > 136) goto 8 <fm1_cstart+0x932 : 20026be >
 20026b6:    54 e1 01 30       	r4 = r3 ^ 0x1
 20026ba:    c2 21             	r2 += 1
 20026bc:    f4 4a             	if (r4 != 0) goto -44 <fm1_cstart+0x906 : 2002692 >
 20026be:    90 f1 b0 13       	r1 = r11 | r3  #
 20026c2:    07 24             		 r7 = [sp+16]
 20026c4:    01 ff 01 10 89 02 	if (r1 != 1) goto 1298 <fm1_cstart+0xE50 : 2002bdc >
 20026ca:    a5 16             	r5 = r10
 20026cc:    0b f8 33 00       	if (r11 == 0) goto 102 <fm1_cstart+0x9AA : 2002736 >
 20026d0:    40 22             	r0 = 2
 20026d2:    41 20             	r1 = 0
 20026d4:    44 20             	r4 = 0
 20026d6:    bf ea c9 f9       	call -3182 <ota_show : 2001a6c >
 20026da:    42 f0 00 02       	r2 = 512  # <row+0x1FC : 200 >
 20026de:    00 29             		 r0 = [sp+36]
 20026e0:    40 18             	r0 += r4
 20026e2:    51 16             	r1 = r5
 20026e4:    bf ea dc f9       	call -3144 <ota_read : 2001aa0 >
 20026e8:    11 3c             	r1 = -4
 20026ea:    81 2d             	[sp+52] = r1
 20026ec:    01 ff 00 00 75 02 	if (r0 != 0) goto 1258 <fm1_cstart+0xE50 : 2002bdc >
 20026f2:    42 e0 00 02       	r2 = 512 <row+0x1FC : 200 >
 20026f6:    40 16             	r0 = r4
 20026f8:    c1 ff 84 94 c0 01 	r1 = 29398148 <ota_stage.mine : 1c09484 >
 20026fe:    bf ea b8 f7       	call -4240 <ota_fread : 2001672 >
 2002702:    01 ff 00 00 6a 02 	if (r0 != 0) goto 1236 <fm1_cstart+0xE50 : 2002bdc >
 2002708:    40 20             	r0 = 0
 200270a:    00 ff 00 02 0e 00 	if (r0 == 512) goto 28 <fm1_cstart+0x9A0 : 200272c >
 2002710:    c1 ff 84 94 c0 01 	r1 = 29398148 <ota_stage.mine : 1c09484 >
 2002716:    d8 ee 00 11       	r1 = b[r0+r1] (u)
 200271a:    52 16             	r2 = r5
 200271c:    d8 ee 00 22       	r2 = b[r0+r2] (u)
 2002720:    c0 21             	r0 += 1
 2002722:    13 3b             	r3 = -5
 2002724:    83 2d             	[sp+52] = r3
 2002726:    01 e8 f0 21       	if (r2 == r1) goto -32 <fm1_cstart+0x97E : 200270a >
 200272a:    25 98             	goto 1200 <fm1_cstart+0xE50 : 2002bdc >
 200272c:    04 e1 00 42       	r4 = r4 + 512
 2002730:    23 ff 80 4c d2 ff 	if (r4 < 16384) goto -92 <fm1_cstart+0x94E : 20026da >
 2002736:    40 23             	r0 = 3
 2002738:    41 20             	r1 = 0
 200273a:    bf ea 97 f9       	call -3282 <ota_show : 2001a6c >
 200273e:    42 e0 00 02       	r2 = 512 <row+0x1FC : 200 >
 2002742:    70 16             	r0 = r7
 2002744:    51 16             	r1 = r5
 2002746:    bf ea ab f9       	call -3242 <ota_read : 2001aa0 >
 200274a:    11 3a             	r1 = -6
 200274c:    81 2d             	[sp+52] = r1
 200274e:    01 ff 00 00 44 02 	if (r0 != 0) goto 1160 <fm1_cstart+0xE50 : 2002bdc >
 2002754:    50 ee a3 00       	r0 = b[r10+3] (u)
 2002758:    50 ee a2 70       	r7 = b[r10+2] (u)
 200275c:    a7 f1 20 04       	r7 <= insert(r0, p:8, l:8)  #
 2002760:    05 26             		 r5 = [sp+24]
 2002762:    44 20             	r4 = 0
 2002764:    e0 e0 60 4a       	r0 = r4 + 0xE0000
 2002768:    bf ea a6 f7       	call -4276 <ota_erase : 20016b8 >
 200276c:    90 53             	if (r0 != 0) goto 102 <fm1_cstart+0xA48 : 20027d4 >
 200276e:    14 e1 00 40       	r4 = r4 + 4096
 2002772:    23 ff a0 4c f6 ff 	if (r4 < 20480) goto -20 <fm1_cstart+0x9D8 : 2002764 >
 2002778:    87 27             	[sp+28] = r7
 200277a:    15 4f             	if (r5 == 0) goto 94 <fm1_cstart+0xA4E : 20027da >
 200277c:    c3 d4             	r11 = 0  #
 200277e:    00 24             		 r0 = [sp+16]
 2002780:    c8 20             	r0 += 32
 2002782:    80 2d             	[sp+52] = r0
 2002784:    44 20             	r4 = 0
 2002786:    01 26             	r1 = [sp+24]
 2002788:    00 2d             	r0 = [sp+52]
 200278a:    b0 18             	r0 += r11
 200278c:    b4 e0 12 5b       	r5 = r1 - r11
 2002790:    35 e9 00 02       	if (r5 >= 512) {
 2002794:    45 e0 00 02       		r5 = 512
                               	} <row+0x1FC : 200 >
 2002798:    a1 16             	r1 = r10
 200279a:    52 16             	r2 = r5
 200279c:    bf ea 80 f9       	call -3328 <ota_read : 2001aa0 >
 20027a0:    a0 4b             	if (r0 != 0) goto 150 <fm1_cstart+0xAAC : 2002838 >
 20027a2:    a0 16             	r0 = r10
 20027a4:    51 16             	r1 = r5
 20027a6:    42 16             	r2 = r4
 20027a8:    5a 16             	r10 = r5
 20027aa:    bf ea 11 fa       	call -3038 <ota_crc16 : 2001bd0 >
 20027ae:    a5 16             	r5 = r10
 20027b0:    ca ff 84 92 c0 01 	r10 = 29397636 <ota_stage.b : 1c09284 >
 20027b6:    04 16             	r4 = r0
 20027b8:    c0 ff 20 00 0e 00 	r0 = 917536 <row+0xE001C : e0020 >
 20027be:    b0 18             	r0 += r11
 20027c0:    a1 16             	r1 = r10
 20027c2:    52 16             	r2 = r5
 20027c4:    bf ea 1b fa       	call -3018 <ota_prog : 2001bfe >
 20027c8:    90 59             	if (r0 != 0) goto 114 <fm1_cstart+0xAB0 : 200283c >
 20027ca:    5b d8             	r11 += r5  #
 20027cc:    01 26             		 r1 = [sp+24]
 20027ce:    0b ec db 11       	if (r1 > r11) goto -74 <fm1_cstart+0x9FC : 2002788 >
 20027d2:    04 84             	goto 8 <fm1_cstart+0xA50 : 20027dc >
 20027d4:    10 38             	r0 = -8
 20027d6:    80 2d             	[sp+52] = r0
 20027d8:    05 81             	goto 1026 <fm1_cstart+0xE50 : 2002bdc >
 20027da:    44 20             	r4 = 0
 20027dc:    c6 ff 30 9a c0 01 	r6 = 29399600 <cdc_in : 1c09a30 >
 20027e2:    00 27             	r0 = [sp+28]
 20027e4:    80 e8 25 40       	if (r4 != r0) goto 74 <fm1_cstart+0xAA6 : 2002832 >
 20027e8:    10 35             	r0 = -11
 20027ea:    80 2d             	[sp+52] = r0
 20027ec:    00 26             	r0 = [sp+24]
 20027ee:    10 48             	if (r0 == 0) goto 80 <fm1_cstart+0xAB4 : 2002840 >
 20027f0:    44 20             	r4 = 0
 20027f2:    01 16             	r1 = r0
 20027f4:    c3 14             	r11 = 0
 20027f6:    c0 ff 20 00 0e 00 	r0 = 917536 <row+0xE001C : e0020 >
 20027fc:    b0 18             	r0 += r11
 20027fe:    b4 e0 12 5b       	r5 = r1 - r11
 2002802:    35 e9 00 02       	if (r5 >= 512) {
 2002806:    45 e0 00 02       		r5 = 512
                               	} <row+0x1FC : 200 >
 200280a:    a1 16             	r1 = r10
 200280c:    52 16             	r2 = r5
 200280e:    bf ea 30 f7       	call -4512 <ota_fread : 2001672 >
 2002812:    01 ff 00 00 df 01 	if (r0 != 0) goto 958 <fm1_cstart+0xE4A : 2002bd6 >
 2002818:    a0 d6             	r0 = r10  #
 200281a:    85 29             		 [sp+36] = r5
 200281c:    51 16             	r1 = r5
 200281e:    42 16             	r2 = r4
 2002820:    bf ea d6 f9       	call -3156 <ota_crc16 : 2001bd0 >
 2002824:    04 d6             	r4 = r0  #
 2002826:    01 29             		 r1 = [sp+36]
 2002828:    1b d8             	r11 += r1  #
 200282a:    01 26             		 r1 = [sp+24]
 200282c:    0b ec e3 11       	if (r1 > r11) goto -58 <fm1_cstart+0xA6A : 20027f6 >
 2002830:    04 88             	goto 16 <fm1_cstart+0xAB6 : 2002842 >
 2002832:    10 35             	r0 = -11
 2002834:    80 2d             	[sp+52] = r0
 2002836:    e4 92             	goto 932 <fm1_cstart+0xE50 : 2002bdc >
 2002838:    10 37             	r0 = -9
 200283a:    e4 8c             	goto 920 <fm1_cstart+0xE48 : 2002bd4 >
 200283c:    10 36             	r0 = -10
 200283e:    e4 8a             	goto 916 <fm1_cstart+0xE48 : 2002bd4 >
 2002840:    44 20             	r4 = 0
 2002842:    c6 ff 30 9a c0 01 	r6 = 29399600 <cdc_in : 1c09a30 >
 2002848:    05 28             	r5 = [sp+32]
 200284a:    00 27             	r0 = [sp+28]
 200284c:    41 ff 00 40 c5 01 	if (r4 != r0) goto 906 <fm1_cstart+0xE50 : 2002bdc >
 2002852:    40 20             	r0 = 0
 2002854:    f8 e8 c0 10       	r1 = sp + 192
 2002858:    d8 ee 11 80       	b[r1+r0] = r8
 200285c:    c0 21             	r0 += 1
 200285e:    80 f8 f9 41       	if (r0 != 32) goto -14 <fm1_cstart+0xAC8 : 2002854 >
 2002862:    02 23             	r2 = [sp+12]
 2002864:    7b 3f             	r3 = 255
 2002866:    ab 42             	b[r2+2] = r3
 2002868:    ab 43             	b[r2+3] = r3
 200286a:    40 20             	r0 = 0
 200286c:    a8 44             	b[r2+4] = r0
 200286e:    a8 45             	b[r2+5] = r0
 2002870:    41 2e             	r1 = 14
 2002872:    a9 46             	b[r2+6] = r1
 2002874:    a8 47             	b[r2+7] = r0
 2002876:    ad 48             	b[r2+8] = r5
 2002878:    d1 a8             	r1 = r5 >> 8
 200287a:    a9 49             	b[r2+9] = r1
 200287c:    d1 b0             	r1 = r5 >> 16
 200287e:    a9 4a             	b[r2+10] = r1
 2002880:    d1 b8             	r1 = r5 >> 24
 2002882:    a9 4b             	b[r2+11] = r1
 2002884:    51 21             	r1 = 65
 2002886:    a9 4c             	b[r2+12] = r1
 2002888:    ab 4d             	b[r2+13] = r3
 200288a:    ab 4e             	b[r2+14] = r3
 200288c:    ab 4f             	b[r2+15] = r3
 200288e:    02 22             	r2 = [sp+8]
 2002890:    c3 ff 51 38 00 02 	r3 = 33568849 <fm1_input_init.LEDP+0x7 : 2003850 >
 2002896:    d8 ee 00 13       	r1 = b[r0+r3] (u)
 200289a:    d8 ee 21 10       	b[r2+r0] = r1
 200289e:    c0 21             	r0 += 1
 20028a0:    80 f8 f9 21       	if (r0 != 16) goto -14 <fm1_cstart+0xB0A : 2002896 >
 20028a4:    41 3e             	r1 = 30
 20028a6:    42 20             	r2 = 0
 20028a8:    00 21             	r0 = [sp+4]
 20028aa:    bf ea 91 f9       	call -3294 <ota_crc16 : 2001bd0 >
 20028ae:    de e9 c0 00       	b[sp+192] = r0
 20028b2:    80 a8             	r0 = r0 >> 8
 20028b4:    01 23             	r1 = [sp+12]
 20028b6:    60 f0 60 0a       	r0 = 0xE0000  #
 20028ba:    98 41             		 b[r1+1] = r0
 20028bc:    f8 e8 c0 10       	r1 = sp + 192
 20028c0:    4a 20             	r2 = 32
 20028c2:    bf ea 9c f9       	call -3272 <ota_prog : 2001bfe >
 20028c6:    11 34             	r1 = -12
 20028c8:    81 2d             	[sp+52] = r1
 20028ca:    c6 ff 30 9a c0 01 	r6 = 29399600 <cdc_in : 1c09a30 >
 20028d0:    01 ff 00 00 83 01 	if (r0 != 0) goto 774 <fm1_cstart+0xE50 : 2002bdc >
 20028d6:    40 24             	r0 = 4
 20028d8:    41 20             	r1 = 0
 20028da:    44 20             	r4 = 0
 20028dc:    bf ea c6 f8       	call -3700 <ota_show : 2001a6c >
 20028e0:    60 e0 60 04       	r0 = 0xE0000000
 20028e4:    42 28             	r2 = 8
 20028e6:    a5 16             	r5 = r10
 20028e8:    51 16             	r1 = r5
 20028ea:    bf ea d9 f8       	call -3662 <ota_read : 2001aa0 >
 20028ee:    c3 ff dc 36 00 02 	r3 = 33568476 <ota_reply_identity.ID+0x27 : 20036dc >
 20028f4:    80 4a             	if (r0 != 0) goto 20 <fm1_cstart+0xB7E : 200290a >
 20028f6:    40 20             	r0 = 0
 20028f8:    00 f8 0d 10       	if (r0 == 8) goto 26 <fm1_cstart+0xB8A : 2002916 >
 20028fc:    d8 ee 00 13       	r1 = b[r0+r3] (u)
 2002900:    d8 ee 00 25       	r2 = b[r0+r5] (u)
 2002904:    c0 21             	r0 += 1
 2002906:    01 e8 f7 21       	if (r2 == r1) goto -18 <fm1_cstart+0xB6C : 20028f8 >
 200290a:    c4 21             	r4 += 1
 200290c:    10 33             	r0 = -13
 200290e:    80 2d             	[sp+52] = r0
 2002910:    84 f9 e6 09       	if (r4 < 4) goto -52 <fm1_cstart+0xB54 : 20028e0 >
 2002914:    b4 83             	goto 710 <fm1_cstart+0xE50 : 2002bdc >
 2002916:    40 20             	r0 = 0
 2002918:    c4 ff 40 98 c0 01 	r4 = 29399104 <ota_session.parm : 1c09840 >
 200291e:    d8 ee 01 84       	b[r0+r4] = r8
 2002922:    c0 21             	r0 += 1
 2002924:    80 f8 fb e1       	if (r0 != 112) goto -10 <fm1_cstart+0xB92 : 200291e >
 2002928:    40 2d             	r0 = 13
 200292a:    4a f0 00 01       	r10 = 256  # <row+0xFC : 100 >
 200292e:    c8 42             		 b[r4+2] = r0
 2002930:    50 3a             	r0 = 90
 2002932:    4b f0 45 01       	r11 = 325  # <row+0x140 : 144 >
 2002936:    c8 43             		 b[r4+3] = r0
 2002938:    52 ee 44 c0       	b[r4+4] = r12
 200293c:    c8 45             	b[r4+5] = r0
 200293e:    50 21             	r0 = 65
 2002940:    c8 46             	b[r4+6] = r0
 2002942:    50 34             	r0 = 84
 2002944:    c8 47             	b[r4+7] = r0
 2002946:    40 20             	r0 = 0
 2002948:    c3 ff be 36 00 02 	r3 = 33568446 <ota_reply_identity.ID+0x9 : 20036be >
 200294e:    d8 ee 00 13       	r1 = b[r0+r3] (u)
 2002952:    02 1d             	r2 = r0 + r4
 2002954:    c0 21             	r0 += 1
 2002956:    a9 48             	b[r2+8] = r1
 2002958:    80 f8 f9 19       	if (r0 != 12) goto -14 <fm1_cstart+0xBC2 : 200294e >
 200295c:    00 e1 48 40       	r0 = r4 + 72
 2002960:    52 ee 00 80       	b[r0+0] = r8
 2002964:    52 ee 01 80       	b[r0+1] = r8
 2002968:    41 2e             	r1 = 14
 200296a:    89 42             	b[r0+2] = r1
 200296c:    52 ee 03 80       	b[r0+3] = r8
 2002970:    48 82             	r0 = r4 + 2
 2002972:    51 2e             	r1 = 78
 2002974:    42 20             	r2 = 0
 2002976:    bf ea 2b f9       	call -3498 <ota_crc16 : 2001bd0 >
 200297a:    c7 ff 40 98 c0 01 	r7 = 29399104 <ota_session.parm : 1c09840 >
 2002980:    71 d6             	r1 = r7  #
 2002982:    f8 40             		 b[r7+0] = r0
 2002984:    80 a8             	r0 = r0 >> 8
 2002986:    f8 41             	b[r7+1] = r0
 2002988:    5a 30             	r2 = 112
 200298a:    c0 ff 00 4f 0e 00 	r0 = 937728 <row+0xE4EFC : e4f00 >
 2002990:    bf ea 35 f9       	call -3478 <ota_prog : 2001bfe >
 2002994:    c6 ff 30 9a c0 01 	r6 = 29399600 <cdc_in : 1c09a30 >
 200299a:    80 54             	if (r0 != 0) goto 40 <fm1_cstart+0xC38 : 20029c4 >
 200299c:    c9 90             	r1 = sp + 80
 200299e:    5a 30             	r2 = 112
 20029a0:    c0 ff 00 4f 0e 00 	r0 = 937728 <row+0xE4EFC : e4f00 >
 20029a6:    bf ea 64 f6       	call -4920 <ota_fread : 2001672 >
 20029aa:    80 4c             	if (r0 != 0) goto 24 <fm1_cstart+0xC38 : 20029c4 >
 20029ac:    40 20             	r0 = 0
 20029ae:    00 ff 70 00 2f 01 	if (r0 == 112) goto 606 <fm1_cstart+0xE86 : 2002c12 >
 20029b4:    d8 ee 00 17       	r1 = b[r0+r7] (u)
 20029b8:    ca 90             	r2 = sp + 80
 20029ba:    d8 ee 20 20       	r2 = b[r2+r0] (u)
 20029be:    c0 21             	r0 += 1
 20029c0:    01 e8 f5 21       	if (r2 == r1) goto -22 <fm1_cstart+0xC22 : 20029ae >
 20029c4:    bf ea 97 f6       	call -4818 <ota_unstage : 20016f6 >
 20029c8:    40 29             	r0 = 9
 20029ca:    11 32             	r1 = -14
 20029cc:    bf ea 4e f8       	call -3940 <ota_show : 2001a6c >
 20029d0:    84 92             	goto 548 <fm1_cstart+0xE6A : 2002bf6 >
 20029d2:    40 21             	r0 = 1
 20029d4:    61 20             	r1 = 128
 20029d6:    52 20             	r2 = 64
 20029d8:    bf ea 61 ee       	call -9022 <fm1__p33_op : 200069e >
 20029dc:    d0 ec f4 01       	r0 = [r15+20]
 20029e0:    41 e0 48 01       	r1 = 328 <row+0x144 : 148 >
 20029e4:    d8 ee f0 11       	r1 = b[r15+r1] (u)
 20029e8:    42 e0 88 01       	r2 = 392 <row+0x184 : 188 >
 20029ec:    d8 ee f0 22       	r2 = b[r15+r2] (u)
 20029f0:    21 19             	r1 |= r2
 20029f2:    61 ff ff 10 0d 00 	if ((r1 & 0xFF) != 0) goto 26 <fm1_cstart+0xC86 : 2002a12 >
 20029f8:    d0 ec fc 14       	r1 = [r15+76]
 20029fc:    09 1e             	r1 = r0 - r1
 20029fe:    31 e9 e8 c3       	if (r1 >= 1000) {
 2002a02:    d0 ec fd 04       		[r15+76] = r0
 2002a06:    00 e1 7c f1       		r0 = r15 + 380
 2002a0a:    c0 eb 01 00       		[r0+0] += 1
 2002a0e:    bf ea 8c f6       		call -4840
                               	} <usb_start : 200172a >
 2002a12:    d0 ec fc 02       	r0 = [r15+44]
 2002a16:    d0 ec f1 03       	[r15+48] = r0
 2002a1a:    d0 ec f4 01       	r0 = [r15+20]
 2002a1e:    c7 ff 40 98 c0 01 	r7 = 29399104 <ota_session.parm : 1c09840 >
 2002a24:    41 e0 31 75       	r1 = 30001 <row+0x752C : 7530 >
 2002a28:    10 e9 00 81       	if (r0 >= r1) {
 2002a2c:    c0 ff 40 c0 c7 01 		r0 = 29868096 <bootguard : 1c7c040 >
 2002a32:    d0 e9 28 20       		r3_r2 = d[sp+40]
 2002a36:    50 ec 05 20       		d[r0+4] = r3_r2
                               	}
 2002a3a:    d0 ec 74 17       	r1 = [r7+116]
 2002a3e:    d0 ec f4 01       	r0 = [r15+20]
 2002a42:    61 e1 03 10       	r1 = r1 & 0x3
 2002a46:    81 f8 07 06       	if (r1 != 3) goto 14 <fm1_cstart+0xCCC : 2002a58 >
 2002a4a:    01 2e             	r1 = [sp+56]
 2002a4c:    08 1e             	r0 = r0 - r1
 2002a4e:    41 e0 89 13       	r1 = 5001 <row+0x1384 : 1388 >
 2002a52:    81 e9 02 00       	if (r0 < r1) goto 4 <fm1_cstart+0xCCE : 2002a5a >
 2002a56:    64 9a             	goto 436 <fm1_cstart+0xE80 : 2002c0c >
 2002a58:    80 2e             	[sp+56] = r0
 2002a5a:    bf ea f8 f6       	call -4624 <ota_take : 200184e >
 2002a5e:    80 f8 08 0e       	if (r0 != 7) goto 16 <fm1_cstart+0xCE6 : 2002a72 >
 2002a62:    c0 ff 04 8c c0 01 	r0 = 29395972 <ota_dec : 1c08c04 >
 2002a68:    08 42             	r0 = b[r0+2] (u)
 2002a6a:    30 e8 11 00       	if (r0 == 17) {
 2002a6e:    bf ea e5 f7       		call -4150
                               	} <ota_reply_identity : 2001a3c >
 2002a72:    40 e0 a5 01       	r0 = 421 <row+0x1A0 : 1a4 >
 2002a76:    d8 ee f0 00       	r0 = b[r15+r0] (u)
 2002a7a:    00 f8 c0 00       	if (r0 == 0) goto 384 <fm1_cstart+0xE72 : 2002bfe >
 2002a7e:    40 e0 a5 01       	r0 = 421 <row+0x1A0 : 1a4 >
 2002a82:    d8 ee f1 80       	b[r15+r0] = r8
 2002a86:    50 ee f4 00       	r0 = b[r15+4] (u)
 2002a8a:    00 f8 b4 00       	if (r0 == 0) goto 360 <fm1_cstart+0xE6A : 2002bf6 >
 2002a8e:    d0 ec f4 01       	r0 = [r15+20]
 2002a92:    c1 ff c0 d4 01 00 	r1 = 120000 <row+0x1D4BC : 1d4c0 >
 2002a98:    10 18             	r0 += r1
 2002a9a:    d0 ec f1 05       	[r15+80] = r0
 2002a9e:    40 21             	r0 = 1
 2002aa0:    41 20             	r1 = 0
 2002aa2:    bf ea e3 f7       	call -4154 <ota_show : 2001a6c >
 2002aa6:    40 20             	r0 = 0
 2002aa8:    42 e0 00 02       	r2 = 512 <row+0x1FC : 200 >
 2002aac:    c5 ff 84 8e c0 01 	r5 = 29396612 <ota_stage.hdr : 1c08e84 >
 2002ab2:    51 16             	r1 = r5
 2002ab4:    bf ea f4 f7       	call -4120 <ota_read : 2001aa0 >
 2002ab8:    11 3f             	r1 = -1
 2002aba:    81 2d             	[sp+52] = r1
 2002abc:    80 f8 8e 00       	if (r0 != 0) goto 284 <fm1_cstart+0xE50 : 2002bdc >
 2002ac0:    01 e1 00 52       	r1 = r5 + 512
 2002ac4:    40 e0 00 02       	r0 = 512 <row+0x1FC : 200 >
 2002ac8:    02 16             	r2 = r0
 2002aca:    bf ea e9 f7       	call -4142 <ota_read : 2001aa0 >
 2002ace:    80 f8 85 00       	if (r0 != 0) goto 266 <fm1_cstart+0xE50 : 2002bdc >
 2002ad2:    51 20             	r1 = 64
 2002ad4:    50 16             	r0 = r5
 2002ad6:    bf ea 68 f8       	call -3888 <ota_jl_enc : 2001baa >
 2002ada:    5a d6             	r10 = r5  #
 2002adc:    58 49             		 r0 = b[r5+9] (u)
 2002ade:    80 2d             	[sp+52] = r0
 2002ae0:    50 ee 58 b0       	r11 = b[r5+8] (u)
 2002ae4:    58 82             	r0 = r5 + 2
 2002ae6:    49 3e             	r1 = 62
 2002ae8:    42 20             	r2 = 0
 2002aea:    bf ea 71 f8       	call -3870 <ota_crc16 : 2001bd0 >
 2002aee:    01 2d             	r1 = [sp+52]
 2002af0:    ab e1 20 14       	r11 <= insert(r1, p:8, l:8)
 2002af4:    31 e1 ff bf       	r1 = r11 + -1
 2002af8:    01 fc 6b 14       	if (r1 > 10) goto 214 <fm1_cstart+0xE46 : 2002bd2 >
 2002afc:    11 3e             	r1 = -2
 2002afe:    81 2d             	[sp+52] = r1
 2002b00:    50 ee a1 10       	r1 = b[r10+1] (u)
 2002b04:    50 ee a0 20       	r2 = b[r10+0] (u)
 2002b08:    a2 e1 20 14       	r2 <= insert(r1, p:8, l:8)
 2002b0c:    82 e8 63 00       	if (r0 != r2) goto 198 <fm1_cstart+0xE4A : 2002bd6 >
 2002b10:    00 e1 40 a0       	r0 = r10 + 64
 2002b14:    e1 e1 50 b0       	r1 = r11 * 0x50
 2002b18:    42 20             	r2 = 0
 2002b1a:    bf ea 59 f8       	call -3918 <ota_crc16 : 2001bd0 >
 2002b1e:    50 ee a3 10       	r1 = b[r10+3] (u)
 2002b22:    50 ee a2 20       	r2 = b[r10+2] (u)
 2002b26:    a2 e1 20 14       	r2 <= insert(r1, p:8, l:8)
 2002b2a:    c6 ff 30 9a c0 01 	r6 = 29399600 <cdc_in : 1c09a30 >
 2002b30:    82 e8 54 00       	if (r0 != r2) goto 168 <fm1_cstart+0xE50 : 2002bdc >
 2002b34:    10 3d             	r0 = -3
 2002b36:    80 2d             	[sp+52] = r0
 2002b38:    0b f8 50 00       	if (r11 == 0) goto 160 <fm1_cstart+0xE50 : 2002bdc >
 2002b3c:    05 e1 4f a0       	r5 = r10 + 79
 2002b40:    47 20             	r7 = 0
 2002b42:    40 20             	r0 = 0
 2002b44:    c2 d4             	r10 = 0  #
 2002b46:    80 29             		 [sp+36] = r0
 2002b48:    30 e1 f1 5f       	r0 = r5 + -15
 2002b4c:    51 30             	r1 = 80
 2002b4e:    bf ea 2c f8       	call -4008 <ota_jl_enc : 2001baa >
 2002b52:    58 52             	r0 = b[r5+-14] (u)
 2002b54:    59 51             	r1 = b[r5+-15] (u)
 2002b56:    a1 e1 60 04       	r1 <= insert(r0, p:8, l:24)
 2002b5a:    90 17             	r0 = r1.l (u)
 2002b5c:    00 f8 0d c8       	if (r0 == 100) goto 26 <fm1_cstart+0xDEE : 2002b7a >
 2002b60:    90 41             	if (r0 != 0) goto 66 <fm1_cstart+0xE18 : 2002ba4 >
 2002b62:    58 5a             	r0 = b[r5+-6] (u)
 2002b64:    5b 59             	r3 = b[r5+-7] (u)
 2002b66:    a3 f1 20 04       	r3 <= insert(r0, p:8, l:8)  #
 2002b6a:    59 5b             		 r1 = b[r5+-5] (u)
 2002b6c:    a3 f1 20 18       	r3 <= insert(r1, p:16, l:8)  #
 2002b70:    5a 5c             		 r2 = b[r5+-4] (u)
 2002b72:    a3 e1 20 2c       	r3 <= insert(r2, p:24, l:8)
 2002b76:    83 29             	[sp+36] = r3
 2002b78:    04 95             	goto 42 <fm1_cstart+0xE18 : 2002ba4 >
 2002b7a:    58 5e             	r0 = b[r5+-2] (u)
 2002b7c:    51 ee 5d af       	r10 = b[r5+-3] (u)
 2002b80:    aa f1 20 04       	r10 <= insert(r0, p:8, l:8)  #
 2002b84:    59 5f             		 r1 = b[r5+-1] (u)
 2002b86:    aa f1 20 18       	r10 <= insert(r1, p:16, l:8)  #
 2002b8a:    58 40             		 r0 = b[r5+0] (u)
 2002b8c:    aa f1 20 0c       	r10 <= insert(r0, p:24, l:8)  #
 2002b90:    59 5a             		 r1 = b[r5+-6] (u)
 2002b92:    5f 59             	r7 = b[r5+-7] (u)
 2002b94:    a7 f1 20 14       	r7 <= insert(r1, p:8, l:8)  #
 2002b98:    5a 5b             		 r2 = b[r5+-5] (u)
 2002b9a:    a7 f1 20 28       	r7 <= insert(r2, p:16, l:8)  #
 2002b9e:    5b 5c             		 r3 = b[r5+-4] (u)
 2002ba0:    a7 e1 20 3c       	r7 <= insert(r3, p:24, l:8)
 2002ba4:    d5 30             	r5 += 80
 2002ba6:    0b ea cf ff       	if (--r11 != 0) goto -98 <fm1_cstart+0xDBC : 2002b48 >
 2002baa:    00 29             	r0 = [sp+36]
 2002bac:    00 57             	if (r0 == 0) goto 46 <fm1_cstart+0xE50 : 2002bdc >
 2002bae:    07 56             	if (r7 == 0) goto 44 <fm1_cstart+0xE50 : 2002bdc >
 2002bb0:    d4 e9 21 a0       	[sp+32] = r10
 2002bb4:    42 e0 00 02       	r2 = 512 <row+0x1FC : 200 >
 2002bb8:    70 16             	r0 = r7
 2002bba:    ca ff 84 92 c0 01 	r10 = 29397636 <ota_stage.b : 1c09284 >
 2002bc0:    a1 16             	r1 = r10
 2002bc2:    bf ea 6d f7       	call -4390 <ota_read : 2001aa0 >
 2002bc6:    00 ff 00 00 c3 fc 	if (r0 == 0) goto -1658 <fm1_cstart+0x7C6 : 2002552 >
 2002bcc:    10 3a             	r0 = -6
 2002bce:    80 2d             	[sp+52] = r0
 2002bd0:    04 85             	goto 10 <fm1_cstart+0xE50 : 2002bdc >
 2002bd2:    10 3e             	r0 = -2
 2002bd4:    80 2d             	[sp+52] = r0
 2002bd6:    c6 ff 30 9a c0 01 	r6 = 29399600 <cdc_in : 1c09a30 >
 2002bdc:    bf ea 8b f5       	call -5354 <ota_unstage : 20016f6 >
 2002be0:    40 29             	r0 = 9
 2002be2:    01 2d             	r1 = [sp+52]
 2002be4:    bf ea 42 f7       	call -4476 <ota_show : 2001a6c >
 2002be8:    4a e0 00 01       	r10 = 256 <row+0xFC : 100 >
 2002bec:    4b e0 45 01       	r11 = 325 <row+0x140 : 144 >
 2002bf0:    c7 ff 40 98 c0 01 	r7 = 29399104 <ota_session.parm : 1c09840 >
 2002bf6:    bf ea 5a ec       	call -10060 <lcd_sync : 20004ae >
 2002bfa:    80 ea 83 00       	call 262 <display_init : 2002d04 >
 2002bfe:    40 e0 a4 01       	r0 = 420 <row+0x1A0 : 1a4 >
 2002c02:    d8 ee f0 00       	r0 = b[r15+r0] (u)
 2002c06:    00 ff 00 00 76 fb 	if (r0 == 0) goto -2324 <fm1_cstart+0x56C : 20022f8 >
 2002c0c:    bf ea 12 f6       	call -5084 <recovery : 2001834 >
 2002c10:    f7 9f             	goto -2 <fm1_cstart+0xE84 : 2002c10 >
 2002c12:    40 25             	r0 = 5
 2002c14:    41 20             	r1 = 0
 2002c16:    44 20             	r4 = 0
 2002c18:    bf ea 28 f7       	call -4528 <ota_show : 2001a6c >
 2002c1c:    c0 ff 40 c0 c7 01 	r0 = 29868096 <bootguard : 1c7c040 >
 2002c22:    40 f0 88 01       	r0 = 392  # <row+0x184 : 188 >
 2002c26:    84 62             		 [r0+8] = r4
 2002c28:    41 21             	r1 = 1
 2002c2a:    d8 ee f1 10       	b[r15+r0] = r1
 2002c2e:    f0 20             	r0 += -64
 2002c30:    d8 ee f1 40       	b[r15+r0] = r4
 2002c34:    60 e0 8c 0b       	r0 = 0x11800
 2002c38:    60 f0 a2 0a       	r0 = 0x51000  #
 2002c3c:    84 60             		 [r0+0] = r4
 2002c3e:    40 ea 0c 00       	[r0+0] = 0xC
 2002c42:    40 3e             	r0 = 30
 2002c44:    60 e0 84 3b       	r3 = 0x10800
 2002c48:    c4 ff 40 e2 ee 01 	r4 = 32432704 <bootguard+0x272200 : 1eee240 >
 2002c4e:    31 61             	r1 = [r3+4] 
 2002c50:    32 61             	r2 = [r3+4] 
 2002c52:    2a 1e             	r2 = r2 - r1
 2002c54:    a2 a6             	r2 = r2 >> 6
 2002c56:    a2 f9 fb ef       	if (r2 < 375) goto -10 <fm1_cstart+0xEC4 : 2002c50 >
 2002c5a:    00 ea f8 ff       	if (--r0 != 0) goto -16 <fm1_cstart+0xEC2 : 2002c4e >
 2002c5e:    60 00             	cli
 2002c60:    40 60             	r0 = [r4+0] 
 2002c62:    20 ea 01 00       	if ((r0 & 0x1) == 0) {
 2002c66:    40 ea e7 40       		[r4+0] = 0xE7
                               	}
 2002c6a:    40 20             	r0 = 0
 2002c6c:    01 e1 00 41       	r1 = r4 + 256
 2002c70:    90 62             	[r1+8] = r0
 2002c72:    c1 ff 88 fd c7 01 	r1 = 29883784 <bootguard+0x3D48 : 1c7fd88 >
 2002c78:    d8 ee 00 27       	r2 = b[r0+r7] (u)
 2002c7c:    d8 ee 01 21       	b[r0+r1] = r2
 2002c80:    c0 21             	r0 += 1
 2002c82:    80 f8 f9 e1       	if (r0 != 112) goto -14 <fm1_cstart+0xEEC : 2002c78 >
 2002c86:    60 e0 80 0b       	r0 = 0x10000
 2002c8a:    00 ef 10 00       	[r0+0] |= 0x10
 2002c8e:    f7 9f             	goto -2 <fm1_cstart+0xF02 : 2002c8e >


fm1_probe:
 2002c90:    d8 e8 fe 00       	[--sp] = {r7-r1}
 2002c94:    c1 ff 78 56 34 12 	r1 = 305419896 <_data_load+0x103412CC : 12345678 >
 2002c9a:    81 60             	[r0+0] = r1
 2002c9c:    11 3f             	r1 = -1
 2002c9e:    42 22             	r2 = 2
 2002ca0:    91 1c             	r1 = r1 + r2
 2002ca2:    81 61             	[r0+4] = r1
 2002ca4:    41 23             	r1 = 3
 2002ca6:    42 25             	r2 = 5
 2002ca8:    91 1e             	r1 = r1 - r2
 2002caa:    81 62             	[r0+8] = r1
 2002cac:    c1 ff 5a 5a a5 a5 	r1 = 2779077210 <_data_load+0xA3A516AE : a5a55a5a >
 2002cb2:    c2 ff 78 56 34 12 	r2 = 305419896 <_data_load+0x103412CC : 12345678 >
 2002cb8:    29 19             	r1 ^= r2
 2002cba:    81 63             	[r0+12] = r1
 2002cbc:    c1 ff 5a 5a a5 a5 	r1 = 2779077210 <_data_load+0xA3A516AE : a5a55a5a >
 2002cc2:    a1 19             	r1 &= r2
 2002cc4:    81 64             	[r0+16] = r1
 2002cc6:    c1 ff 5a 5a a5 a5 	r1 = 2779077210 <_data_load+0xA3A516AE : a5a55a5a >
 2002ccc:    21 19             	r1 |= r2
 2002cce:    81 65             	[r0+20] = r1
 2002cd0:    a9 19             	r1 = ~r2
 2002cd2:    81 66             	[r0+24] = r1
 2002cd4:    21 a4             	r1 = r2 << 4
 2002cd6:    81 67             	[r0+28] = r1
 2002cd8:    a1 a4             	r1 = r2 >> 4
 2002cda:    81 68             	[r0+32] = r1
 2002cdc:    01 60             	r1 = [r0+0] 
 2002cde:    19 87             	r1 = r1 + 7
 2002ce0:    81 69             	[r0+36] = r1
 2002ce2:    41 20             	r1 = 0
 2002ce4:    43 2a             	r3 = 10
 2002ce6:    99 1c             	r1 = r1 + r3
 2002ce8:    fb 3f             	r3 += -1
 2002cea:    f3 5d             	if (r3 != 0) goto -6 <fm1_probe+0x56 : 2002ce6 >
 2002cec:    81 6a             	[r0+40] = r1
 2002cee:    c4 ff df 9b 57 13 	r4 = 324508639 <_data_load+0x11575832 : 13579bde >
 2002cf4:    64 04             	[--sp] = {r4}
 2002cf6:    44 20             	r4 = 0
 2002cf8:    44 04             	{r4} = [sp++]
 2002cfa:    84 6b             	[r0+44] = r4
 2002cfc:    d4 e8 fe 00       	{r7-r1} = [sp++]
 2002d00:    80 00             	rts


fm1_probe_end:
 2002d02:    00 00             	nop


display_init:
 2002d04:    77 04             	[--sp] = {rets, r7-r4}
 2002d06:    60 04             	[--sp] = {r3-r0}
 2002d08:    40 20             	r0 = 0
 2002d0a:    41 20             	r1 = 0
 2002d0c:    7a 30             	r2 = 240
 2002d0e:    7b 30             	r3 = 240
 2002d10:    c4 ff 10 82 10 82 	r4 = 2182119952 <_data_load+0x80103E64 : 82108210 >
 2002d16:    80 ea c4 00       	call 392 <lcd_rect : 2002ea2 >
 2002d1a:    c0 ff a0 34 00 02 	r0 = 33567904 <title : 20034a0 >
 2002d20:    41 38             	r1 = 24
 2002d22:    42 2e             	r2 = 14
 2002d24:    43 23             	r3 = 3
 2002d26:    80 ea b8 01       	call 880 <lcd_text : 200309a >
 2002d2a:    c0 ff ac 34 00 02 	r0 = 33567916 <time_label : 20034ac >
 2002d30:    41 38             	r1 = 24
 2002d32:    4a 32             	r2 = 50
 2002d34:    43 24             	r3 = 4
 2002d36:    80 ea b0 01       	call 864 <lcd_text : 200309a >
 2002d3a:    c0 ff bc 34 00 02 	r0 = 33567932 <keys_label : 20034bc >
 2002d40:    41 38             	r1 = 24
 2002d42:    5a 30             	r2 = 112
 2002d44:    43 24             	r3 = 4
 2002d46:    80 ea a8 01       	call 848 <lcd_text : 200309a >
 2002d4a:    48 29             	r0 = 41
 2002d4c:    31 81             	call 194 <lcd_command : 2002e10 >
 2002d4e:    40 04             	{r3-r0} = [sp++]
 2002d50:    57 04             	{pc, r7-r4} = [sp++]


display_frame:
 2002d52:    77 04             	[--sp] = {rets, r7-r4}
 2002d54:    60 04             	[--sp] = {r3-r0}
 2002d56:    60 e0 84 0b       	r0 = 0x10800
 2002d5a:    00 61             	r0 = [r0+4] 
 2002d5c:    c1 ff fc 9e c0 01 	r1 = 29400828 <display_ticks : 1c09efc >
 2002d62:    90 60             	[r1+0] = r0
 2002d64:    41 38             	r1 = 24
 2002d66:    52 30             	r2 = 80
 2002d68:    80 ea a8 01       	call 848 <lcd_hex : 20030bc >
 2002d6c:    c5 ff c0 c0 c0 01 	r5 = 29409472 <matrix_results : 1c0c0c0 >
 2002d72:    46 38             	r6 = 24
 2002d74:    47 2b             	r7 = 11
 2002d76:    50 60             	r0 = [r5+0] 
 2002d78:    80 a5             	r0 = r0 >> 5
 2002d7a:    41 21             	r1 = 1
 2002d7c:    90 19             	r0 &= r1
 2002d7e:    c4 ff 31 86 31 86 	r4 = 2251392561 <_data_load+0x84314284 : 86318630 >
 2002d84:    80 43             	if (r0 != 0) goto 6 <display_frame+0x3A : 2002d8c >
 2002d86:    c4 ff f6 40 f6 40 	r4 = 1089880310 <_data_load+0x3EF5FD4A : 40f640f6 >
 2002d8c:    60 16             	r0 = r6
 2002d8e:    61 34             	r1 = 148
 2002d90:    42 2c             	r2 = 12
 2002d92:    43 2c             	r3 = 12
 2002d94:    80 ea 85 00       	call 266 <lcd_rect : 2002ea2 >
 2002d98:    50 60             	r0 = [r5+0] 
 2002d9a:    80 a6             	r0 = r0 >> 6
 2002d9c:    41 21             	r1 = 1
 2002d9e:    90 19             	r0 &= r1
 2002da0:    c4 ff 31 86 31 86 	r4 = 2251392561 <_data_load+0x84314284 : 86318630 >
 2002da6:    80 43             	if (r0 != 0) goto 6 <display_frame+0x5C : 2002dae >
 2002da8:    c4 ff f6 40 f6 40 	r4 = 1089880310 <_data_load+0x3EF5FD4A : 40f640f6 >
 2002dae:    60 16             	r0 = r6
 2002db0:    69 26             	r1 = 166
 2002db2:    42 2c             	r2 = 12
 2002db4:    43 2c             	r3 = 12
 2002db6:    31 95             	call 234 <lcd_rect : 2002ea2 >
 2002db8:    50 60             	r0 = [r5+0] 
 2002dba:    80 a7             	r0 = r0 >> 7
 2002dbc:    41 21             	r1 = 1
 2002dbe:    90 19             	r0 &= r1
 2002dc0:    c4 ff 31 86 31 86 	r4 = 2251392561 <_data_load+0x84314284 : 86318630 >
 2002dc6:    80 43             	if (r0 != 0) goto 6 <display_frame+0x7C : 2002dce >
 2002dc8:    c4 ff f6 40 f6 40 	r4 = 1089880310 <_data_load+0x3EF5FD4A : 40f640f6 >
 2002dce:    60 16             	r0 = r6
 2002dd0:    69 38             	r1 = 184
 2002dd2:    42 2c             	r2 = 12
 2002dd4:    43 2c             	r3 = 12
 2002dd6:    31 85             	call 202 <lcd_rect : 2002ea2 >
 2002dd8:    50 60             	r0 = [r5+0] 
 2002dda:    80 a8             	r0 = r0 >> 8
 2002ddc:    41 21             	r1 = 1
 2002dde:    90 19             	r0 &= r1
 2002de0:    c4 ff 31 86 31 86 	r4 = 2251392561 <_data_load+0x84314284 : 86318630 >
 2002de6:    80 43             	if (r0 != 0) goto 6 <display_frame+0x9C : 2002dee >
 2002de8:    c4 ff f6 40 f6 40 	r4 = 1089880310 <_data_load+0x3EF5FD4A : 40f640f6 >
 2002dee:    60 16             	r0 = r6
 2002df0:    71 2a             	r1 = 202
 2002df2:    42 2c             	r2 = 12
 2002df4:    43 2c             	r3 = 12
 2002df6:    21 95             	call 170 <lcd_rect : 2002ea2 >
 2002df8:    5d 84             	r5 = r5 + 4
 2002dfa:    6e 92             	r6 = r6 + 18
 2002dfc:    ff 3f             	r7 += -1
 2002dfe:    d7 5b             	if (r7 != 0) goto -138 <display_frame+0x24 : 2002d76 >
 2002e00:    c0 ff f8 9e c0 01 	r0 = 29400824 <display_frames : 1c09ef8 >
 2002e06:    01 60             	r1 = [r0+0] 
 2002e08:    19 81             	r1 = r1 + 1
 2002e0a:    81 60             	[r0+0] = r1


display_frame_done:
 2002e0c:    40 04             	{r3-r0} = [sp++]
 2002e0e:    57 04             	{pc, r7-r4} = [sp++]


lcd_command:
 2002e10:    77 04             	[--sp] = {rets, r7-r4}
 2002e12:    60 04             	[--sp] = {r3-r0}
 2002e14:    c1 ff 80 00 05 00 	r1 = 327808 <row+0x5007C : 50080 >
 2002e1a:    12 60             	r2 = [r1+0] 
 2002e1c:    43 e0 7f fe       	r3 = -385 <_data_load+0xFFFFFFFFFDFFBAD2 : fffffffffffffe7e >
 2002e20:    b2 19             	r2 &= r3
 2002e22:    92 60             	[r1+0] = r2
 2002e24:    04 8d             	goto 26 <lcd_byte+0x1A : 2002e40 >


lcd_byte:
 2002e26:    77 04             	[--sp] = {rets, r7-r4}
 2002e28:    60 04             	[--sp] = {r3-r0}
 2002e2a:    c1 ff 80 00 05 00 	r1 = 327808 <row+0x5007C : 50080 >
 2002e30:    12 60             	r2 = [r1+0] 
 2002e32:    43 e0 7f ff       	r3 = -129 <_data_load+0xFFFFFFFFFDFFBBD2 : ffffffffffffff7e >
 2002e36:    b2 19             	r2 &= r3
 2002e38:    43 e0 00 01       	r3 = 256 <row+0xFC : 100 >
 2002e3c:    32 19             	r2 |= r3
 2002e3e:    92 60             	[r1+0] = r2
 2002e40:    c1 ff 00 1d 01 00 	r1 = 72960 <row+0x11CFC : 11d00 >
 2002e46:    42 e0 21 40       	r2 = 16417 <row+0x401C : 4020 >
 2002e4a:    92 60             	[r1+0] = r2
 2002e4c:    90 62             	[r1+8] = r0
 2002e4e:    01 82             	call 4 <lcd_wait : 2002e54 >
 2002e50:    40 04             	{r3-r0} = [sp++]
 2002e52:    57 04             	{pc, r7-r4} = [sp++]


lcd_wait:
 2002e54:    77 04             	[--sp] = {rets, r7-r4}
 2002e56:    60 04             	[--sp] = {r3-r0}
 2002e58:    c1 ff 00 1d 01 00 	r1 = 72960 <row+0x11CFC : 11d00 >
 2002e5e:    60 e0 00 3c       	r3 = 0x8000
 2002e62:    12 60             	r2 = [r1+0] 
 2002e64:    b2 19             	r2 &= r3
 2002e66:    72 5d             	if (r2 == 0) goto -6 <lcd_wait+0xE : 2002e62 >
 2002e68:    42 e0 21 40       	r2 = 16417 <row+0x401C : 4020 >
 2002e6c:    92 60             	[r1+0] = r2
 2002e6e:    40 04             	{r3-r0} = [sp++]
 2002e70:    57 04             	{pc, r7-r4} = [sp++]


lcd_dma:
 2002e72:    77 04             	[--sp] = {rets, r7-r4}
 2002e74:    60 04             	[--sp] = {r3-r0}
 2002e76:    c2 ff 80 00 05 00 	r2 = 327808 <row+0x5007C : 50080 >
 2002e7c:    23 60             	r3 = [r2+0] 
 2002e7e:    44 e0 7f ff       	r4 = -129 <_data_load+0xFFFFFFFFFDFFBBD2 : ffffffffffffff7e >
 2002e82:    c3 19             	r3 &= r4
 2002e84:    44 e0 00 01       	r4 = 256 <row+0xFC : 100 >
 2002e88:    43 19             	r3 |= r4
 2002e8a:    a3 60             	[r2+0] = r3
 2002e8c:    c2 ff 00 1d 01 00 	r2 = 72960 <row+0x11CFC : 11d00 >
 2002e92:    43 e0 21 40       	r3 = 16417 <row+0x401C : 4020 >
 2002e96:    a3 60             	[r2+0] = r3
 2002e98:    a0 63             	[r2+12] = r0
 2002e9a:    a1 64             	[r2+16] = r1
 2002e9c:    61 9b             	call -74 <lcd_wait : 2002e54 >
 2002e9e:    40 04             	{r3-r0} = [sp++]
 2002ea0:    57 04             	{pc, r7-r4} = [sp++]


lcd_rect:
 2002ea2:    77 04             	[--sp] = {rets, r7-r4}
 2002ea4:    60 04             	[--sp] = {r3-r0}
 2002ea6:    c5 ff 10 9d c0 01 	r5 = 29400336 <lcd_window : 1c09d10 >
 2002eac:    86 1c             	r6 = r0 + r2
 2002eae:    fe 3f             	r6 += -1
 2002eb0:    66 b8             	r6 = r6 << 24
 2002eb2:    00 a8             	r0 = r0 << 8
 2002eb4:    60 19             	r0 |= r6
 2002eb6:    d0 60             	[r5+0] = r0
 2002eb8:    9e 1c             	r6 = r1 + r3
 2002eba:    fe 3f             	r6 += -1
 2002ebc:    66 b8             	r6 = r6 << 24
 2002ebe:    11 a8             	r1 = r1 << 8
 2002ec0:    61 19             	r1 |= r6
 2002ec2:    d1 61             	[r5+4] = r1
 2002ec4:    48 2a             	r0 = 42
 2002ec6:    51 84             	call -184 <lcd_command : 2002e10 >
 2002ec8:    50 16             	r0 = r5
 2002eca:    41 24             	r1 = 4
 2002ecc:    61 92             	call -92 <lcd_dma : 2002e72 >
 2002ece:    48 2b             	r0 = 43
 2002ed0:    41 9f             	call -194 <lcd_command : 2002e10 >
 2002ed2:    50 16             	r0 = r5
 2002ed4:    08 84             	r0 = r0 + 4
 2002ed6:    61 8d             	call -102 <lcd_dma : 2002e72 >
 2002ed8:    48 2c             	r0 = 44
 2002eda:    41 9a             	call -204 <lcd_command : 2002e10 >
 2002edc:    c5 ff 18 9d c0 01 	r5 = 29400344 <lcd_line : 1c09d18 >
 2002ee2:    a6 a1             	r6 = r2 >> 1
 2002ee4:    d4 60             	[r5+0] = r4
 2002ee6:    5d 84             	r5 = r5 + 4
 2002ee8:    fe 3f             	r6 += -1
 2002eea:    f6 5c             	if (r6 != 0) goto -8 <lcd_rect+0x42 : 2002ee4 >
 2002eec:    c0 ff 18 9d c0 01 	r0 = 29400344 <lcd_line : 1c09d18 >
 2002ef2:    21 a1             	r1 = r2 << 1
 2002ef4:    51 9e             	call -132 <lcd_dma : 2002e72 >
 2002ef6:    fb 3f             	r3 += -1
 2002ef8:    f3 5d             	if (r3 != 0) goto -6 <lcd_rect+0x52 : 2002ef4 >
 2002efa:    40 04             	{r3-r0} = [sp++]
 2002efc:    57 04             	{pc, r7-r4} = [sp++]


lcd_glyph:
 2002efe:    77 04             	[--sp] = {rets, r7-r4}
 2002f00:    60 04             	[--sp] = {r3-r0}
 2002f02:    05 16             	r5 = r0
 2002f04:    16 16             	r6 = r1
 2002f06:    27 16             	r7 = r2
 2002f08:    d0 ae             	r0 = r5 >> 14
 2002f0a:    41 21             	r1 = 1
 2002f0c:    90 19             	r0 &= r1
 2002f0e:    00 46             	if (r0 == 0) goto 12 <lcd_glyph+0x1E : 2002f1c >
 2002f10:    60 16             	r0 = r6
 2002f12:    71 16             	r1 = r7
 2002f14:    42 24             	r2 = 4
 2002f16:    43 24             	r3 = 4
 2002f18:    14 3f             	r4 = -1
 2002f1a:    61 83             	call -122 <lcd_rect : 2002ea2 >
 2002f1c:    55 a1             	r5 = r5 << 1
 2002f1e:    6e 86             	r6 = r6 + 6
 2002f20:    d0 ae             	r0 = r5 >> 14
 2002f22:    41 21             	r1 = 1
 2002f24:    90 19             	r0 &= r1
 2002f26:    00 46             	if (r0 == 0) goto 12 <lcd_glyph+0x36 : 2002f34 >
 2002f28:    60 16             	r0 = r6
 2002f2a:    71 16             	r1 = r7
 2002f2c:    42 24             	r2 = 4
 2002f2e:    43 24             	r3 = 4
 2002f30:    14 3f             	r4 = -1
 2002f32:    51 97             	call -146 <lcd_rect : 2002ea2 >
 2002f34:    55 a1             	r5 = r5 << 1
 2002f36:    6e 86             	r6 = r6 + 6
 2002f38:    d0 ae             	r0 = r5 >> 14
 2002f3a:    41 21             	r1 = 1
 2002f3c:    90 19             	r0 &= r1
 2002f3e:    00 46             	if (r0 == 0) goto 12 <lcd_glyph+0x4E : 2002f4c >
 2002f40:    60 16             	r0 = r6
 2002f42:    71 16             	r1 = r7
 2002f44:    42 24             	r2 = 4
 2002f46:    43 24             	r3 = 4
 2002f48:    14 3f             	r4 = -1
 2002f4a:    51 8b             	call -170 <lcd_rect : 2002ea2 >
 2002f4c:    55 a1             	r5 = r5 << 1
 2002f4e:    6e 86             	r6 = r6 + 6
 2002f50:    fe 2e             	r6 += -18
 2002f52:    7f 86             	r7 = r7 + 6
 2002f54:    d0 ae             	r0 = r5 >> 14
 2002f56:    41 21             	r1 = 1
 2002f58:    90 19             	r0 &= r1
 2002f5a:    00 46             	if (r0 == 0) goto 12 <lcd_glyph+0x6A : 2002f68 >
 2002f5c:    60 16             	r0 = r6
 2002f5e:    71 16             	r1 = r7
 2002f60:    42 24             	r2 = 4
 2002f62:    43 24             	r3 = 4
 2002f64:    14 3f             	r4 = -1
 2002f66:    41 9d             	call -198 <lcd_rect : 2002ea2 >
 2002f68:    55 a1             	r5 = r5 << 1
 2002f6a:    6e 86             	r6 = r6 + 6
 2002f6c:    d0 ae             	r0 = r5 >> 14
 2002f6e:    41 21             	r1 = 1
 2002f70:    90 19             	r0 &= r1
 2002f72:    00 46             	if (r0 == 0) goto 12 <lcd_glyph+0x82 : 2002f80 >
 2002f74:    60 16             	r0 = r6
 2002f76:    71 16             	r1 = r7
 2002f78:    42 24             	r2 = 4
 2002f7a:    43 24             	r3 = 4
 2002f7c:    14 3f             	r4 = -1
 2002f7e:    41 91             	call -222 <lcd_rect : 2002ea2 >
 2002f80:    55 a1             	r5 = r5 << 1
 2002f82:    6e 86             	r6 = r6 + 6
 2002f84:    d0 ae             	r0 = r5 >> 14
 2002f86:    41 21             	r1 = 1
 2002f88:    90 19             	r0 &= r1
 2002f8a:    00 46             	if (r0 == 0) goto 12 <lcd_glyph+0x9A : 2002f98 >
 2002f8c:    60 16             	r0 = r6
 2002f8e:    71 16             	r1 = r7
 2002f90:    42 24             	r2 = 4
 2002f92:    43 24             	r3 = 4
 2002f94:    14 3f             	r4 = -1
 2002f96:    41 85             	call -246 <lcd_rect : 2002ea2 >
 2002f98:    55 a1             	r5 = r5 << 1
 2002f9a:    6e 86             	r6 = r6 + 6
 2002f9c:    fe 2e             	r6 += -18
 2002f9e:    7f 86             	r7 = r7 + 6
 2002fa0:    d0 ae             	r0 = r5 >> 14
 2002fa2:    41 21             	r1 = 1
 2002fa4:    90 19             	r0 &= r1
 2002fa6:    00 47             	if (r0 == 0) goto 14 <lcd_glyph+0xB8 : 2002fb6 >
 2002fa8:    60 16             	r0 = r6
 2002faa:    71 16             	r1 = r7
 2002fac:    42 24             	r2 = 4
 2002fae:    43 24             	r3 = 4
 2002fb0:    14 3f             	r4 = -1
 2002fb2:    bf ea 76 ff       	call -276 <lcd_rect : 2002ea2 >
 2002fb6:    55 a1             	r5 = r5 << 1
 2002fb8:    6e 86             	r6 = r6 + 6
 2002fba:    d0 ae             	r0 = r5 >> 14
 2002fbc:    41 21             	r1 = 1
 2002fbe:    90 19             	r0 &= r1
 2002fc0:    00 47             	if (r0 == 0) goto 14 <lcd_glyph+0xD2 : 2002fd0 >
 2002fc2:    60 16             	r0 = r6
 2002fc4:    71 16             	r1 = r7
 2002fc6:    42 24             	r2 = 4
 2002fc8:    43 24             	r3 = 4
 2002fca:    14 3f             	r4 = -1
 2002fcc:    bf ea 69 ff       	call -302 <lcd_rect : 2002ea2 >
 2002fd0:    55 a1             	r5 = r5 << 1
 2002fd2:    6e 86             	r6 = r6 + 6
 2002fd4:    d0 ae             	r0 = r5 >> 14
 2002fd6:    41 21             	r1 = 1
 2002fd8:    90 19             	r0 &= r1
 2002fda:    00 47             	if (r0 == 0) goto 14 <lcd_glyph+0xEC : 2002fea >
 2002fdc:    60 16             	r0 = r6
 2002fde:    71 16             	r1 = r7
 2002fe0:    42 24             	r2 = 4
 2002fe2:    43 24             	r3 = 4
 2002fe4:    14 3f             	r4 = -1
 2002fe6:    bf ea 5c ff       	call -328 <lcd_rect : 2002ea2 >
 2002fea:    55 a1             	r5 = r5 << 1
 2002fec:    6e 86             	r6 = r6 + 6
 2002fee:    fe 2e             	r6 += -18
 2002ff0:    7f 86             	r7 = r7 + 6
 2002ff2:    d0 ae             	r0 = r5 >> 14
 2002ff4:    41 21             	r1 = 1
 2002ff6:    90 19             	r0 &= r1
 2002ff8:    00 47             	if (r0 == 0) goto 14 <lcd_glyph+0x10A : 2003008 >
 2002ffa:    60 16             	r0 = r6
 2002ffc:    71 16             	r1 = r7
 2002ffe:    42 24             	r2 = 4
 2003000:    43 24             	r3 = 4
 2003002:    14 3f             	r4 = -1
 2003004:    bf ea 4d ff       	call -358 <lcd_rect : 2002ea2 >
 2003008:    55 a1             	r5 = r5 << 1
 200300a:    6e 86             	r6 = r6 + 6
 200300c:    d0 ae             	r0 = r5 >> 14
 200300e:    41 21             	r1 = 1
 2003010:    90 19             	r0 &= r1
 2003012:    00 47             	if (r0 == 0) goto 14 <lcd_glyph+0x124 : 2003022 >
 2003014:    60 16             	r0 = r6
 2003016:    71 16             	r1 = r7
 2003018:    42 24             	r2 = 4
 200301a:    43 24             	r3 = 4
 200301c:    14 3f             	r4 = -1
 200301e:    bf ea 40 ff       	call -384 <lcd_rect : 2002ea2 >
 2003022:    55 a1             	r5 = r5 << 1
 2003024:    6e 86             	r6 = r6 + 6
 2003026:    d0 ae             	r0 = r5 >> 14
 2003028:    41 21             	r1 = 1
 200302a:    90 19             	r0 &= r1
 200302c:    00 47             	if (r0 == 0) goto 14 <lcd_glyph+0x13E : 200303c >
 200302e:    60 16             	r0 = r6
 2003030:    71 16             	r1 = r7
 2003032:    42 24             	r2 = 4
 2003034:    43 24             	r3 = 4
 2003036:    14 3f             	r4 = -1
 2003038:    bf ea 33 ff       	call -410 <lcd_rect : 2002ea2 >
 200303c:    55 a1             	r5 = r5 << 1
 200303e:    6e 86             	r6 = r6 + 6
 2003040:    fe 2e             	r6 += -18
 2003042:    7f 86             	r7 = r7 + 6
 2003044:    d0 ae             	r0 = r5 >> 14
 2003046:    41 21             	r1 = 1
 2003048:    90 19             	r0 &= r1
 200304a:    00 47             	if (r0 == 0) goto 14 <lcd_glyph+0x15C : 200305a >
 200304c:    60 16             	r0 = r6
 200304e:    71 16             	r1 = r7
 2003050:    42 24             	r2 = 4
 2003052:    43 24             	r3 = 4
 2003054:    14 3f             	r4 = -1
 2003056:    bf ea 24 ff       	call -440 <lcd_rect : 2002ea2 >
 200305a:    55 a1             	r5 = r5 << 1
 200305c:    6e 86             	r6 = r6 + 6
 200305e:    d0 ae             	r0 = r5 >> 14
 2003060:    41 21             	r1 = 1
 2003062:    90 19             	r0 &= r1
 2003064:    00 47             	if (r0 == 0) goto 14 <lcd_glyph+0x176 : 2003074 >
 2003066:    60 16             	r0 = r6
 2003068:    71 16             	r1 = r7
 200306a:    42 24             	r2 = 4
 200306c:    43 24             	r3 = 4
 200306e:    14 3f             	r4 = -1
 2003070:    bf ea 17 ff       	call -466 <lcd_rect : 2002ea2 >
 2003074:    55 a1             	r5 = r5 << 1
 2003076:    6e 86             	r6 = r6 + 6
 2003078:    d0 ae             	r0 = r5 >> 14
 200307a:    41 21             	r1 = 1
 200307c:    90 19             	r0 &= r1
 200307e:    00 47             	if (r0 == 0) goto 14 <lcd_glyph+0x190 : 200308e >
 2003080:    60 16             	r0 = r6
 2003082:    71 16             	r1 = r7
 2003084:    42 24             	r2 = 4
 2003086:    43 24             	r3 = 4
 2003088:    14 3f             	r4 = -1
 200308a:    bf ea 0a ff       	call -492 <lcd_rect : 2002ea2 >
 200308e:    55 a1             	r5 = r5 << 1
 2003090:    6e 86             	r6 = r6 + 6
 2003092:    fe 2e             	r6 += -18
 2003094:    7f 86             	r7 = r7 + 6
 2003096:    40 04             	{r3-r0} = [sp++]
 2003098:    57 04             	{pc, r7-r4} = [sp++]


lcd_text:
 200309a:    77 04             	[--sp] = {rets, r7-r4}
 200309c:    60 04             	[--sp] = {r3-r0}
 200309e:    05 16             	r5 = r0
 20030a0:    16 16             	r6 = r1
 20030a2:    27 16             	r7 = r2
 20030a4:    34 16             	r4 = r3
 20030a6:    50 60             	r0 = [r5+0] 
 20030a8:    61 16             	r1 = r6
 20030aa:    72 16             	r2 = r7
 20030ac:    bf ea 27 ff       	call -434 <lcd_glyph : 2002efe >
 20030b0:    5d 84             	r5 = r5 + 4
 20030b2:    6e 92             	r6 = r6 + 18
 20030b4:    fc 3f             	r4 += -1
 20030b6:    f4 57             	if (r4 != 0) goto -18 <lcd_text+0xC : 20030a6 >
 20030b8:    40 04             	{r3-r0} = [sp++]
 20030ba:    57 04             	{pc, r7-r4} = [sp++]


lcd_hex:
 20030bc:    77 04             	[--sp] = {rets, r7-r4}
 20030be:    60 04             	[--sp] = {r3-r0}
 20030c0:    05 16             	r5 = r0
 20030c2:    c0 ff 00 9f c0 01 	r0 = 29400832 <counter_buffer : 1c09f00 >
 20030c8:    41 e0 70 08       	r1 = 2160 <row+0x86C : 870 >
 20030cc:    c2 ff 10 82 10 82 	r2 = 2182119952 <_data_load+0x80103E64 : 82108210 >
 20030d2:    82 60             	[r0+0] = r2
 20030d4:    08 84             	r0 = r0 + 4
 20030d6:    f9 3f             	r1 += -1
 20030d8:    f1 5c             	if (r1 != 0) goto -8 <lcd_hex+0x16 : 20030d2 >
 20030da:    c6 ff 00 9f c0 01 	r6 = 29400832 <counter_buffer : 1c09f00 >
 20030e0:    47 28             	r7 = 8
 20030e2:    d0 bc             	r0 = r5 >> 28
 20030e4:    00 a2             	r0 = r0 << 2
 20030e6:    c1 ff 60 34 00 02 	r1 = 33567840 <hex_font : 2003460 >
 20030ec:    08 1c             	r0 = r0 + r1
 20030ee:    04 60             	r4 = [r0+0] 
 20030f0:    62 16             	r2 = r6
 20030f2:    c0 ae             	r0 = r4 >> 14
 20030f4:    41 21             	r1 = 1
 20030f6:    90 19             	r0 &= r1
 20030f8:    c1 ff 10 82 10 82 	r1 = 2182119952 <_data_load+0x80103E64 : 82108210 >
 20030fe:    00 41             	if (r0 == 0) goto 2 <lcd_hex+0x46 : 2003102 >
 2003100:    11 3f             	r1 = -1
 2003102:    23 16             	r3 = r2
 2003104:    40 e0 20 01       	r0 = 288 <row+0x11C : 120 >
 2003108:    b1 60             	[r3+0] = r1
 200310a:    b1 61             	[r3+4] = r1
 200310c:    33 1c             	r3 = r3 + r0
 200310e:    b1 60             	[r3+0] = r1
 2003110:    b1 61             	[r3+4] = r1
 2003112:    33 1c             	r3 = r3 + r0
 2003114:    b1 60             	[r3+0] = r1
 2003116:    b1 61             	[r3+4] = r1
 2003118:    33 1c             	r3 = r3 + r0
 200311a:    b1 60             	[r3+0] = r1
 200311c:    b1 61             	[r3+4] = r1
 200311e:    33 1c             	r3 = r3 + r0
 2003120:    2a 8c             	r2 = r2 + 12
 2003122:    44 a1             	r4 = r4 << 1
 2003124:    c0 ae             	r0 = r4 >> 14
 2003126:    41 21             	r1 = 1
 2003128:    90 19             	r0 &= r1
 200312a:    c1 ff 10 82 10 82 	r1 = 2182119952 <_data_load+0x80103E64 : 82108210 >
 2003130:    00 41             	if (r0 == 0) goto 2 <lcd_hex+0x78 : 2003134 >
 2003132:    11 3f             	r1 = -1
 2003134:    23 16             	r3 = r2
 2003136:    40 e0 20 01       	r0 = 288 <row+0x11C : 120 >
 200313a:    b1 60             	[r3+0] = r1
 200313c:    b1 61             	[r3+4] = r1
 200313e:    33 1c             	r3 = r3 + r0
 2003140:    b1 60             	[r3+0] = r1
 2003142:    b1 61             	[r3+4] = r1
 2003144:    33 1c             	r3 = r3 + r0
 2003146:    b1 60             	[r3+0] = r1
 2003148:    b1 61             	[r3+4] = r1
 200314a:    33 1c             	r3 = r3 + r0
 200314c:    b1 60             	[r3+0] = r1
 200314e:    b1 61             	[r3+4] = r1
 2003150:    33 1c             	r3 = r3 + r0
 2003152:    2a 8c             	r2 = r2 + 12
 2003154:    44 a1             	r4 = r4 << 1
 2003156:    c0 ae             	r0 = r4 >> 14
 2003158:    41 21             	r1 = 1
 200315a:    90 19             	r0 &= r1
 200315c:    c1 ff 10 82 10 82 	r1 = 2182119952 <_data_load+0x80103E64 : 82108210 >
 2003162:    00 41             	if (r0 == 0) goto 2 <lcd_hex+0xAA : 2003166 >
 2003164:    11 3f             	r1 = -1
 2003166:    23 16             	r3 = r2
 2003168:    40 e0 20 01       	r0 = 288 <row+0x11C : 120 >
 200316c:    b1 60             	[r3+0] = r1
 200316e:    b1 61             	[r3+4] = r1
 2003170:    33 1c             	r3 = r3 + r0
 2003172:    b1 60             	[r3+0] = r1
 2003174:    b1 61             	[r3+4] = r1
 2003176:    33 1c             	r3 = r3 + r0
 2003178:    b1 60             	[r3+0] = r1
 200317a:    b1 61             	[r3+4] = r1
 200317c:    33 1c             	r3 = r3 + r0
 200317e:    b1 60             	[r3+0] = r1
 2003180:    b1 61             	[r3+4] = r1
 2003182:    33 1c             	r3 = r3 + r0
 2003184:    2a 8c             	r2 = r2 + 12
 2003186:    44 a1             	r4 = r4 << 1
 2003188:    40 e0 c0 06       	r0 = 1728 <row+0x6BC : 6c0 >
 200318c:    66 1c             	r6 = r6 + r0
 200318e:    62 16             	r2 = r6
 2003190:    c0 ae             	r0 = r4 >> 14
 2003192:    41 21             	r1 = 1
 2003194:    90 19             	r0 &= r1
 2003196:    c1 ff 10 82 10 82 	r1 = 2182119952 <_data_load+0x80103E64 : 82108210 >
 200319c:    00 41             	if (r0 == 0) goto 2 <lcd_hex+0xE4 : 20031a0 >
 200319e:    11 3f             	r1 = -1
 20031a0:    23 16             	r3 = r2
 20031a2:    40 e0 20 01       	r0 = 288 <row+0x11C : 120 >
 20031a6:    b1 60             	[r3+0] = r1
 20031a8:    b1 61             	[r3+4] = r1
 20031aa:    33 1c             	r3 = r3 + r0
 20031ac:    b1 60             	[r3+0] = r1
 20031ae:    b1 61             	[r3+4] = r1
 20031b0:    33 1c             	r3 = r3 + r0
 20031b2:    b1 60             	[r3+0] = r1
 20031b4:    b1 61             	[r3+4] = r1
 20031b6:    33 1c             	r3 = r3 + r0
 20031b8:    b1 60             	[r3+0] = r1
 20031ba:    b1 61             	[r3+4] = r1
 20031bc:    33 1c             	r3 = r3 + r0
 20031be:    2a 8c             	r2 = r2 + 12
 20031c0:    44 a1             	r4 = r4 << 1
 20031c2:    c0 ae             	r0 = r4 >> 14
 20031c4:    41 21             	r1 = 1
 20031c6:    90 19             	r0 &= r1
 20031c8:    c1 ff 10 82 10 82 	r1 = 2182119952 <_data_load+0x80103E64 : 82108210 >
 20031ce:    00 41             	if (r0 == 0) goto 2 <lcd_hex+0x116 : 20031d2 >
 20031d0:    11 3f             	r1 = -1
 20031d2:    23 16             	r3 = r2
 20031d4:    40 e0 20 01       	r0 = 288 <row+0x11C : 120 >
 20031d8:    b1 60             	[r3+0] = r1
 20031da:    b1 61             	[r3+4] = r1
 20031dc:    33 1c             	r3 = r3 + r0
 20031de:    b1 60             	[r3+0] = r1
 20031e0:    b1 61             	[r3+4] = r1
 20031e2:    33 1c             	r3 = r3 + r0
 20031e4:    b1 60             	[r3+0] = r1
 20031e6:    b1 61             	[r3+4] = r1
 20031e8:    33 1c             	r3 = r3 + r0
 20031ea:    b1 60             	[r3+0] = r1
 20031ec:    b1 61             	[r3+4] = r1
 20031ee:    33 1c             	r3 = r3 + r0
 20031f0:    2a 8c             	r2 = r2 + 12
 20031f2:    44 a1             	r4 = r4 << 1
 20031f4:    c0 ae             	r0 = r4 >> 14
 20031f6:    41 21             	r1 = 1
 20031f8:    90 19             	r0 &= r1
 20031fa:    c1 ff 10 82 10 82 	r1 = 2182119952 <_data_load+0x80103E64 : 82108210 >
 2003200:    00 41             	if (r0 == 0) goto 2 <lcd_hex+0x148 : 2003204 >
 2003202:    11 3f             	r1 = -1
 2003204:    23 16             	r3 = r2
 2003206:    40 e0 20 01       	r0 = 288 <row+0x11C : 120 >
 200320a:    b1 60             	[r3+0] = r1
 200320c:    b1 61             	[r3+4] = r1
 200320e:    33 1c             	r3 = r3 + r0
 2003210:    b1 60             	[r3+0] = r1
 2003212:    b1 61             	[r3+4] = r1
 2003214:    33 1c             	r3 = r3 + r0
 2003216:    b1 60             	[r3+0] = r1
 2003218:    b1 61             	[r3+4] = r1
 200321a:    33 1c             	r3 = r3 + r0
 200321c:    b1 60             	[r3+0] = r1
 200321e:    b1 61             	[r3+4] = r1
 2003220:    33 1c             	r3 = r3 + r0
 2003222:    2a 8c             	r2 = r2 + 12
 2003224:    44 a1             	r4 = r4 << 1
 2003226:    40 e0 c0 06       	r0 = 1728 <row+0x6BC : 6c0 >
 200322a:    66 1c             	r6 = r6 + r0
 200322c:    62 16             	r2 = r6
 200322e:    c0 ae             	r0 = r4 >> 14
 2003230:    41 21             	r1 = 1
 2003232:    90 19             	r0 &= r1
 2003234:    c1 ff 10 82 10 82 	r1 = 2182119952 <_data_load+0x80103E64 : 82108210 >
 200323a:    00 41             	if (r0 == 0) goto 2 <lcd_hex+0x182 : 200323e >
 200323c:    11 3f             	r1 = -1
 200323e:    23 16             	r3 = r2
 2003240:    40 e0 20 01       	r0 = 288 <row+0x11C : 120 >
 2003244:    b1 60             	[r3+0] = r1
 2003246:    b1 61             	[r3+4] = r1
 2003248:    33 1c             	r3 = r3 + r0
 200324a:    b1 60             	[r3+0] = r1
 200324c:    b1 61             	[r3+4] = r1
 200324e:    33 1c             	r3 = r3 + r0
 2003250:    b1 60             	[r3+0] = r1
 2003252:    b1 61             	[r3+4] = r1
 2003254:    33 1c             	r3 = r3 + r0
 2003256:    b1 60             	[r3+0] = r1
 2003258:    b1 61             	[r3+4] = r1
 200325a:    33 1c             	r3 = r3 + r0
 200325c:    2a 8c             	r2 = r2 + 12
 200325e:    44 a1             	r4 = r4 << 1
 2003260:    c0 ae             	r0 = r4 >> 14
 2003262:    41 21             	r1 = 1
 2003264:    90 19             	r0 &= r1
 2003266:    c1 ff 10 82 10 82 	r1 = 2182119952 <_data_load+0x80103E64 : 82108210 >
 200326c:    00 41             	if (r0 == 0) goto 2 <lcd_hex+0x1B4 : 2003270 >
 200326e:    11 3f             	r1 = -1
 2003270:    23 16             	r3 = r2
 2003272:    40 e0 20 01       	r0 = 288 <row+0x11C : 120 >
 2003276:    b1 60             	[r3+0] = r1
 2003278:    b1 61             	[r3+4] = r1
 200327a:    33 1c             	r3 = r3 + r0
 200327c:    b1 60             	[r3+0] = r1
 200327e:    b1 61             	[r3+4] = r1
 2003280:    33 1c             	r3 = r3 + r0
 2003282:    b1 60             	[r3+0] = r1
 2003284:    b1 61             	[r3+4] = r1
 2003286:    33 1c             	r3 = r3 + r0
 2003288:    b1 60             	[r3+0] = r1
 200328a:    b1 61             	[r3+4] = r1
 200328c:    33 1c             	r3 = r3 + r0
 200328e:    2a 8c             	r2 = r2 + 12
 2003290:    44 a1             	r4 = r4 << 1
 2003292:    c0 ae             	r0 = r4 >> 14
 2003294:    41 21             	r1 = 1
 2003296:    90 19             	r0 &= r1
 2003298:    c1 ff 10 82 10 82 	r1 = 2182119952 <_data_load+0x80103E64 : 82108210 >
 200329e:    00 41             	if (r0 == 0) goto 2 <lcd_hex+0x1E6 : 20032a2 >
 20032a0:    11 3f             	r1 = -1
 20032a2:    23 16             	r3 = r2
 20032a4:    40 e0 20 01       	r0 = 288 <row+0x11C : 120 >
 20032a8:    b1 60             	[r3+0] = r1
 20032aa:    b1 61             	[r3+4] = r1
 20032ac:    33 1c             	r3 = r3 + r0
 20032ae:    b1 60             	[r3+0] = r1
 20032b0:    b1 61             	[r3+4] = r1
 20032b2:    33 1c             	r3 = r3 + r0
 20032b4:    b1 60             	[r3+0] = r1
 20032b6:    b1 61             	[r3+4] = r1
 20032b8:    33 1c             	r3 = r3 + r0
 20032ba:    b1 60             	[r3+0] = r1
 20032bc:    b1 61             	[r3+4] = r1
 20032be:    33 1c             	r3 = r3 + r0
 20032c0:    2a 8c             	r2 = r2 + 12
 20032c2:    44 a1             	r4 = r4 << 1
 20032c4:    40 e0 c0 06       	r0 = 1728 <row+0x6BC : 6c0 >
 20032c8:    66 1c             	r6 = r6 + r0
 20032ca:    62 16             	r2 = r6
 20032cc:    c0 ae             	r0 = r4 >> 14
 20032ce:    41 21             	r1 = 1
 20032d0:    90 19             	r0 &= r1
 20032d2:    c1 ff 10 82 10 82 	r1 = 2182119952 <_data_load+0x80103E64 : 82108210 >
 20032d8:    00 41             	if (r0 == 0) goto 2 <lcd_hex+0x220 : 20032dc >
 20032da:    11 3f             	r1 = -1
 20032dc:    23 16             	r3 = r2
 20032de:    40 e0 20 01       	r0 = 288 <row+0x11C : 120 >
 20032e2:    b1 60             	[r3+0] = r1
 20032e4:    b1 61             	[r3+4] = r1
 20032e6:    33 1c             	r3 = r3 + r0
 20032e8:    b1 60             	[r3+0] = r1
 20032ea:    b1 61             	[r3+4] = r1
 20032ec:    33 1c             	r3 = r3 + r0
 20032ee:    b1 60             	[r3+0] = r1
 20032f0:    b1 61             	[r3+4] = r1
 20032f2:    33 1c             	r3 = r3 + r0
 20032f4:    b1 60             	[r3+0] = r1
 20032f6:    b1 61             	[r3+4] = r1
 20032f8:    33 1c             	r3 = r3 + r0
 20032fa:    2a 8c             	r2 = r2 + 12
 20032fc:    44 a1             	r4 = r4 << 1
 20032fe:    c0 ae             	r0 = r4 >> 14
 2003300:    41 21             	r1 = 1
 2003302:    90 19             	r0 &= r1
 2003304:    c1 ff 10 82 10 82 	r1 = 2182119952 <_data_load+0x80103E64 : 82108210 >
 200330a:    00 41             	if (r0 == 0) goto 2 <lcd_hex+0x252 : 200330e >
 200330c:    11 3f             	r1 = -1
 200330e:    23 16             	r3 = r2
 2003310:    40 e0 20 01       	r0 = 288 <row+0x11C : 120 >
 2003314:    b1 60             	[r3+0] = r1
 2003316:    b1 61             	[r3+4] = r1
 2003318:    33 1c             	r3 = r3 + r0
 200331a:    b1 60             	[r3+0] = r1
 200331c:    b1 61             	[r3+4] = r1
 200331e:    33 1c             	r3 = r3 + r0
 2003320:    b1 60             	[r3+0] = r1
 2003322:    b1 61             	[r3+4] = r1
 2003324:    33 1c             	r3 = r3 + r0
 2003326:    b1 60             	[r3+0] = r1
 2003328:    b1 61             	[r3+4] = r1
 200332a:    33 1c             	r3 = r3 + r0
 200332c:    2a 8c             	r2 = r2 + 12
 200332e:    44 a1             	r4 = r4 << 1
 2003330:    c0 ae             	r0 = r4 >> 14
 2003332:    41 21             	r1 = 1
 2003334:    90 19             	r0 &= r1
 2003336:    c1 ff 10 82 10 82 	r1 = 2182119952 <_data_load+0x80103E64 : 82108210 >
 200333c:    00 41             	if (r0 == 0) goto 2 <lcd_hex+0x284 : 2003340 >
 200333e:    11 3f             	r1 = -1
 2003340:    23 16             	r3 = r2
 2003342:    40 e0 20 01       	r0 = 288 <row+0x11C : 120 >
 2003346:    b1 60             	[r3+0] = r1
 2003348:    b1 61             	[r3+4] = r1
 200334a:    33 1c             	r3 = r3 + r0
 200334c:    b1 60             	[r3+0] = r1
 200334e:    b1 61             	[r3+4] = r1
 2003350:    33 1c             	r3 = r3 + r0
 2003352:    b1 60             	[r3+0] = r1
 2003354:    b1 61             	[r3+4] = r1
 2003356:    33 1c             	r3 = r3 + r0
 2003358:    b1 60             	[r3+0] = r1
 200335a:    b1 61             	[r3+4] = r1
 200335c:    33 1c             	r3 = r3 + r0
 200335e:    2a 8c             	r2 = r2 + 12
 2003360:    44 a1             	r4 = r4 << 1
 2003362:    40 e0 c0 06       	r0 = 1728 <row+0x6BC : 6c0 >
 2003366:    66 1c             	r6 = r6 + r0
 2003368:    62 16             	r2 = r6
 200336a:    c0 ae             	r0 = r4 >> 14
 200336c:    41 21             	r1 = 1
 200336e:    90 19             	r0 &= r1
 2003370:    c1 ff 10 82 10 82 	r1 = 2182119952 <_data_load+0x80103E64 : 82108210 >
 2003376:    00 41             	if (r0 == 0) goto 2 <lcd_hex+0x2BE : 200337a >
 2003378:    11 3f             	r1 = -1
 200337a:    23 16             	r3 = r2
 200337c:    40 e0 20 01       	r0 = 288 <row+0x11C : 120 >
 2003380:    b1 60             	[r3+0] = r1
 2003382:    b1 61             	[r3+4] = r1
 2003384:    33 1c             	r3 = r3 + r0
 2003386:    b1 60             	[r3+0] = r1
 2003388:    b1 61             	[r3+4] = r1
 200338a:    33 1c             	r3 = r3 + r0
 200338c:    b1 60             	[r3+0] = r1
 200338e:    b1 61             	[r3+4] = r1
 2003390:    33 1c             	r3 = r3 + r0
 2003392:    b1 60             	[r3+0] = r1
 2003394:    b1 61             	[r3+4] = r1
 2003396:    33 1c             	r3 = r3 + r0
 2003398:    2a 8c             	r2 = r2 + 12
 200339a:    44 a1             	r4 = r4 << 1
 200339c:    c0 ae             	r0 = r4 >> 14
 200339e:    41 21             	r1 = 1
 20033a0:    90 19             	r0 &= r1
 20033a2:    c1 ff 10 82 10 82 	r1 = 2182119952 <_data_load+0x80103E64 : 82108210 >
 20033a8:    00 41             	if (r0 == 0) goto 2 <lcd_hex+0x2F0 : 20033ac >
 20033aa:    11 3f             	r1 = -1
 20033ac:    23 16             	r3 = r2
 20033ae:    40 e0 20 01       	r0 = 288 <row+0x11C : 120 >
 20033b2:    b1 60             	[r3+0] = r1
 20033b4:    b1 61             	[r3+4] = r1
 20033b6:    33 1c             	r3 = r3 + r0
 20033b8:    b1 60             	[r3+0] = r1
 20033ba:    b1 61             	[r3+4] = r1
 20033bc:    33 1c             	r3 = r3 + r0
 20033be:    b1 60             	[r3+0] = r1
 20033c0:    b1 61             	[r3+4] = r1
 20033c2:    33 1c             	r3 = r3 + r0
 20033c4:    b1 60             	[r3+0] = r1
 20033c6:    b1 61             	[r3+4] = r1
 20033c8:    33 1c             	r3 = r3 + r0
 20033ca:    2a 8c             	r2 = r2 + 12
 20033cc:    44 a1             	r4 = r4 << 1
 20033ce:    c0 ae             	r0 = r4 >> 14
 20033d0:    41 21             	r1 = 1
 20033d2:    90 19             	r0 &= r1
 20033d4:    c1 ff 10 82 10 82 	r1 = 2182119952 <_data_load+0x80103E64 : 82108210 >
 20033da:    00 41             	if (r0 == 0) goto 2 <lcd_hex+0x322 : 20033de >
 20033dc:    11 3f             	r1 = -1
 20033de:    23 16             	r3 = r2
 20033e0:    40 e0 20 01       	r0 = 288 <row+0x11C : 120 >
 20033e4:    b1 60             	[r3+0] = r1
 20033e6:    b1 61             	[r3+4] = r1
 20033e8:    33 1c             	r3 = r3 + r0
 20033ea:    b1 60             	[r3+0] = r1
 20033ec:    b1 61             	[r3+4] = r1
 20033ee:    33 1c             	r3 = r3 + r0
 20033f0:    b1 60             	[r3+0] = r1
 20033f2:    b1 61             	[r3+4] = r1
 20033f4:    33 1c             	r3 = r3 + r0
 20033f6:    b1 60             	[r3+0] = r1
 20033f8:    b1 61             	[r3+4] = r1
 20033fa:    33 1c             	r3 = r3 + r0
 20033fc:    2a 8c             	r2 = r2 + 12
 20033fe:    44 a1             	r4 = r4 << 1
 2003400:    40 e0 c0 06       	r0 = 1728 <row+0x6BC : 6c0 >
 2003404:    66 1c             	r6 = r6 + r0
 2003406:    40 e0 c0 21       	r0 = 8640 <row+0x21BC : 21c0 >
 200340a:    66 1e             	r6 = r6 - r0
 200340c:    ce 24             	r6 += 36
 200340e:    55 a4             	r5 = r5 << 4
 2003410:    ff 3f             	r7 += -1
 2003412:    07 41             	if (r7 == 0) goto 2 <lcd_hex+0x35A : 2003416 >
 2003414:    37 86             	goto -820 <lcd_hex+0x26 : 20030e2 >
 2003416:    c5 ff 10 9d c0 01 	r5 = 29400336 <lcd_window : 1c09d10 >
 200341c:    c0 ff 00 18 00 a7 	r0 = 2801801216 <_data_load+0xA4FFD454 : a7001800 >
 2003422:    d0 60             	[r5+0] = r0
 2003424:    c0 ff 00 50 00 6d 	r0 = 1828737024 <_data_load+0x6B000C54 : 6d005000 >
 200342a:    d0 61             	[r5+4] = r0
 200342c:    48 2a             	r0 = 42
 200342e:    bf ea ef fc       	call -1570 <lcd_command : 2002e10 >
 2003432:    50 16             	r0 = r5
 2003434:    41 24             	r1 = 4
 2003436:    bf ea 1c fd       	call -1480 <lcd_dma : 2002e72 >
 200343a:    48 2b             	r0 = 43
 200343c:    bf ea e8 fc       	call -1584 <lcd_command : 2002e10 >
 2003440:    50 16             	r0 = r5
 2003442:    08 84             	r0 = r0 + 4
 2003444:    bf ea 15 fd       	call -1494 <lcd_dma : 2002e72 >
 2003448:    48 2c             	r0 = 44
 200344a:    bf ea e1 fc       	call -1598 <lcd_command : 2002e10 >
 200344e:    c0 ff 00 9f c0 01 	r0 = 29400832 <counter_buffer : 1c09f00 >
 2003454:    41 e0 c0 21       	r1 = 8640 <row+0x21BC : 21c0 >
 2003458:    bf ea 0b fd       	call -1514 <lcd_dma : 2002e72 >
 200345c:    40 04             	{r3-r0} = [sp++]
 200345e:    57 04             	{pc, r7-r4} = [sp++]


hex_font:
 2003460:    6f 7b             	r7 = h[r6+-10] (u)
 2003462:    00 00             	nop
 2003464:    97 2c              <unknown instruction>
 2003466:    00 00             	nop
 2003468:    e7 73             	[r6+-52] = r7
 200346a:    00 00             	nop
 200346c:    cf 73             	h[r4+-26] = r7
 200346e:    00 00             	nop
 2003470:    c9 5b             	b[r4+-5] = r1
 2003472:    00 00             	nop
 2003474:    cf 79             	h[r4+-14] = r7
 2003476:    00 00             	nop
 2003478:    ef 79             	h[r6+-14] = r7
 200347a:    00 00             	nop
 200347c:    49 72             	r1 = h[r4+-28] (u)
 200347e:    00 00             	nop
 2003480:    ef 7b             	h[r6+-10] = r7
 2003482:    00 00             	nop
 2003484:    cf 7b             	h[r4+-10] = r7
 2003486:    00 00             	nop
 2003488:    ed 7b             	h[r6+-10] = r5
 200348a:    00 00             	nop
 200348c:    ae 6b             	h[r2+22] = r6
 200348e:    00 00             	nop
 2003490:    27 79             	r7 = [r2+-28] 
 2003492:    00 00             	nop
 2003494:    6e 6b             	r6 = h[r6+22] (u)
 2003496:    00 00             	nop
 2003498:    a7 79             	[r2+-28] = r7
 200349a:    00 00             	nop
 200349c:    a4 79             	[r2+-28] = r4
 200349e:    00 00             	nop


title:
 20034a0:    a4 79             	[r2+-28] = r4
 20034a2:    00 00             	nop
 20034a4:    ed 5f             	b[r6+-1] = r5
 20034a6:    00 00             	nop
 20034a8:    97 2c              <unknown instruction>
 20034aa:    00 00             	nop


time_label:
 20034ac:    92 74             	[r1+-48] = r2
 20034ae:    00 00             	nop
 20034b0:    97 74             	[r1+-48] = r7
 20034b2:    00 00             	nop
 20034b4:    ed 5f             	b[r6+-1] = r5
 20034b6:    00 00             	nop
 20034b8:    a7 79             	[r2+-28] = r7
 20034ba:    00 00             	nop


keys_label:
 20034bc:    ad 5b             	b[r2+-5] = r5
 20034be:    00 00             	nop
 20034c0:    a7 79             	[r2+-28] = r7
 20034c2:    00 00             	nop
 20034c4:    92 5a             	if (r2 != 0) goto 116 <FM1_KEYMAP+0x12 : 200353a >
 20034c6:    00 00             	nop
 20034c8:    cf 79             	h[r4+-14] = r7
 20034ca:    00 00             	nop


hexfont:
 20034cc:	 1f 11 11 11 1f 04 0c 04         ........
 20034d4:	 04 0e 1e 01 0e 10 1f 1e         ........
 20034dc:	 01 0e 01 1e 11 11 1f 01         ........
 20034e4:	 01 1f 10 1e 01 1e 0f 10         ........
 20034ec:	 1e 11 0e 1f 01 02 04 04         ........
 20034f4:	 0e 11 0e 11 0e 0e 11 0f         ........
 20034fc:	 01 1e 0e 11 1f 11 11 1e         ........
 2003504:	 11 1e 11 1e 0f 10 10 10         ........
 200350c:	 0f 1e 11 11 11 1e 1f 10         ........
 2003514:	 1e 10 1f 1f 10 1e 10 10         ........


FM1_LED_BIT:
 200351c:	 00 09 0a 06 09 00               ......


FM1_LED_PORT:
 2003522:	 ff 00 00 07 07 ff               ......


FM1_KEYMAP:
 2003528:	 ff ff ff ff ff ff ff ff         ........
 2003530:	 ff ff ff 05 0b 04 0a 03         ........
 2003538:	 09 02 08 ff ff ff 22 23         ......"#
 2003540:	 24 25 26 28 27 0d 07 06         $%&('...
 2003548:	 0c 17 18 19 1a 1b 1c 1d         ........
 2003550:	 1e 1f 20 21 00 01 0f 0e         .. !....
 2003558:	 11 10 13 12 14 15 16 ff         ........
 2003560:	 ff ff ff ff ff ff ff ff         ........
 2003568:	 ff ff                           ..


FM1_ENC:
 200356a:	 00 00 01 00 02 00 03 00         ........
 2003572:	 08 01 09 01 08 00 09 00         ........
 200357a:	 06 00 07 00 04 00 05 00         ........
 2003582:	 00 05 01 05                     ....


ep0_service.zero2:
 2003586:	 00 00                           ..


DEV_DESC:
 2003588:	 12 01 00 02 ef 02 01 40         .......@
 2003590:	 09 12 01 00 01 03 01 02         ........
 2003598:	 00 01                           ..


CFG_DESC:
 200359a:	 09 02 af 00 04 01 00 80         ........
 20035a2:	 32 08 0b 00 02 01 01 00         2.......
 20035aa:	 00 09 04 00 00 00 01 01         ........
 20035b2:	 00 00 09 24 01 00 01 09         ...$....
 20035ba:	 00 01 01 09 04 01 00 02         ........
 20035c2:	 01 03 00 00 07 24 01 00         .....$..
 20035ca:	 01 41 00 06 24 02 01 01         .A..$...
 20035d2:	 00 06 24 02 02 02 00 09         ..$.....
 20035da:	 24 03 01 03 01 02 01 00         $.......
 20035e2:	 09 24 03 02 04 01 01 01         .$......
 20035ea:	 00 09 05 01 02 40 00 00         .....@..
 20035f2:	 00 00 05 25 01 01 01 09         ...%....
 20035fa:	 05 81 02 40 00 00 00 00         ...@....
 2003602:	 05 25 01 01 03 08 0b 02         .%......
 200360a:	 02 02 02 01 00 09 04 02         ........
 2003612:	 00 01 02 02 01 00 05 24         .......$
 200361a:	 00 10 01 05 24 01 00 03         ....$...
 2003622:	 04 24 02 02 05 24 06 02         .$...$..
 200362a:	 03 07 05 82 03 08 00 10         ........
 2003632:	 09 04 03 00 02 0a 00 00         ........
 200363a:	 00 07 05 03 02 40 00 00         .....@..
 2003642:	 07 05 83 02 40 00 00            ....@..


STR0:
 2003649:	 04 03 09 04                     ....


STR1:
 200364d:	 2a 03 48 00 fc 00 67 00         *.H...g.
 2003655:	 65 00 6c 00 74 00 6f 00         e.l.t.o.
 200365d:	 6e 00 20 00 49 00 6e 00         n. .I.n.
 2003665:	 73 00 74 00 72 00 75 00         s.t.r.u.
 200366d:	 6d 00 65 00 6e 00 74 00         m.e.n.t.
 2003675:	 73 00                           s.


STR2:
 2003677:	 14 03 46 00 4d 00 2d 00         ..F.M.-.
 200367f:	 31 00 20 00 44 00 69 00         1. .D.i.
 2003687:	 61 00 67 00                     a.g.


sysex_byte.UBOOT_KEY:
 200368b:	 f0 22 24 35 7d f7               ."$5}.


LCD_SEQ:
 2003691:	 01 00 00 01 96 11 00 00         ........
 2003699:	 01 78 3a 01 55 36 01 00         .x:.U6..
 20036a1:	 21 00 13 00                     !...


fm1_enter_uboot.k:
 20036a5:	 75 73 62 5f 75 70 64 61         usb_upda
 20036ad:	 74 65 5f 6d 6f 64 65 00         te_mode.


ota_reply_identity.ID:
 20036b5:	 46 4d 2d 31 5f 39 38 31         FM-1_981
 20036bd:	 00 6f 74 61 2d 46 4d 2d         .ota-FM-
 20036c5:	 31 5f 30 31 35 00 46 45         1_015.FE
 20036cd:	 4c 55 43 43 41 2d 4c 4f         LUCCA-LO
 20036d5:	 41 44 45 52 2d 31 00 73         ADER-1.s
 20036dd:	 75 63 63 65 73 73 00 46         uccess.F
 20036e5:	 4d 2d 31 20 44 49 41 47         M-1 DIAG
 20036ed:	 20 31 3a 20 70 72 6f 62          1: prob
 20036f5:	 65 20 69 6e 66 6f 20 75         e info u
 20036fd:	 62 6f 6f 74 0d 0a 00 70         boot...p
 2003705:	 72 6f 62 65 00 69 6e 66         robe.inf
 200370d:	 6f 00 46 4d 2d 31 20 44         o.FM-1 D
 2003715:	 49 41 47 20 31 20 46 4d         IAG 1 FM
 200371d:	 2d 31 5f 39 38 31 0d 0a         -1_981..
 2003725:	 70 72 6f 62 65 5f 73 68         probe_sh
 200372d:	 61 32 35 36 20 30 35 63         a256 05c
 2003735:	 31 63 62 66 65 31 37 33         1cbfe173
 200373d:	 66 66 35 35 62 38 39 62         ff55b89b
 2003745:	 36 66 62 63 36 62 32 36         6fbc6b26
 200374d:	 63 39 61 61 61 32 38 37         c9aaa287
 2003755:	 38 34 65 32 64 32 33 39         84e2d239
 200375d:	 33 33 64 37 38 37 31 63         33d7871c
 2003765:	 38 36 38 63 63 62 39 36         868ccb96
 200376d:	 32 36 65 61 37 0d 0a 66         26ea7..f
 2003775:	 6c 61 73 68 20 00 64 69         lash .di
 200377d:	 73 70 6c 61 79 5f 66 72         splay_fr
 2003785:	 61 6d 65 73 20 00 0d 0a         ames ...
 200378d:	 64 69 73 70 6c 61 79 5f         display_
 2003795:	 74 69 63 6b 73 20 00 75         ticks .u
 200379d:	 62 6f 6f 74 00 45 52 52         boot.ERR
 20037a5:	 4f 52 3a 20 75 73 65 20         OR: use 
 20037ad:	 70 72 6f 62 65 2c 20 69         probe, i
 20037b5:	 6e 66 6f 2c 20 6f 72 20         nfo, or 
 20037bd:	 75 62 6f 6f 74 0d 0a 00         uboot...
 20037c5:	 46 4d 31 50 52 4f 42 45         FM1PROBE
 20037cd:	 20 31 20 30 35 63 31 63          1 05c1c
 20037d5:	 62 66 65 31 37 33 66 66         bfe173ff
 20037dd:	 35 35 62 38 39 62 36 66         55b89b6f
 20037e5:	 62 63 36 62 32 36 63 39         bc6b26c9
 20037ed:	 61 61 61 32 38 37 38 34         aaa28784
 20037f5:	 65 32 64 32 33 39 33 33         e2d23933
 20037fd:	 64 37 38 37 31 63 38 36         d7871c86
 2003805:	 38 63 63 62 39 36 32 36         8ccb9626
 200380d:	 65 61 37 0d 0a 00 57 20         ea7...W 
 2003815:	 00 46 4d 31 50 52 4f 42         .FM1PROB
 200381d:	 45 20 45 4e 44 0d 0a 00         E END...
 2003825:	 30 31 32 33 34 35 36 37         01234567
 200382d:	 38 39 41 42 43 44 45 46         89ABCDEF
 2003835:	 00 4b 45 59 20 00 20 64         .KEY . d
 200383d:	 6f 77 6e 0d 0a 00 20 75         own... u
 2003845:	 70 0d 0a 00                     p...


fm1_input_init.LEDP:
 2003849:	 07 06 07 09 00 09 00 0a         ........


ota_stage_head.NAME:
 2003851:	 4c 4f 41 44 45 52 2e 42         LOADER.B
 2003859:	 49 4e 00 00 00 00 00 00         IN......
 2003861:	 00 00 00                        ...

Disassembly of section .ram_text:
fl_jedec_ram:
 1c00000:    78 04             	[--sp] = {rets, r8-r4}
 1c00002:    e2 9e             	sp += -8
 1c00004:    c0 ff 08 e0 ee 01 	r0 = 32432136 <bootguard+0x271FC8 : 1eee008 >
 1c0000a:    01 60             	r1 = [r0+0] 
 1c0000c:    51 e8 fd 71       	if ((r1 & 16384) == 0) goto -6 <fl_jedec_ram+0xA : 1c0000a >
 1c00010:    c1 ff 00 02 04 00 	r1 = 262656 <row+0x401FC : 40200 >
 1c00016:    60 f0 8e 3b       	r3 = 0x11C00  #
 1c0001a:    12 60             		 r2 = [r1+0] 
 1c0001c:    a0 a8             	r0 = r2 >> 8
 1c0001e:    60 f1 0e 00       	r0 = r0 & 0xE  #
 1c00022:    34 60             		 r4 = [r3+0] 
 1c00024:    45 e1 01 00       	r5 = r0 | 0x1
 1c00028:    40 20             	r0 = 0
 1c0002a:    05 f8 8d 0e       	if (r5 == 7) goto 282 <fl_jedec_ram+0x148 : 1c00148 >
 1c0002e:    20 00             	csync
 1c00030:    10 60             	r0 = [r1+0] 
 1c00032:    80 fd fd 01       	ifs (r0 < 0) goto -6 <fl_jedec_ram+0x30 : 1c00030 >
 1c00036:    45 20             	r5 = 0
 1c00038:    95 60             	[r1+0] = r5
 1c0003a:    c8 ff 1c 10 05 00 	r8 = 331804 <row+0x51018 : 5101c >
 1c00040:    c0 ef 20 80       	[r8+0] &= 0xFFFFFFDF
 1c00044:    45 f0 29 10       	r5 = 4137  # <row+0x1024 : 1028 >
 1c00048:    b5 60             		 [r3+0] = r5
 1c0004a:    b5 60             	[r3+0] = r5
 1c0004c:    20 00             	csync
 1c0004e:    35 e1 a4 80       	r5 = r8 + -3932
 1c00052:    c2 ef 01 50       	[r5+8] &= 0xFFFFFFFE
 1c00056:    c0 ef 01 50       	[r5+0] &= 0xFFFFFFFE
 1c0005a:    46 2a             	r6 = 10
 1c0005c:    86 20             	[sp] = r6
 1c0005e:    06 20             	r6 = [sp]
 1c00060:    37 e1 ff 6f       	r7 = r6 + -1
 1c00064:    87 20             	[sp] = r7
 1c00066:    f6 5b             	if (r6 != 0) goto -10 <fl_jedec_ram+0x5E : 1c0005e >
 1c00068:    00 ef 08 30       	[r3+0] |= 0x8
 1c0006c:    c0 ef 80 3d       	[r3+0] &= 0xFFFFEFFF
 1c00070:    42 ea 9f 30       	[r3+8] = 0x9F
 1c00074:    20 00             	csync
 1c00076:    c6 ff 80 0f 05 fd 	r6 = 4244967296 <_data_load+0xFB04CBD4 : fd050f80 >
 1c0007c:    37 60             	r7 = [r3+0] 
 1c0007e:    ff 17             	r7 = r7.l (s)
 1c00080:    87 fd 02 00       	ifs (r7 < 0) goto 4 <fl_jedec_ram+0x88 : 1c00088 >
 1c00084:    c6 21             	r6 += 1
 1c00086:    f6 5a             	if (r6 != 0) goto -12 <fl_jedec_ram+0x7C : 1c0007c >
 1c00088:    00 ef 80 3c       	[r3+0] |= 0x4000
 1c0008c:    c0 ef 08 30       	[r3+0] &= 0xFFFFFFF7
 1c00090:    00 ef 08 30       	[r3+0] |= 0x8
 1c00094:    00 ef 80 3d       	[r3+0] |= 0x1000
 1c00098:    42 ea ff 30       	[r3+8] = 0xFF
 1c0009c:    20 00             	csync
 1c0009e:    c6 ff 80 0f 05 fd 	r6 = 4244967296 <_data_load+0xFB04CBD4 : fd050f80 >
 1c000a4:    37 60             	r7 = [r3+0] 
 1c000a6:    ff 17             	r7 = r7.l (s)
 1c000a8:    87 fd 02 00       	ifs (r7 < 0) goto 4 <fl_jedec_ram+0xB0 : 1c000b0 >
 1c000ac:    c6 21             	r6 += 1
 1c000ae:    f6 5a             	if (r6 != 0) goto -12 <fl_jedec_ram+0xA4 : 1c000a4 >
 1c000b0:    00 ef 80 3c       	[r3+0] |= 0x4000
 1c000b4:    36 62             	r6 = [r3+8] 
 1c000b6:    c0 ef 08 30       	[r3+0] &= 0xFFFFFFF7
 1c000ba:    00 ef 08 30       	[r3+0] |= 0x8
 1c000be:    00 ef 80 3d       	[r3+0] |= 0x1000
 1c000c2:    42 ea ff 30       	[r3+8] = 0xFF
 1c000c6:    20 00             	csync
 1c000c8:    66 b0             	r6 = r6 << 16
 1c000ca:    66 e1 7f 68       	r6 = r6 & 0xFF0000
 1c000ce:    c7 ff 80 0f 05 fd 	r7 = 4244967296 <_data_load+0xFB04CBD4 : fd050f80 >
 1c000d4:    30 60             	r0 = [r3+0] 
 1c000d6:    88 17             	r0 = r0.l (s)
 1c000d8:    80 fd 02 00       	ifs (r0 < 0) goto 4 <fl_jedec_ram+0xE0 : 1c000e0 >
 1c000dc:    c7 21             	r7 += 1
 1c000de:    f7 5a             	if (r7 != 0) goto -12 <fl_jedec_ram+0xD4 : 1c000d4 >
 1c000e0:    00 ef 80 3c       	[r3+0] |= 0x4000
 1c000e4:    30 62             	r0 = [r3+8] 
 1c000e6:    c0 ef 08 30       	[r3+0] &= 0xFFFFFFF7
 1c000ea:    00 ef 08 30       	[r3+0] |= 0x8
 1c000ee:    00 ef 80 3d       	[r3+0] |= 0x1000
 1c000f2:    42 ea ff 30       	[r3+8] = 0xFF
 1c000f6:    00 a8             	r0 = r0 << 8
 1c000f8:    20 00             	csync
 1c000fa:    80 17             	r0 = r0.l (u)
 1c000fc:    06 19             	r6 |= r0
 1c000fe:    c7 ff 80 0f 05 fd 	r7 = 4244967296 <_data_load+0xFB04CBD4 : fd050f80 >
 1c00104:    30 60             	r0 = [r3+0] 
 1c00106:    88 17             	r0 = r0.l (s)
 1c00108:    80 fd 02 00       	ifs (r0 < 0) goto 4 <fl_jedec_ram+0x110 : 1c00110 >
 1c0010c:    c7 21             	r7 += 1
 1c0010e:    f7 5a             	if (r7 != 0) goto -12 <fl_jedec_ram+0x104 : 1c00104 >
 1c00110:    00 ef 80 3c       	[r3+0] |= 0x4000
 1c00114:    30 62             	r0 = [r3+8] 
 1c00116:    c0 ef 08 30       	[r3+0] &= 0xFFFFFFF7
 1c0011a:    c2 ef 01 50       	[r5+8] &= 0xFFFFFFFE
 1c0011e:    00 ef 01 50       	[r5+0] |= 0x1
 1c00122:    45 2a             	r5 = 10
 1c00124:    05 d7             	r5 = r0.b0 (u)  #
 1c00126:    85 21             		 [sp+4] = r5
 1c00128:    00 21             	r0 = [sp+4]
 1c0012a:    37 e1 ff 0f       	r7 = r0 + -1
 1c0012e:    87 21             	[sp+4] = r7
 1c00130:    f0 5b             	if (r0 != 0) goto -10 <fl_jedec_ram+0x128 : 1c00128 >
 1c00132:    b4 60             	[r3+0] = r4
 1c00134:    00 ef 20 80       	[r8+0] |= 0x20
 1c00138:    20 00             	csync
 1c0013a:    90 e1 60 05       	r0 = r6 | r5
 1c0013e:    13 60             	r3 = [r1+0] 
 1c00140:    83 fd fd 01       	ifs (r3 < 0) goto -6 <fl_jedec_ram+0x13E : 1c0013e >
 1c00144:    92 60             	[r1+0] = r2
 1c00146:    20 00             	csync
 1c00148:    02 82             	sp += 8
 1c0014a:    58 04             	{pc, r8-r4} = [sp++]


fl_status_ram:
 1c0014c:    78 04             	[--sp] = {rets, r8-r4}
 1c0014e:    e2 9c             	sp += -16
 1c00150:    c0 ff 08 e0 ee 01 	r0 = 32432136 <bootguard+0x271FC8 : 1eee008 >
 1c00156:    01 60             	r1 = [r0+0] 
 1c00158:    51 e8 fd 71       	if ((r1 & 16384) == 0) goto -6 <fl_status_ram+0xA : 1c00156 >
 1c0015c:    c1 ff 00 02 04 00 	r1 = 262656 <row+0x401FC : 40200 >
 1c00162:    60 f0 8e 3b       	r3 = 0x11C00  #
 1c00166:    12 60             		 r2 = [r1+0] 
 1c00168:    a0 a8             	r0 = r2 >> 8
 1c0016a:    60 f1 0e 00       	r0 = r0 & 0xE  #
 1c0016e:    34 60             		 r4 = [r3+0] 
 1c00170:    45 e1 01 00       	r5 = r0 | 0x1
 1c00174:    10 3f             	r0 = -1
 1c00176:    05 f8 9d 0e       	if (r5 == 7) goto 314 <fl_status_ram+0x168 : 1c002b4 >
 1c0017a:    20 00             	csync
 1c0017c:    10 60             	r0 = [r1+0] 
 1c0017e:    80 fd fd 01       	ifs (r0 < 0) goto -6 <fl_status_ram+0x30 : 1c0017c >
 1c00182:    45 20             	r5 = 0
 1c00184:    95 60             	[r1+0] = r5
 1c00186:    c8 ff 1c 10 05 00 	r8 = 331804 <row+0x51018 : 5101c >
 1c0018c:    c0 ef 20 80       	[r8+0] &= 0xFFFFFFDF
 1c00190:    45 f0 29 10       	r5 = 4137  # <row+0x1024 : 1028 >
 1c00194:    b5 60             		 [r3+0] = r5
 1c00196:    b5 60             	[r3+0] = r5
 1c00198:    20 00             	csync
 1c0019a:    35 e1 a4 80       	r5 = r8 + -3932
 1c0019e:    c2 ef 01 50       	[r5+8] &= 0xFFFFFFFE
 1c001a2:    c0 ef 01 50       	[r5+0] &= 0xFFFFFFFE
 1c001a6:    46 2a             	r6 = 10
 1c001a8:    86 20             	[sp] = r6
 1c001aa:    06 20             	r6 = [sp]
 1c001ac:    37 e1 ff 6f       	r7 = r6 + -1
 1c001b0:    87 20             	[sp] = r7
 1c001b2:    f6 5b             	if (r6 != 0) goto -10 <fl_status_ram+0x5E : 1c001aa >
 1c001b4:    00 ef 08 30       	[r3+0] |= 0x8
 1c001b8:    c0 ef 80 3d       	[r3+0] &= 0xFFFFEFFF
 1c001bc:    42 ea 05 30       	[r3+8] = 0x5
 1c001c0:    20 00             	csync
 1c001c2:    c6 ff 80 0f 05 fd 	r6 = 4244967296 <_data_load+0xFB04CBD4 : fd050f80 >
 1c001c8:    37 60             	r7 = [r3+0] 
 1c001ca:    ff 17             	r7 = r7.l (s)
 1c001cc:    87 fd 02 00       	ifs (r7 < 0) goto 4 <fl_status_ram+0x88 : 1c001d4 >
 1c001d0:    c6 21             	r6 += 1
 1c001d2:    f6 5a             	if (r6 != 0) goto -12 <fl_status_ram+0x7C : 1c001c8 >
 1c001d4:    00 ef 80 3c       	[r3+0] |= 0x4000
 1c001d8:    c0 ef 08 30       	[r3+0] &= 0xFFFFFFF7
 1c001dc:    00 ef 08 30       	[r3+0] |= 0x8
 1c001e0:    00 ef 80 3d       	[r3+0] |= 0x1000
 1c001e4:    42 ea ff 30       	[r3+8] = 0xFF
 1c001e8:    20 00             	csync
 1c001ea:    c6 ff 80 0f 05 fd 	r6 = 4244967296 <_data_load+0xFB04CBD4 : fd050f80 >
 1c001f0:    37 60             	r7 = [r3+0] 
 1c001f2:    ff 17             	r7 = r7.l (s)
 1c001f4:    87 fd 02 00       	ifs (r7 < 0) goto 4 <fl_status_ram+0xB0 : 1c001fc >
 1c001f8:    c6 21             	r6 += 1
 1c001fa:    f6 5a             	if (r6 != 0) goto -12 <fl_status_ram+0xA4 : 1c001f0 >
 1c001fc:    00 ef 80 3c       	[r3+0] |= 0x4000
 1c00200:    36 62             	r6 = [r3+8] 
 1c00202:    c0 ef 08 30       	[r3+0] &= 0xFFFFFFF7
 1c00206:    c2 ef 01 50       	[r5+8] &= 0xFFFFFFFE
 1c0020a:    00 ef 01 50       	[r5+0] |= 0x1
 1c0020e:    47 2a             	r7 = 10
 1c00210:    87 21             	[sp+4] = r7
 1c00212:    07 21             	r7 = [sp+4]
 1c00214:    30 e1 ff 7f       	r0 = r7 + -1
 1c00218:    80 21             	[sp+4] = r0
 1c0021a:    f7 5b             	if (r7 != 0) goto -10 <fl_status_ram+0xC6 : 1c00212 >
 1c0021c:    c2 ef 01 50       	[r5+8] &= 0xFFFFFFFE
 1c00220:    c0 ef 01 50       	[r5+0] &= 0xFFFFFFFE
 1c00224:    40 2a             	r0 = 10
 1c00226:    80 22             	[sp+8] = r0
 1c00228:    00 22             	r0 = [sp+8]
 1c0022a:    37 e1 ff 0f       	r7 = r0 + -1
 1c0022e:    87 22             	[sp+8] = r7
 1c00230:    f0 5b             	if (r0 != 0) goto -10 <fl_status_ram+0xDC : 1c00228 >
 1c00232:    00 ef 08 30       	[r3+0] |= 0x8
 1c00236:    c0 ef 80 3d       	[r3+0] &= 0xFFFFEFFF
 1c0023a:    42 ea 35 30       	[r3+8] = 0x35
 1c0023e:    20 00             	csync
 1c00240:    66 17             	r6 = r6.b0 (u)
 1c00242:    c7 ff 80 0f 05 fd 	r7 = 4244967296 <_data_load+0xFB04CBD4 : fd050f80 >
 1c00248:    30 60             	r0 = [r3+0] 
 1c0024a:    88 17             	r0 = r0.l (s)
 1c0024c:    80 fd 02 00       	ifs (r0 < 0) goto 4 <fl_status_ram+0x108 : 1c00254 >
 1c00250:    c7 21             	r7 += 1
 1c00252:    f7 5a             	if (r7 != 0) goto -12 <fl_status_ram+0xFC : 1c00248 >
 1c00254:    00 ef 80 3c       	[r3+0] |= 0x4000
 1c00258:    c0 ef 08 30       	[r3+0] &= 0xFFFFFFF7
 1c0025c:    00 ef 08 30       	[r3+0] |= 0x8
 1c00260:    00 ef 80 3d       	[r3+0] |= 0x1000
 1c00264:    42 ea ff 30       	[r3+8] = 0xFF
 1c00268:    20 00             	csync
 1c0026a:    c7 ff 80 0f 05 fd 	r7 = 4244967296 <_data_load+0xFB04CBD4 : fd050f80 >
 1c00270:    30 60             	r0 = [r3+0] 
 1c00272:    88 17             	r0 = r0.l (s)
 1c00274:    80 fd 02 00       	ifs (r0 < 0) goto 4 <fl_status_ram+0x130 : 1c0027c >
 1c00278:    c7 21             	r7 += 1
 1c0027a:    f7 5a             	if (r7 != 0) goto -12 <fl_status_ram+0x124 : 1c00270 >
 1c0027c:    00 ef 80 3c       	[r3+0] |= 0x4000
 1c00280:    37 62             	r7 = [r3+8] 
 1c00282:    c0 ef 08 30       	[r3+0] &= 0xFFFFFFF7
 1c00286:    c2 ef 01 50       	[r5+8] &= 0xFFFFFFFE
 1c0028a:    00 ef 01 50       	[r5+0] |= 0x1
 1c0028e:    40 2a             	r0 = 10
 1c00290:    80 23             	[sp+12] = r0
 1c00292:    00 23             	r0 = [sp+12]
 1c00294:    35 e1 ff 0f       	r5 = r0 + -1
 1c00298:    85 23             	[sp+12] = r5
 1c0029a:    f0 5b             	if (r0 != 0) goto -10 <fl_status_ram+0x146 : 1c00292 >
 1c0029c:    b4 60             	[r3+0] = r4
 1c0029e:    00 ef 20 80       	[r8+0] |= 0x20
 1c002a2:    20 00             	csync
 1c002a4:    70 a8             	r0 = r7 << 8
 1c002a6:    80 17             	r0 = r0.l (u)
 1c002a8:    13 60             	r3 = [r1+0] 
 1c002aa:    83 fd fd 01       	ifs (r3 < 0) goto -6 <fl_status_ram+0x15C : 1c002a8 >
 1c002ae:    92 60             	[r1+0] = r2
 1c002b0:    20 00             	csync
 1c002b2:    60 19             	r0 |= r6
 1c002b4:    02 84             	sp += 16
 1c002b6:    58 04             	{pc, r8-r4} = [sp++]


fl_erase4k_ram:
 1c002b8:    7f 04             	[--sp] = {rets, r15-r4}
 1c002ba:    e2 98             	sp += -32
 1c002bc:    f2 e0 17 0a       	r2 = r0 - 0x97000
 1c002c0:    28 ff 92 2a 05 00 	if (r2 > 299008) goto 10 <fl_erase4k_ram+0x18 : 1c002d0 >
 1c002c6:    a2 e0 60 0a       	r2 = 0xE0000 - r0
 1c002ca:    08 ff ff 2f 0a 00 	if (r2 > 4095) goto 20 <fl_erase4k_ram+0x2C : 1c002e4 >
 1c002d0:    f2 e0 7c 0a       	r2 = r0 - 0xFC000
 1c002d4:    28 ff 40 2d 0b 00 	if (r2 > 12288) goto 22 <fl_erase4k_ram+0x38 : 1c002f0 >
 1c002da:    a2 e0 7f 0a       	r2 = 0xFF000 - r0
 1c002de:    09 ff ff 2f 06 00 	if (r2 <= 4095) goto 12 <fl_erase4k_ram+0x38 : 1c002f0 >
 1c002e4:    43 e0 ff 0f       	r3 = 4095 <row+0xFFA : ffe >
 1c002e8:    12 3f             	r2 = -1
 1c002ea:    30 fb 8a 01       	if ((r0 & r3) != 0) goto 788 <fl_erase4k_ram+0x34A : 1c00602 >
 1c002ee:    04 8f             	goto 30 <fl_erase4k_ram+0x56 : 1c0030e >
 1c002f0:    43 e0 ff 0f       	r3 = 4095 <row+0xFFA : ffe >
 1c002f4:    12 3f             	r2 = -1
 1c002f6:    30 fb 84 01       	if ((r0 & r3) != 0) goto 776 <fl_erase4k_ram+0x34A : 1c00602 >
 1c002fa:    f3 e0 60 0a       	r3 = r0 - 0xE0000
 1c002fe:    28 ff a0 3c 7f 01 	if (r3 > 20480) goto 766 <fl_erase4k_ram+0x34A : 1c00602 >
 1c00304:    a3 e0 65 0a       	r3 = 0xE5000 - r0
 1c00308:    09 ff ff 3f 7a 01 	if (r3 <= 4095) goto 756 <fl_erase4k_ram+0x34A : 1c00602 >
 1c0030e:    c6 ff 08 e0 ee 01 	r6 = 32432136 <bootguard+0x271FC8 : 1eee008 >
 1c00314:    62 60             	r2 = [r6+0] 
 1c00316:    52 e8 fd 71       	if ((r2 & 16384) == 0) goto -6 <fl_erase4k_ram+0x5C : 1c00314 >
 1c0031a:    ce ff 00 02 04 00 	r14 = 262656 <row+0x401FC : 40200 >
 1c00320:    d0 ec e0 a0       	r10 = [r14+0]
 1c00324:    60 e0 8e 5b       	r5 = 0x11C00
 1c00328:    d0 ec 50 90       	r9 = [r5+0]
 1c0032c:    c0 e1 a8 28       	r2 = r10 >> 8
 1c00330:    62 e1 0e 20       	r2 = r2 & 0xE
 1c00334:    44 e1 01 20       	r4 = r2 | 0x1
 1c00338:    12 3e             	r2 = -2
 1c0033a:    00 ff 07 40 61 01 	if (r4 == 7) goto 706 <fl_erase4k_ram+0x34A : 1c00602 >
 1c00340:    20 00             	csync
 1c00342:    d0 ec e0 20       	r2 = [r14+0]
 1c00346:    82 fd fc 01       	ifs (r2 < 0) goto -8 <fl_erase4k_ram+0x8A : 1c00342 >
 1c0034a:    42 20             	r2 = 0
 1c0034c:    d0 ec e1 20       	[r14+0] = r2
 1c00350:    c8 ff 1c 10 05 00 	r8 = 331804 <row+0x51018 : 5101c >
 1c00356:    c0 ef 20 80       	[r8+0] &= 0xFFFFFFDF
 1c0035a:    42 f0 29 10       	r2 = 4137  # <row+0x1024 : 1028 >
 1c0035e:    d2 60             		 [r5+0] = r2
 1c00360:    d2 60             	[r5+0] = r2
 1c00362:    20 00             	csync
 1c00364:    3d e1 a4 80       	r13 = r8 + -3932
 1c00368:    c2 ef 01 d0       	[r13+8] &= 0xFFFFFFFE
 1c0036c:    c0 ef 01 d0       	[r13+0] &= 0xFFFFFFFE
 1c00370:    42 2a             	r2 = 10
 1c00372:    82 20             	[sp] = r2
 1c00374:    02 20             	r2 = [sp]
 1c00376:    34 e1 ff 2f       	r4 = r2 + -1
 1c0037a:    84 20             	[sp] = r4
 1c0037c:    f2 5b             	if (r2 != 0) goto -10 <fl_erase4k_ram+0xBC : 1c00374 >
 1c0037e:    00 ef 08 50       	[r5+0] |= 0x8
 1c00382:    c0 ef 80 5d       	[r5+0] &= 0xFFFFEFFF
 1c00386:    42 ea 06 50       	[r5+8] = 0x6
 1c0038a:    20 00             	csync
 1c0038c:    c2 ff 80 0f 05 fd 	r2 = 4244967296 <_data_load+0xFB04CBD4 : fd050f80 >
 1c00392:    54 60             	r4 = [r5+0] 
 1c00394:    cc 17             	r4 = r4.l (s)
 1c00396:    84 fd 02 00       	ifs (r4 < 0) goto 4 <fl_erase4k_ram+0xE6 : 1c0039e >
 1c0039a:    c2 21             	r2 += 1
 1c0039c:    f2 5a             	if (r2 != 0) goto -12 <fl_erase4k_ram+0xDA : 1c00392 >
 1c0039e:    00 ef 80 5c       	[r5+0] |= 0x4000
 1c003a2:    c0 ef 08 50       	[r5+0] &= 0xFFFFFFF7
 1c003a6:    c2 ef 01 d0       	[r13+8] &= 0xFFFFFFFE
 1c003aa:    00 ef 01 d0       	[r13+0] |= 0x1
 1c003ae:    42 2a             	r2 = 10
 1c003b0:    82 21             	[sp+4] = r2
 1c003b2:    02 21             	r2 = [sp+4]
 1c003b4:    34 e1 ff 2f       	r4 = r2 + -1
 1c003b8:    84 21             	[sp+4] = r4
 1c003ba:    f2 5b             	if (r2 != 0) goto -10 <fl_erase4k_ram+0xFA : 1c003b2 >
 1c003bc:    c2 ef 01 d0       	[r13+8] &= 0xFFFFFFFE
 1c003c0:    c0 ef 01 d0       	[r13+0] &= 0xFFFFFFFE
 1c003c4:    42 2a             	r2 = 10
 1c003c6:    82 22             	[sp+8] = r2
 1c003c8:    02 22             	r2 = [sp+8]
 1c003ca:    34 e1 ff 2f       	r4 = r2 + -1
 1c003ce:    84 22             	[sp+8] = r4
 1c003d0:    f2 5b             	if (r2 != 0) goto -10 <fl_erase4k_ram+0x110 : 1c003c8 >
 1c003d2:    00 ef 08 50       	[r5+0] |= 0x8
 1c003d6:    c0 ef 80 5d       	[r5+0] &= 0xFFFFEFFF
 1c003da:    42 ea 05 50       	[r5+8] = 0x5
 1c003de:    20 00             	csync
 1c003e0:    c2 ff 80 0f 05 fd 	r2 = 4244967296 <_data_load+0xFB04CBD4 : fd050f80 >
 1c003e6:    54 60             	r4 = [r5+0] 
 1c003e8:    cc 17             	r4 = r4.l (s)
 1c003ea:    84 fd 02 00       	ifs (r4 < 0) goto 4 <fl_erase4k_ram+0x13A : 1c003f2 >
 1c003ee:    c2 21             	r2 += 1
 1c003f0:    f2 5a             	if (r2 != 0) goto -12 <fl_erase4k_ram+0x12E : 1c003e6 >
 1c003f2:    00 ef 80 5c       	[r5+0] |= 0x4000
 1c003f6:    c0 ef 08 50       	[r5+0] &= 0xFFFFFFF7
 1c003fa:    00 ef 08 50       	[r5+0] |= 0x8
 1c003fe:    00 ef 80 5d       	[r5+0] |= 0x1000
 1c00402:    42 ea ff 50       	[r5+8] = 0xFF
 1c00406:    20 00             	csync
 1c00408:    c2 ff 80 0f 05 fd 	r2 = 4244967296 <_data_load+0xFB04CBD4 : fd050f80 >
 1c0040e:    54 60             	r4 = [r5+0] 
 1c00410:    cc 17             	r4 = r4.l (s)
 1c00412:    84 fd 02 00       	ifs (r4 < 0) goto 4 <fl_erase4k_ram+0x162 : 1c0041a >
 1c00416:    c2 21             	r2 += 1
 1c00418:    f2 5a             	if (r2 != 0) goto -12 <fl_erase4k_ram+0x156 : 1c0040e >
 1c0041a:    00 ef 80 5c       	[r5+0] |= 0x4000
 1c0041e:    54 62             	r4 = [r5+8] 
 1c00420:    c0 ef 08 50       	[r5+0] &= 0xFFFFFFF7
 1c00424:    c2 ef 01 d0       	[r13+8] &= 0xFFFFFFFE
 1c00428:    00 ef 01 d0       	[r13+0] |= 0x1
 1c0042c:    42 2a             	r2 = 10
 1c0042e:    82 23             	[sp+12] = r2
 1c00430:    02 23             	r2 = [sp+12]
 1c00432:    37 e1 ff 2f       	r7 = r2 + -1
 1c00436:    87 23             	[sp+12] = r7
 1c00438:    f2 5b             	if (r2 != 0) goto -10 <fl_erase4k_ram+0x178 : 1c00430 >
 1c0043a:    12 3d             	r2 = -3
 1c0043c:    54 e8 d5 08       	if ((r4 & 2) == 0) goto 426 <fl_erase4k_ram+0x332 : 1c005ea >
 1c00440:    c2 ef 01 d0       	[r13+8] &= 0xFFFFFFFE
 1c00444:    c0 ef 01 d0       	[r13+0] &= 0xFFFFFFFE
 1c00448:    42 2a             	r2 = 10
 1c0044a:    82 24             	[sp+16] = r2
 1c0044c:    02 24             	r2 = [sp+16]
 1c0044e:    34 e1 ff 2f       	r4 = r2 + -1
 1c00452:    84 24             	[sp+16] = r4
 1c00454:    f2 5b             	if (r2 != 0) goto -10 <fl_erase4k_ram+0x194 : 1c0044c >
 1c00456:    00 ef 08 50       	[r5+0] |= 0x8
 1c0045a:    c0 ef 80 5d       	[r5+0] &= 0xFFFFEFFF
 1c0045e:    42 ea 20 50       	[r5+8] = 0x20
 1c00462:    20 00             	csync
 1c00464:    c2 ff 80 0f 05 fd 	r2 = 4244967296 <_data_load+0xFB04CBD4 : fd050f80 >
 1c0046a:    54 60             	r4 = [r5+0] 
 1c0046c:    cc 17             	r4 = r4.l (s)
 1c0046e:    84 fd 02 00       	ifs (r4 < 0) goto 4 <fl_erase4k_ram+0x1BE : 1c00476 >
 1c00472:    c2 21             	r2 += 1
 1c00474:    f2 5a             	if (r2 != 0) goto -12 <fl_erase4k_ram+0x1B2 : 1c0046a >
 1c00476:    00 ef 80 5c       	[r5+0] |= 0x4000
 1c0047a:    c0 ef 08 50       	[r5+0] &= 0xFFFFFFF7
 1c0047e:    00 ef 08 50       	[r5+0] |= 0x8
 1c00482:    c0 ef 80 5d       	[r5+0] &= 0xFFFFEFFF
 1c00486:    b2 e1 20 08       	r2 = uextra(r0, p:16, l:8)
 1c0048a:    d2 62             	[r5+8] = r2
 1c0048c:    20 00             	csync
 1c0048e:    c2 ff 80 0f 05 fd 	r2 = 4244967296 <_data_load+0xFB04CBD4 : fd050f80 >
 1c00494:    54 60             	r4 = [r5+0] 
 1c00496:    cc 17             	r4 = r4.l (s)
 1c00498:    84 fd 02 00       	ifs (r4 < 0) goto 4 <fl_erase4k_ram+0x1E8 : 1c004a0 >
 1c0049c:    c2 21             	r2 += 1
 1c0049e:    f2 5a             	if (r2 != 0) goto -12 <fl_erase4k_ram+0x1DC : 1c00494 >
 1c004a0:    00 ef 80 5c       	[r5+0] |= 0x4000
 1c004a4:    c0 ef 08 50       	[r5+0] &= 0xFFFFFFF7
 1c004a8:    00 ef 08 50       	[r5+0] |= 0x8
 1c004ac:    c0 ef 80 5d       	[r5+0] &= 0xFFFFEFFF
 1c004b0:    b2 e1 20 04       	r2 = uextra(r0, p:8, l:8)
 1c004b4:    d2 62             	[r5+8] = r2
 1c004b6:    20 00             	csync
 1c004b8:    c2 ff 80 0f 05 fd 	r2 = 4244967296 <_data_load+0xFB04CBD4 : fd050f80 >
 1c004be:    54 60             	r4 = [r5+0] 
 1c004c0:    cc 17             	r4 = r4.l (s)
 1c004c2:    84 fd 02 00       	ifs (r4 < 0) goto 4 <fl_erase4k_ram+0x212 : 1c004ca >
 1c004c6:    c2 21             	r2 += 1
 1c004c8:    f2 5a             	if (r2 != 0) goto -12 <fl_erase4k_ram+0x206 : 1c004be >
 1c004ca:    00 ef 80 5c       	[r5+0] |= 0x4000
 1c004ce:    c0 ef 08 50       	[r5+0] &= 0xFFFFFFF7
 1c004d2:    00 ef 08 50       	[r5+0] |= 0x8
 1c004d6:    c0 ef 80 5d       	[r5+0] &= 0xFFFFEFFF
 1c004da:    02 17             	r2 = r0.b0 (u)
 1c004dc:    d2 62             	[r5+8] = r2
 1c004de:    20 00             	csync
 1c004e0:    c2 ff 80 0f 05 fd 	r2 = 4244967296 <_data_load+0xFB04CBD4 : fd050f80 >
 1c004e6:    54 60             	r4 = [r5+0] 
 1c004e8:    cc 17             	r4 = r4.l (s)
 1c004ea:    84 fd 02 00       	ifs (r4 < 0) goto 4 <fl_erase4k_ram+0x23A : 1c004f2 >
 1c004ee:    c2 21             	r2 += 1
 1c004f0:    f2 5a             	if (r2 != 0) goto -12 <fl_erase4k_ram+0x22E : 1c004e6 >
 1c004f2:    00 ef 80 5c       	[r5+0] |= 0x4000
 1c004f6:    c0 ef 08 50       	[r5+0] &= 0xFFFFFFF7
 1c004fa:    c2 ef 01 d0       	[r13+8] &= 0xFFFFFFFE
 1c004fe:    00 ef 01 d0       	[r13+0] |= 0x1
 1c00502:    42 2a             	r2 = 10
 1c00504:    82 25             	[sp+20] = r2
 1c00506:    02 25             	r2 = [sp+20]
 1c00508:    34 e1 ff 2f       	r4 = r2 + -1
 1c0050c:    84 25             	[sp+20] = r4
 1c0050e:    f2 5b             	if (r2 != 0) goto -10 <fl_erase4k_ram+0x24E : 1c00506 >
 1c00510:    c2 ff 00 c0 ff 01 	r2 = 33538048 <bootguard+0x37FFC0 : 1ffc000 >
 1c00516:    02 18             	r2 += r0
 1c00518:    64 60             	r4 = [r6+0] 
 1c0051a:    54 e8 fd 71       	if ((r4 & 16384) == 0) goto -6 <fl_erase4k_ram+0x260 : 1c00518 >
 1c0051e:    c4 ff 00 d0 ff 01 	r4 = 33542144 <bootguard+0x380FC0 : 1ffd000 >
 1c00524:    40 18             	r0 += r4
 1c00526:    72 e1 1f 20       	r2 = r2 & 0xFFFFFFE0
 1c0052a:    00 e9 09 20       	if (r2 >= r0) goto 18 <fl_erase4k_ram+0x288 : 1c00540 >
 1c0052e:    20 00             	csync
 1c00530:    32 02             	flushinv [r2]
 1c00532:    20 00             	csync
 1c00534:    64 60             	r4 = [r6+0] 
 1c00536:    54 e8 fd 71       	if ((r4 & 16384) == 0) goto -6 <fl_erase4k_ram+0x27C : 1c00534 >
 1c0053a:    ca 20             	r2 += 32
 1c0053c:    80 e9 f7 21       	if (r2 < r0) goto -18 <fl_erase4k_ram+0x276 : 1c0052e >
 1c00540:    2c e1 04 5c       	r12 = r5 + -5116
 1c00544:    d0 ec c0 20       	r2 = [r12+0]
 1c00548:    4f e0 0a 00       	r15 = 10 <row+0x6 : a >
 1c0054c:    c4 ff 80 0f 05 fd 	r4 = 4244967296 <_data_load+0xFB04CBD4 : fd050f80 >
 1c00552:    cb ff 18 1b b7 00 	r11 = 12000024 <row+0xB71B14 : b71b18 >
 1c00558:    d0 ec c0 00       	r0 = [r12+0]
 1c0055c:    c2 ef 01 d0       	[r13+8] &= 0xFFFFFFFE
 1c00560:    c0 ef 01 d0       	[r13+0] &= 0xFFFFFFFE
 1c00564:    d4 e9 19 f0       	[sp+24] = r15
 1c00568:    07 26             	r7 = [sp+24]
 1c0056a:    33 e1 ff 7f       	r3 = r7 + -1
 1c0056e:    83 26             	[sp+24] = r3
 1c00570:    f7 5b             	if (r7 != 0) goto -10 <fl_erase4k_ram+0x2B0 : 1c00568 >
 1c00572:    00 ef 08 50       	[r5+0] |= 0x8
 1c00576:    c0 ef 80 5d       	[r5+0] &= 0xFFFFEFFF
 1c0057a:    42 ea 05 50       	[r5+8] = 0x5
 1c0057e:    20 00             	csync
 1c00580:    80 1e             	r0 = r0 - r2
 1c00582:    47 16             	r7 = r4
 1c00584:    53 60             	r3 = [r5+0] 
 1c00586:    bb 17             	r3 = r3.l (s)
 1c00588:    83 fd 02 00       	ifs (r3 < 0) goto 4 <fl_erase4k_ram+0x2D8 : 1c00590 >
 1c0058c:    c7 21             	r7 += 1
 1c0058e:    f7 5a             	if (r7 != 0) goto -12 <fl_erase4k_ram+0x2CC : 1c00584 >
 1c00590:    00 ef 80 5c       	[r5+0] |= 0x4000
 1c00594:    c0 ef 08 50       	[r5+0] &= 0xFFFFFFF7
 1c00598:    00 ef 08 50       	[r5+0] |= 0x8
 1c0059c:    00 ef 80 5d       	[r5+0] |= 0x1000
 1c005a0:    42 ea ff 50       	[r5+8] = 0xFF
 1c005a4:    20 00             	csync
 1c005a6:    47 16             	r7 = r4
 1c005a8:    53 60             	r3 = [r5+0] 
 1c005aa:    bb 17             	r3 = r3.l (s)
 1c005ac:    83 fd 02 00       	ifs (r3 < 0) goto 4 <fl_erase4k_ram+0x2FC : 1c005b4 >
 1c005b0:    c7 21             	r7 += 1
 1c005b2:    f7 5a             	if (r7 != 0) goto -12 <fl_erase4k_ram+0x2F0 : 1c005a8 >
 1c005b4:    00 ef 80 5c       	[r5+0] |= 0x4000
 1c005b8:    57 62             	r7 = [r5+8] 
 1c005ba:    c0 ef 08 50       	[r5+0] &= 0xFFFFFFF7
 1c005be:    c2 ef 01 d0       	[r13+8] &= 0xFFFFFFFE
 1c005c2:    00 ef 01 d0       	[r13+0] |= 0x1
 1c005c6:    d4 e9 1d f0       	[sp+28] = r15
 1c005ca:    03 27             	r3 = [sp+28]
 1c005cc:    36 e1 ff 3f       	r6 = r3 + -1
 1c005d0:    86 27             	[sp+28] = r6
 1c005d2:    f3 5b             	if (r3 != 0) goto -10 <fl_erase4k_ram+0x312 : 1c005ca >
 1c005d4:    57 e8 04 00       	if ((r7 & 1) == 0) goto 8 <fl_erase4k_ram+0x328 : 1c005e0 >
 1c005d8:    8b e9 be 01       	if (r0 < r11) goto -132 <fl_erase4k_ram+0x2A0 : 1c00558 >
 1c005dc:    12 3c             	r2 = -4
 1c005de:    04 81             	goto 2 <fl_erase4k_ram+0x32A : 1c005e2 >
 1c005e0:    42 20             	r2 = 0
 1c005e2:    43 38             	r3 = 24
 1c005e4:    f4 e1 00 03       	r0 = r0 / r3 (u)
 1c005e8:    90 60             	[r1+0] = r0
 1c005ea:    d0 ec 51 90       	[r5+0] = r9
 1c005ee:    00 ef 20 80       	[r8+0] |= 0x20
 1c005f2:    20 00             	csync
 1c005f4:    d0 ec e0 00       	r0 = [r14+0]
 1c005f8:    80 fd fc 01       	ifs (r0 < 0) goto -8 <fl_erase4k_ram+0x33C : 1c005f4 >
 1c005fc:    d0 ec e1 a0       	[r14+0] = r10
 1c00600:    20 00             	csync
 1c00602:    20 16             	r0 = r2
 1c00604:    02 88             	sp += 32
 1c00606:    5f 04             	{pc, r15-r4} = [sp++]


fl_prog_ram:
 1c00608:    7f 04             	[--sp] = {rets, r15-r4}
 1c0060a:    e2 98             	sp += -32
 1c0060c:    f4 e0 17 0a       	r4 = r0 - 0x97000
 1c00610:    28 ff 92 4a 04 00 	if (r4 > 299008) goto 8 <fl_prog_ram+0x16 : 1c0061e >
 1c00616:    a4 e0 60 0a       	r4 = 0xE0000 - r0
 1c0061a:    02 e9 0a 40       	if (r4 >= r2) goto 20 <fl_prog_ram+0x2A : 1c00632 >
 1c0061e:    f4 e0 7c 0a       	r4 = r0 - 0xFC000
 1c00622:    28 ff 40 4d 97 01 	if (r4 > 12288) goto 814 <fl_prog_ram+0x34E : 1c00956 >
 1c00628:    a4 e0 7f 0a       	r4 = 0xFF000 - r0
 1c0062c:    43 ff 00 42 92 01 	if (r4 < r2) goto 804 <fl_prog_ram+0x34E : 1c00956 >
 1c00632:    35 e1 ff 2f       	r5 = r2 + -1
 1c00636:    14 3f             	r4 = -1
 1c00638:    08 ff ff 50 ad 01 	if (r5 > 255) goto 858 <fl_prog_ram+0x390 : 1c00998 >
 1c0063e:    bc e1 20 00       	r12 = uextra(r0, p:0, l:8)
 1c00642:    b4 e0 c0 52       	r5 = r12 + r2
 1c00646:    08 ff 00 51 a6 01 	if (r5 > 256) goto 844 <fl_prog_ram+0x390 : 1c00998 >
 1c0064c:    cf ff 08 e0 ee 01 	r15 = 32432136 <bootguard+0x271FC8 : 1eee008 >
 1c00652:    d0 ec f0 40       	r4 = [r15+0]
 1c00656:    54 e8 fc 71       	if ((r4 & 16384) == 0) goto -8 <fl_prog_ram+0x4A : 1c00652 >
 1c0065a:    cd ff 00 02 04 00 	r13 = 262656 <row+0x401FC : 40200 >
 1c00660:    d0 ec d0 a0       	r10 = [r13+0]
 1c00664:    60 e0 8e 7b       	r7 = 0x11C00
 1c00668:    d0 ec 70 80       	r8 = [r7+0]
 1c0066c:    c0 e1 a8 48       	r4 = r10 >> 8
 1c00670:    64 e1 0e 40       	r4 = r4 & 0xE
 1c00674:    45 e1 01 40       	r5 = r4 | 0x1
 1c00678:    14 3e             	r4 = -2
 1c0067a:    00 ff 07 50 8c 01 	if (r5 == 7) goto 792 <fl_prog_ram+0x390 : 1c00998 >
 1c00680:    20 00             	csync
 1c00682:    d0 ec d0 40       	r4 = [r13+0]
 1c00686:    84 fd fc 01       	ifs (r4 < 0) goto -8 <fl_prog_ram+0x7A : 1c00682 >
 1c0068a:    44 20             	r4 = 0
 1c0068c:    d0 ec d1 40       	[r13+0] = r4
 1c00690:    c9 ff 1c 10 05 00 	r9 = 331804 <row+0x51018 : 5101c >
 1c00696:    c0 ef 20 90       	[r9+0] &= 0xFFFFFFDF
 1c0069a:    44 f0 29 10       	r4 = 4137  # <row+0x1024 : 1028 >
 1c0069e:    f4 60             		 [r7+0] = r4
 1c006a0:    f4 60             	[r7+0] = r4
 1c006a2:    20 00             	csync
 1c006a4:    3b e1 a4 90       	r11 = r9 + -3932
 1c006a8:    c2 ef 01 b0       	[r11+8] &= 0xFFFFFFFE
 1c006ac:    c0 ef 01 b0       	[r11+0] &= 0xFFFFFFFE
 1c006b0:    44 2a             	r4 = 10
 1c006b2:    84 20             	[sp] = r4
 1c006b4:    04 20             	r4 = [sp]
 1c006b6:    35 e1 ff 4f       	r5 = r4 + -1
 1c006ba:    85 20             	[sp] = r5
 1c006bc:    f4 5b             	if (r4 != 0) goto -10 <fl_prog_ram+0xAC : 1c006b4 >
 1c006be:    00 ef 08 70       	[r7+0] |= 0x8
 1c006c2:    c0 ef 80 7d       	[r7+0] &= 0xFFFFEFFF
 1c006c6:    42 ea 06 70       	[r7+8] = 0x6
 1c006ca:    20 00             	csync
 1c006cc:    c4 ff 80 0f 05 fd 	r4 = 4244967296 <_data_load+0xFB04CBD4 : fd050f80 >
 1c006d2:    75 60             	r5 = [r7+0] 
 1c006d4:    dd 17             	r5 = r5.l (s)
 1c006d6:    85 fd 02 00       	ifs (r5 < 0) goto 4 <fl_prog_ram+0xD6 : 1c006de >
 1c006da:    c4 21             	r4 += 1
 1c006dc:    f4 5a             	if (r4 != 0) goto -12 <fl_prog_ram+0xCA : 1c006d2 >
 1c006de:    00 ef 80 7c       	[r7+0] |= 0x4000
 1c006e2:    c0 ef 08 70       	[r7+0] &= 0xFFFFFFF7
 1c006e6:    c2 ef 01 b0       	[r11+8] &= 0xFFFFFFFE
 1c006ea:    00 ef 01 b0       	[r11+0] |= 0x1
 1c006ee:    44 2a             	r4 = 10
 1c006f0:    84 21             	[sp+4] = r4
 1c006f2:    04 21             	r4 = [sp+4]
 1c006f4:    35 e1 ff 4f       	r5 = r4 + -1
 1c006f8:    85 21             	[sp+4] = r5
 1c006fa:    f4 5b             	if (r4 != 0) goto -10 <fl_prog_ram+0xEA : 1c006f2 >
 1c006fc:    c2 ef 01 b0       	[r11+8] &= 0xFFFFFFFE
 1c00700:    c0 ef 01 b0       	[r11+0] &= 0xFFFFFFFE
 1c00704:    44 2a             	r4 = 10
 1c00706:    84 22             	[sp+8] = r4
 1c00708:    04 22             	r4 = [sp+8]
 1c0070a:    35 e1 ff 4f       	r5 = r4 + -1
 1c0070e:    85 22             	[sp+8] = r5
 1c00710:    f4 5b             	if (r4 != 0) goto -10 <fl_prog_ram+0x100 : 1c00708 >
 1c00712:    00 ef 08 70       	[r7+0] |= 0x8
 1c00716:    c0 ef 80 7d       	[r7+0] &= 0xFFFFEFFF
 1c0071a:    42 ea 05 70       	[r7+8] = 0x5
 1c0071e:    20 00             	csync
 1c00720:    c4 ff 80 0f 05 fd 	r4 = 4244967296 <_data_load+0xFB04CBD4 : fd050f80 >
 1c00726:    75 60             	r5 = [r7+0] 
 1c00728:    dd 17             	r5 = r5.l (s)
 1c0072a:    85 fd 02 00       	ifs (r5 < 0) goto 4 <fl_prog_ram+0x12A : 1c00732 >
 1c0072e:    c4 21             	r4 += 1
 1c00730:    f4 5a             	if (r4 != 0) goto -12 <fl_prog_ram+0x11E : 1c00726 >
 1c00732:    00 ef 80 7c       	[r7+0] |= 0x4000
 1c00736:    c0 ef 08 70       	[r7+0] &= 0xFFFFFFF7
 1c0073a:    00 ef 08 70       	[r7+0] |= 0x8
 1c0073e:    00 ef 80 7d       	[r7+0] |= 0x1000
 1c00742:    42 ea ff 70       	[r7+8] = 0xFF
 1c00746:    20 00             	csync
 1c00748:    c4 ff 80 0f 05 fd 	r4 = 4244967296 <_data_load+0xFB04CBD4 : fd050f80 >
 1c0074e:    75 60             	r5 = [r7+0] 
 1c00750:    dd 17             	r5 = r5.l (s)
 1c00752:    85 fd 02 00       	ifs (r5 < 0) goto 4 <fl_prog_ram+0x152 : 1c0075a >
 1c00756:    c4 21             	r4 += 1
 1c00758:    f4 5a             	if (r4 != 0) goto -12 <fl_prog_ram+0x146 : 1c0074e >
 1c0075a:    00 ef 80 7c       	[r7+0] |= 0x4000
 1c0075e:    d0 ec 78 e0       	r14 = [r7+8]
 1c00762:    c0 ef 08 70       	[r7+0] &= 0xFFFFFFF7
 1c00766:    c2 ef 01 b0       	[r11+8] &= 0xFFFFFFFE
 1c0076a:    00 ef 01 b0       	[r11+0] |= 0x1
 1c0076e:    44 2a             	r4 = 10
 1c00770:    84 23             	[sp+12] = r4
 1c00772:    04 23             	r4 = [sp+12]
 1c00774:    35 e1 ff 4f       	r5 = r4 + -1
 1c00778:    85 23             	[sp+12] = r5
 1c0077a:    f4 5b             	if (r4 != 0) goto -10 <fl_prog_ram+0x16A : 1c00772 >
 1c0077c:    14 3d             	r4 = -3
 1c0077e:    5e e8 ff 08       	if ((r14 & 2) == 0) goto 510 <fl_prog_ram+0x378 : 1c00980 >
 1c00782:    c2 ef 01 b0       	[r11+8] &= 0xFFFFFFFE
 1c00786:    c0 ef 01 b0       	[r11+0] &= 0xFFFFFFFE
 1c0078a:    44 2a             	r4 = 10
 1c0078c:    84 24             	[sp+16] = r4
 1c0078e:    04 24             	r4 = [sp+16]
 1c00790:    35 e1 ff 4f       	r5 = r4 + -1
 1c00794:    85 24             	[sp+16] = r5
 1c00796:    f4 5b             	if (r4 != 0) goto -10 <fl_prog_ram+0x186 : 1c0078e >
 1c00798:    00 ef 08 70       	[r7+0] |= 0x8
 1c0079c:    c0 ef 80 7d       	[r7+0] &= 0xFFFFEFFF
 1c007a0:    42 ea 02 70       	[r7+8] = 0x2
 1c007a4:    20 00             	csync
 1c007a6:    c4 ff 80 0f 05 fd 	r4 = 4244967296 <_data_load+0xFB04CBD4 : fd050f80 >
 1c007ac:    75 60             	r5 = [r7+0] 
 1c007ae:    dd 17             	r5 = r5.l (s)
 1c007b0:    85 fd 02 00       	ifs (r5 < 0) goto 4 <fl_prog_ram+0x1B0 : 1c007b8 >
 1c007b4:    c4 21             	r4 += 1
 1c007b6:    f4 5a             	if (r4 != 0) goto -12 <fl_prog_ram+0x1A4 : 1c007ac >
 1c007b8:    00 ef 80 7c       	[r7+0] |= 0x4000
 1c007bc:    c0 ef 08 70       	[r7+0] &= 0xFFFFFFF7
 1c007c0:    00 ef 08 70       	[r7+0] |= 0x8
 1c007c4:    c0 ef 80 7d       	[r7+0] &= 0xFFFFEFFF
 1c007c8:    b4 e1 20 08       	r4 = uextra(r0, p:16, l:8)
 1c007cc:    f4 62             	[r7+8] = r4
 1c007ce:    20 00             	csync
 1c007d0:    c4 ff 80 0f 05 fd 	r4 = 4244967296 <_data_load+0xFB04CBD4 : fd050f80 >
 1c007d6:    75 60             	r5 = [r7+0] 
 1c007d8:    dd 17             	r5 = r5.l (s)
 1c007da:    85 fd 02 00       	ifs (r5 < 0) goto 4 <fl_prog_ram+0x1DA : 1c007e2 >
 1c007de:    c4 21             	r4 += 1
 1c007e0:    f4 5a             	if (r4 != 0) goto -12 <fl_prog_ram+0x1CE : 1c007d6 >
 1c007e2:    00 ef 80 7c       	[r7+0] |= 0x4000
 1c007e6:    c0 ef 08 70       	[r7+0] &= 0xFFFFFFF7
 1c007ea:    00 ef 08 70       	[r7+0] |= 0x8
 1c007ee:    c0 ef 80 7d       	[r7+0] &= 0xFFFFEFFF
 1c007f2:    b4 e1 20 04       	r4 = uextra(r0, p:8, l:8)
 1c007f6:    f4 62             	[r7+8] = r4
 1c007f8:    20 00             	csync
 1c007fa:    c4 ff 80 0f 05 fd 	r4 = 4244967296 <_data_load+0xFB04CBD4 : fd050f80 >
 1c00800:    75 60             	r5 = [r7+0] 
 1c00802:    dd 17             	r5 = r5.l (s)
 1c00804:    85 fd 02 00       	ifs (r5 < 0) goto 4 <fl_prog_ram+0x204 : 1c0080c >
 1c00808:    c4 21             	r4 += 1
 1c0080a:    f4 5a             	if (r4 != 0) goto -12 <fl_prog_ram+0x1F8 : 1c00800 >
 1c0080c:    00 ef 80 7c       	[r7+0] |= 0x4000
 1c00810:    c0 ef 08 70       	[r7+0] &= 0xFFFFFFF7
 1c00814:    00 ef 08 70       	[r7+0] |= 0x8
 1c00818:    c0 ef 80 7d       	[r7+0] &= 0xFFFFEFFF
 1c0081c:    d0 ec 79 c0       	[r7+8] = r12
 1c00820:    20 00             	csync
 1c00822:    c4 ff 80 0f 05 fd 	r4 = 4244967296 <_data_load+0xFB04CBD4 : fd050f80 >
 1c00828:    75 60             	r5 = [r7+0] 
 1c0082a:    dd 17             	r5 = r5.l (s)
 1c0082c:    85 fd 02 00       	ifs (r5 < 0) goto 4 <fl_prog_ram+0x22C : 1c00834 >
 1c00830:    c4 21             	r4 += 1
 1c00832:    f4 5a             	if (r4 != 0) goto -12 <fl_prog_ram+0x220 : 1c00828 >
 1c00834:    00 ef 80 7c       	[r7+0] |= 0x4000
 1c00838:    c0 ef 08 70       	[r7+0] &= 0xFFFFFFF7
 1c0083c:    02 5a             	if (r2 == 0) goto 52 <fl_prog_ram+0x26A : 1c00872 >
 1c0083e:    44 20             	r4 = 0
 1c00840:    cc ff 80 0f 05 fd 	r12 = 4244967296 <_data_load+0xFB04CBD4 : fd050f80 >
 1c00846:    d8 ee 10 54       	r5 = b[r1+r4] (u)
 1c0084a:    00 ef 08 70       	[r7+0] |= 0x8
 1c0084e:    c0 ef 80 7d       	[r7+0] &= 0xFFFFEFFF
 1c00852:    f5 62             	[r7+8] = r5
 1c00854:    20 00             	csync
 1c00856:    c5 16             	r5 = r12
 1c00858:    76 60             	r6 = [r7+0] 
 1c0085a:    ee 17             	r6 = r6.l (s)
 1c0085c:    86 fd 02 00       	ifs (r6 < 0) goto 4 <fl_prog_ram+0x25C : 1c00864 >
 1c00860:    c5 21             	r5 += 1
 1c00862:    f5 5a             	if (r5 != 0) goto -12 <fl_prog_ram+0x250 : 1c00858 >
 1c00864:    00 ef 80 7c       	[r7+0] |= 0x4000
 1c00868:    c0 ef 08 70       	[r7+0] &= 0xFFFFFFF7
 1c0086c:    c4 21             	r4 += 1
 1c0086e:    82 e8 ea 41       	if (r4 != r2) goto -44 <fl_prog_ram+0x23E : 1c00846 >
 1c00872:    c2 ef 01 b0       	[r11+8] &= 0xFFFFFFFE
 1c00876:    00 ef 01 b0       	[r11+0] |= 0x1
 1c0087a:    41 2a             	r1 = 10
 1c0087c:    81 25             	[sp+20] = r1
 1c0087e:    01 25             	r1 = [sp+20]
 1c00880:    34 e1 ff 1f       	r4 = r1 + -1
 1c00884:    84 25             	[sp+20] = r4
 1c00886:    f1 5b             	if (r1 != 0) goto -10 <fl_prog_ram+0x276 : 1c0087e >
 1c00888:    c1 ff 00 c0 ff 01 	r1 = 33538048 <bootguard+0x37FFC0 : 1ffc000 >
 1c0088e:    01 18             	r1 += r0
 1c00890:    d0 ec f0 00       	r0 = [r15+0]
 1c00894:    50 e8 fc 71       	if ((r0 & 16384) == 0) goto -8 <fl_prog_ram+0x288 : 1c00890 >
 1c00898:    90 1c             	r0 = r1 + r2
 1c0089a:    71 e1 1f 10       	r1 = r1 & 0xFFFFFFE0
 1c0089e:    00 e9 0a 10       	if (r1 >= r0) goto 20 <fl_prog_ram+0x2AE : 1c008b6 >
 1c008a2:    20 00             	csync
 1c008a4:    31 02             	flushinv [r1]
 1c008a6:    20 00             	csync
 1c008a8:    d0 ec f0 20       	r2 = [r15+0]
 1c008ac:    52 e8 fc 71       	if ((r2 & 16384) == 0) goto -8 <fl_prog_ram+0x2A0 : 1c008a8 >
 1c008b0:    c9 20             	r1 += 32
 1c008b2:    80 e9 f6 11       	if (r1 < r0) goto -20 <fl_prog_ram+0x29A : 1c008a2 >
 1c008b6:    2e e1 04 7c       	r14 = r7 + -5116
 1c008ba:    d0 ec e0 10       	r1 = [r14+0]
 1c008be:    4f e0 0a 00       	r15 = 10 <row+0x6 : a >
 1c008c2:    c4 ff 80 0f 05 fd 	r4 = 4244967296 <_data_load+0xFB04CBD4 : fd050f80 >
 1c008c8:    cc ff 98 a9 03 00 	r12 = 240024 <row+0x3A994 : 3a998 >
 1c008ce:    d0 ec e0 50       	r5 = [r14+0]
 1c008d2:    c2 ef 01 b0       	[r11+8] &= 0xFFFFFFFE
 1c008d6:    c0 ef 01 b0       	[r11+0] &= 0xFFFFFFFE
 1c008da:    d4 e9 19 f0       	[sp+24] = r15
 1c008de:    06 26             	r6 = [sp+24]
 1c008e0:    30 e1 ff 6f       	r0 = r6 + -1
 1c008e4:    80 26             	[sp+24] = r0
 1c008e6:    f6 5b             	if (r6 != 0) goto -10 <fl_prog_ram+0x2D6 : 1c008de >
 1c008e8:    00 ef 08 70       	[r7+0] |= 0x8
 1c008ec:    c0 ef 80 7d       	[r7+0] &= 0xFFFFEFFF
 1c008f0:    42 ea 05 70       	[r7+8] = 0x5
 1c008f4:    20 00             	csync
 1c008f6:    5e 1e             	r6 = r5 - r1
 1c008f8:    45 16             	r5 = r4
 1c008fa:    70 60             	r0 = [r7+0] 
 1c008fc:    88 17             	r0 = r0.l (s)
 1c008fe:    80 fd 02 00       	ifs (r0 < 0) goto 4 <fl_prog_ram+0x2FE : 1c00906 >
 1c00902:    c5 21             	r5 += 1
 1c00904:    f5 5a             	if (r5 != 0) goto -12 <fl_prog_ram+0x2F2 : 1c008fa >
 1c00906:    00 ef 80 7c       	[r7+0] |= 0x4000
 1c0090a:    c0 ef 08 70       	[r7+0] &= 0xFFFFFFF7
 1c0090e:    00 ef 08 70       	[r7+0] |= 0x8
 1c00912:    00 ef 80 7d       	[r7+0] |= 0x1000
 1c00916:    42 ea ff 70       	[r7+8] = 0xFF
 1c0091a:    20 00             	csync
 1c0091c:    45 16             	r5 = r4
 1c0091e:    70 60             	r0 = [r7+0] 
 1c00920:    88 17             	r0 = r0.l (s)
 1c00922:    80 fd 02 00       	ifs (r0 < 0) goto 4 <fl_prog_ram+0x322 : 1c0092a >
 1c00926:    c5 21             	r5 += 1
 1c00928:    f5 5a             	if (r5 != 0) goto -12 <fl_prog_ram+0x316 : 1c0091e >
 1c0092a:    00 ef 80 7c       	[r7+0] |= 0x4000
 1c0092e:    75 62             	r5 = [r7+8] 
 1c00930:    c0 ef 08 70       	[r7+0] &= 0xFFFFFFF7
 1c00934:    c2 ef 01 b0       	[r11+8] &= 0xFFFFFFFE
 1c00938:    00 ef 01 b0       	[r11+0] |= 0x1
 1c0093c:    d4 e9 1d f0       	[sp+28] = r15
 1c00940:    00 27             	r0 = [sp+28]
 1c00942:    32 e1 ff 0f       	r2 = r0 + -1
 1c00946:    82 27             	[sp+28] = r2
 1c00948:    f0 5b             	if (r0 != 0) goto -10 <fl_prog_ram+0x338 : 1c00940 >
 1c0094a:    55 e8 14 00       	if ((r5 & 1) == 0) goto 40 <fl_prog_ram+0x36E : 1c00976 >
 1c0094e:    8c e9 be 61       	if (r6 < r12) goto -132 <fl_prog_ram+0x2C6 : 1c008ce >
 1c00952:    14 3c             	r4 = -4
 1c00954:    04 91             	goto 34 <fl_prog_ram+0x370 : 1c00978 >
 1c00956:    f5 e0 60 0a       	r5 = r0 - 0xE0000
 1c0095a:    14 3f             	r4 = -1
 1c0095c:    28 ff a0 5c 1b 00 	if (r5 > 20480) goto 54 <fl_prog_ram+0x390 : 1c00998 >
 1c00962:    22 fc 19 00       	if (r2 > 256) goto 50 <fl_prog_ram+0x390 : 1c00998 >
 1c00966:    a5 e0 65 0a       	r5 = 0xE5000 - r0
 1c0096a:    36 e1 ff 2f       	r6 = r2 + -1
 1c0096e:    43 ff 00 65 65 fe 	if (r6 < r5) goto -822 <fl_prog_ram+0x36 : 1c0063e >
 1c00974:    04 91             	goto 34 <fl_prog_ram+0x390 : 1c00998 >
 1c00976:    44 20             	r4 = 0
 1c00978:    40 38             	r0 = 24
 1c0097a:    f4 e1 60 00       	r0 = r6 / r0 (u)
 1c0097e:    b0 60             	[r3+0] = r0
 1c00980:    d0 ec 71 80       	[r7+0] = r8
 1c00984:    00 ef 20 90       	[r9+0] |= 0x20
 1c00988:    20 00             	csync
 1c0098a:    d0 ec d0 00       	r0 = [r13+0]
 1c0098e:    80 fd fc 01       	ifs (r0 < 0) goto -8 <fl_prog_ram+0x382 : 1c0098a >
 1c00992:    d0 ec d1 a0       	[r13+0] = r10
 1c00996:    20 00             	csync
 1c00998:    40 16             	r0 = r4
 1c0099a:    02 88             	sp += 32
 1c0099c:    5f 04             	{pc, r15-r4} = [sp++]


fl_read_ram:
 1c0099e:    7b 04             	[--sp] = {rets, r11-r4}
 1c009a0:    e2 9e             	sp += -8
 1c009a2:    c3 ff 08 e0 ee 01 	r3 = 32432136 <bootguard+0x271FC8 : 1eee008 >
 1c009a8:    34 60             	r4 = [r3+0] 
 1c009aa:    54 e8 fd 71       	if ((r4 & 16384) == 0) goto -6 <fl_read_ram+0xA : 1c009a8 >
 1c009ae:    c4 ff 00 02 04 00 	r4 = 262656 <row+0x401FC : 40200 >
 1c009b4:    d0 ec 40 b0       	r11 = [r4+0]
 1c009b8:    60 e0 8e 6b       	r6 = 0x11C00
 1c009bc:    d0 ec 60 a0       	r10 = [r6+0]
 1c009c0:    c0 e1 b8 38       	r3 = r11 >> 8
 1c009c4:    63 e1 0e 30       	r3 = r3 & 0xE
 1c009c8:    47 e1 01 30       	r7 = r3 | 0x1
 1c009cc:    13 3e             	r3 = -2
 1c009ce:    07 f8 b7 0e       	if (r7 == 7) goto 366 <fl_read_ram+0x1A2 : 1c00b40 >
 1c009d2:    20 00             	csync
 1c009d4:    43 60             	r3 = [r4+0] 
 1c009d6:    83 fd fd 01       	ifs (r3 < 0) goto -6 <fl_read_ram+0x36 : 1c009d4 >
 1c009da:    43 20             	r3 = 0
 1c009dc:    c3 60             	[r4+0] = r3
 1c009de:    c8 ff 1c 10 05 00 	r8 = 331804 <row+0x51018 : 5101c >
 1c009e4:    c0 ef 20 80       	[r8+0] &= 0xFFFFFFDF
 1c009e8:    43 f0 29 10       	r3 = 4137  # <row+0x1024 : 1028 >
 1c009ec:    e3 60             		 [r6+0] = r3
 1c009ee:    e3 60             	[r6+0] = r3
 1c009f0:    20 00             	csync
 1c009f2:    39 e1 a4 80       	r9 = r8 + -3932
 1c009f6:    c2 ef 01 90       	[r9+8] &= 0xFFFFFFFE
 1c009fa:    c0 ef 01 90       	[r9+0] &= 0xFFFFFFFE
 1c009fe:    43 2a             	r3 = 10
 1c00a00:    83 20             	[sp] = r3
 1c00a02:    03 20             	r3 = [sp]
 1c00a04:    37 e1 ff 3f       	r7 = r3 + -1
 1c00a08:    87 20             	[sp] = r7
 1c00a0a:    f3 5b             	if (r3 != 0) goto -10 <fl_read_ram+0x64 : 1c00a02 >
 1c00a0c:    00 ef 08 60       	[r6+0] |= 0x8
 1c00a10:    c0 ef 80 6d       	[r6+0] &= 0xFFFFEFFF
 1c00a14:    42 ea 0b 60       	[r6+8] = 0xB
 1c00a18:    20 00             	csync
 1c00a1a:    c3 ff 80 0f 05 fd 	r3 = 4244967296 <_data_load+0xFB04CBD4 : fd050f80 >
 1c00a20:    67 60             	r7 = [r6+0] 
 1c00a22:    ff 17             	r7 = r7.l (s)
 1c00a24:    87 fd 02 00       	ifs (r7 < 0) goto 4 <fl_read_ram+0x8E : 1c00a2c >
 1c00a28:    c3 21             	r3 += 1
 1c00a2a:    f3 5a             	if (r3 != 0) goto -12 <fl_read_ram+0x82 : 1c00a20 >
 1c00a2c:    00 ef 80 6c       	[r6+0] |= 0x4000
 1c00a30:    c0 ef 08 60       	[r6+0] &= 0xFFFFFFF7
 1c00a34:    00 ef 08 60       	[r6+0] |= 0x8
 1c00a38:    c0 ef 80 6d       	[r6+0] &= 0xFFFFEFFF
 1c00a3c:    b3 e1 20 08       	r3 = uextra(r0, p:16, l:8)
 1c00a40:    e3 62             	[r6+8] = r3
 1c00a42:    20 00             	csync
 1c00a44:    c3 ff 80 0f 05 fd 	r3 = 4244967296 <_data_load+0xFB04CBD4 : fd050f80 >
 1c00a4a:    67 60             	r7 = [r6+0] 
 1c00a4c:    ff 17             	r7 = r7.l (s)
 1c00a4e:    87 fd 02 00       	ifs (r7 < 0) goto 4 <fl_read_ram+0xB8 : 1c00a56 >
 1c00a52:    c3 21             	r3 += 1
 1c00a54:    f3 5a             	if (r3 != 0) goto -12 <fl_read_ram+0xAC : 1c00a4a >
 1c00a56:    00 ef 80 6c       	[r6+0] |= 0x4000
 1c00a5a:    c0 ef 08 60       	[r6+0] &= 0xFFFFFFF7
 1c00a5e:    00 ef 08 60       	[r6+0] |= 0x8
 1c00a62:    c0 ef 80 6d       	[r6+0] &= 0xFFFFEFFF
 1c00a66:    b3 e1 20 04       	r3 = uextra(r0, p:8, l:8)
 1c00a6a:    e3 62             	[r6+8] = r3
 1c00a6c:    20 00             	csync
 1c00a6e:    c3 ff 80 0f 05 fd 	r3 = 4244967296 <_data_load+0xFB04CBD4 : fd050f80 >
 1c00a74:    67 60             	r7 = [r6+0] 
 1c00a76:    ff 17             	r7 = r7.l (s)
 1c00a78:    87 fd 02 00       	ifs (r7 < 0) goto 4 <fl_read_ram+0xE2 : 1c00a80 >
 1c00a7c:    c3 21             	r3 += 1
 1c00a7e:    f3 5a             	if (r3 != 0) goto -12 <fl_read_ram+0xD6 : 1c00a74 >
 1c00a80:    00 ef 80 6c       	[r6+0] |= 0x4000
 1c00a84:    c0 ef 08 60       	[r6+0] &= 0xFFFFFFF7
 1c00a88:    00 ef 08 60       	[r6+0] |= 0x8
 1c00a8c:    c0 ef 80 6d       	[r6+0] &= 0xFFFFEFFF
 1c00a90:    00 17             	r0 = r0.b0 (u)
 1c00a92:    e0 62             	[r6+8] = r0
 1c00a94:    20 00             	csync
 1c00a96:    c0 ff 80 0f 05 fd 	r0 = 4244967296 <_data_load+0xFB04CBD4 : fd050f80 >
 1c00a9c:    63 60             	r3 = [r6+0] 
 1c00a9e:    bb 17             	r3 = r3.l (s)
 1c00aa0:    83 fd 02 00       	ifs (r3 < 0) goto 4 <fl_read_ram+0x10A : 1c00aa8 >
 1c00aa4:    c0 21             	r0 += 1
 1c00aa6:    f0 5a             	if (r0 != 0) goto -12 <fl_read_ram+0xFE : 1c00a9c >
 1c00aa8:    00 ef 80 6c       	[r6+0] |= 0x4000
 1c00aac:    c0 ef 08 60       	[r6+0] &= 0xFFFFFFF7
 1c00ab0:    00 ef 08 60       	[r6+0] |= 0x8
 1c00ab4:    c0 ef 80 6d       	[r6+0] &= 0xFFFFEFFF
 1c00ab8:    42 ea ff 60       	[r6+8] = 0xFF
 1c00abc:    20 00             	csync
 1c00abe:    c0 ff 80 0f 05 fd 	r0 = 4244967296 <_data_load+0xFB04CBD4 : fd050f80 >
 1c00ac4:    63 60             	r3 = [r6+0] 
 1c00ac6:    bb 17             	r3 = r3.l (s)
 1c00ac8:    83 fd 02 00       	ifs (r3 < 0) goto 4 <fl_read_ram+0x132 : 1c00ad0 >
 1c00acc:    c0 21             	r0 += 1
 1c00ace:    f0 5a             	if (r0 != 0) goto -12 <fl_read_ram+0x126 : 1c00ac4 >
 1c00ad0:    00 ef 80 6c       	[r6+0] |= 0x4000
 1c00ad4:    c0 ef 08 60       	[r6+0] &= 0xFFFFFFF7
 1c00ad8:    02 5c             	if (r2 == 0) goto 56 <fl_read_ram+0x174 : 1c00b12 >
 1c00ada:    40 20             	r0 = 0
 1c00adc:    c7 ff 80 0f 05 fd 	r7 = 4244967296 <_data_load+0xFB04CBD4 : fd050f80 >
 1c00ae2:    00 ef 08 60       	[r6+0] |= 0x8
 1c00ae6:    00 ef 80 6d       	[r6+0] |= 0x1000
 1c00aea:    42 ea ff 60       	[r6+8] = 0xFF
 1c00aee:    20 00             	csync
 1c00af0:    73 16             	r3 = r7
 1c00af2:    65 60             	r5 = [r6+0] 
 1c00af4:    dd 17             	r5 = r5.l (s)
 1c00af6:    85 fd 02 00       	ifs (r5 < 0) goto 4 <fl_read_ram+0x160 : 1c00afe >
 1c00afa:    c3 21             	r3 += 1
 1c00afc:    f3 5a             	if (r3 != 0) goto -12 <fl_read_ram+0x154 : 1c00af2 >
 1c00afe:    00 ef 80 6c       	[r6+0] |= 0x4000
 1c00b02:    63 62             	r3 = [r6+8] 
 1c00b04:    c0 ef 08 60       	[r6+0] &= 0xFFFFFFF7
 1c00b08:    d8 ee 11 30       	b[r1+r0] = r3
 1c00b0c:    c0 21             	r0 += 1
 1c00b0e:    82 e8 e8 01       	if (r0 != r2) goto -48 <fl_read_ram+0x144 : 1c00ae2 >
 1c00b12:    c2 ef 01 90       	[r9+8] &= 0xFFFFFFFE
 1c00b16:    00 ef 01 90       	[r9+0] |= 0x1
 1c00b1a:    40 2a             	r0 = 10
 1c00b1c:    80 21             	[sp+4] = r0
 1c00b1e:    00 21             	r0 = [sp+4]
 1c00b20:    31 e1 ff 0f       	r1 = r0 + -1
 1c00b24:    81 21             	[sp+4] = r1
 1c00b26:    f0 5b             	if (r0 != 0) goto -10 <fl_read_ram+0x180 : 1c00b1e >
 1c00b28:    d0 ec 61 a0       	[r6+0] = r10
 1c00b2c:    00 ef 20 80       	[r8+0] |= 0x20
 1c00b30:    20 00             	csync
 1c00b32:    40 60             	r0 = [r4+0] 
 1c00b34:    80 fd fd 01       	ifs (r0 < 0) goto -6 <fl_read_ram+0x194 : 1c00b32 >
 1c00b38:    d0 ec 41 b0       	[r4+0] = r11
 1c00b3c:    20 00             	csync
 1c00b3e:    43 20             	r3 = 0
 1c00b40:    30 16             	r0 = r3
 1c00b42:    02 82             	sp += 8
 1c00b44:    5b 04             	{pc, r11-r4} = [sp++]
 1c00b46:    00 00             	nop

